match_id,mapid,is_team_game,playlist_id,game_variant_id,is_match_over,completion_date,match_duration,game_mode,map_variant_id
11de1a94-8d07-4162-9f5f-d3cc753c811c,c7edbf0f-f206-11e4-aa52-24be05e24f7e,true,f72e0ef0-7c4a-4307-af78-8e38dac3fdba,1e473914-46e4-408d-af26-178fb115de76,true,2016-02-22 00:00:00.000000,,,
d3643e71-3e51-43e6-a200-f4a7f306ac12,cb914b9e-f206-11e4-b447-24be05e24f7e,false,d0766624-dbd7-4536-ba39-2d890a6143a9,257a305e-4dd3-41f1-9824-dfe7e8bd59e1,true,2016-02-14 00:00:00.000000,,,
d78d2aae-36e4-48ac-a3b5-6d4d90f90ace,c7edbf0f-f206-11e4-aa52-24be05e24f7e,true,f72e0ef0-7c4a-4307-af78-8e38dac3fdba,1e473914-46e4-408d-af26-178fb115de76,true,2016-03-24 00:00:00.000000,,,55e5ee2e-88df-4657-b9ae-b6ec7ca64614
b440069e-ec5f-4f51-bdd1-bc0bc7fe1195,c7edbf0f-f206-11e4-aa52-24be05e24f7e,true,f72e0ef0-7c4a-4307-af78-8e38dac3fdba,1e473914-46e4-408d-af26-178fb115de76,true,2015-12-23 00:00:00.000000,,,ec3eef73-13e3-4d4b-a922-cc195109a842
1dd475fc-ee6b-4e1d-8140-c44d03812076,c93d708f-f206-11e4-a815-24be05e24f7e,true,0e39ead4-383b-4452-bbd4-babb7becd82e,42f97cca-2cb4-497a-a0fd-ceef1ba46bcc,true,2016-04-07 00:00:00.000000,,,
848f02ad-72ef-4792-9914-9673245c5f07,cbcea2c0-f206-11e4-8c4a-24be05e24f7e,true,2323b76a-db98-4e03-aa37-e171cfbdd1a4,257a305e-4dd3-41f1-9824-dfe7e8bd59e1,true,2016-03-17 00:00:00.000000,,,
e207adc1-4d7a-43ab-9854-071d7e7b68ba,cc74f4e1-f206-11e4-ad66-24be05e24f7e,true,2323b76a-db98-4e03-aa37-e171cfbdd1a4,257a305e-4dd3-41f1-9824-dfe7e8bd59e1,true,2016-04-05 00:00:00.000000,,,
1fb5c2ec-ca60-4342-826f-1ab60ea06ca2,ca737f8f-f206-11e4-a7e2-24be05e24f7e,true,bc0f8ad6-31e6-4a18-87d9-ad5a2dbc8212,257a305e-4dd3-41f1-9824-dfe7e8bd59e1,true,2015-12-16 00:00:00.000000,,,
54f1cbd2-2be6-4d5f-bd9e-24f1361d66f7,cbcea2c0-f206-11e4-8c4a-24be05e24f7e,,892189e9-d712-4bdb-afa7-1ccab43fbed4,257a305e-4dd3-41f1-9824-dfe7e8bd59e1,,2016-02-04 00:00:00.000000,,,7108c409-6d1e-41d1-aca2-53b5218fbc3d
9e079488-1355-4c61-8acd-b8667bc48caf,c74c9d0f-f206-11e4-8330-24be05e24f7e,true,0bcf2be1-3168-4e42-9fb5-3551d7dbce77,b45854a7-e6e1-4a9c-9104-139934511779,true,2015-11-22 00:00:00.000000,,,1c632c30-3994-4443-aa6b-41d58352eb60
e17af58c-ee3d-4a7f-9319-ad23bb4cada0,cbcea2c0-f206-11e4-8c4a-24be05e24f7e,,2323b76a-db98-4e03-aa37-e171cfbdd1a4,257a305e-4dd3-41f1-9824-dfe7e8bd59e1,,2016-02-04 00:00:00.000000,,,7108c409-6d1e-41d1-aca2-53b5218fbc3d
22027c64-d45a-48a7-8c41-3a800fb31276,ca737f8f-f206-11e4-a7e2-24be05e24f7e,,d0766624-dbd7-4536-ba39-2d890a6143a9,257a305e-4dd3-41f1-9824-dfe7e8bd59e1,,2016-02-04 00:00:00.000000,,,1ebdebca-e1f8-48f5-9bdd-3723bc431c9a
8483565b-14d1-4600-beda-8bd1bbdcdeb0,c7805740-f206-11e4-982c-24be05e24f7e,,f72e0ef0-7c4a-4307-af78-8e38dac3fdba,1e473914-46e4-408d-af26-178fb115de76,,2016-02-04 00:00:00.000000,,,b5f6104e-3a99-438e-af4e-8a4861ed56a0
bc8f0d7a-cf4b-4a27-bed4-997fe47edcb8,c7edbf0f-f206-11e4-aa52-24be05e24f7e,,f72e0ef0-7c4a-4307-af78-8e38dac3fdba,1e473914-46e4-408d-af26-178fb115de76,,2016-02-04 00:00:00.000000,,,7248ebbd-cd40-4563-863f-053004074973
f60f9d91-42c9-4a08-b702-b9570432fd59,cdb934b0-f206-11e4-8810-24be05e24f7e,,f72e0ef0-7c4a-4307-af78-8e38dac3fdba,1e473914-46e4-408d-af26-178fb115de76,,2016-02-04 00:00:00.000000,,,
ad4a5b9d-7127-4047-b9ab-101bb6008c81,c7edbf0f-f206-11e4-aa52-24be05e24f7e,true,f72e0ef0-7c4a-4307-af78-8e38dac3fdba,1e473914-46e4-408d-af26-178fb115de76,true,2016-02-13 00:00:00.000000,,,d591e5ba-a0db-4bfa-a376-2062667c8134
f44c9997-eb6f-4d62-bbd4-241351d84f5c,ce1dc2de-f206-11e4-a646-24be05e24f7e,true,0504ca3c-de41-48f3-b9c8-3aab534d69e5,b0df8938-0fb6-42ee-846f-a0c3593344d5,true,2016-02-28 00:00:00.000000,,,d5a6277a-96d5-499b-aa52-94935ca39fad
5d8c7557-5347-4514-82db-a4a605aefc84,cdb934b0-f206-11e4-8810-24be05e24f7e,,d0766624-dbd7-4536-ba39-2d890a6143a9,257a305e-4dd3-41f1-9824-dfe7e8bd59e1,,2016-02-04 00:00:00.000000,,,
89b24a08-8588-4645-8ee8-bc72772b78b3,cdb934b0-f206-11e4-8810-24be05e24f7e,,d0766624-dbd7-4536-ba39-2d890a6143a9,257a305e-4dd3-41f1-9824-dfe7e8bd59e1,,2016-02-04 00:00:00.000000,,,
01805fa5-bd7c-4624-a66c-1405b2b0aeba,cdb934b0-f206-11e4-8810-24be05e24f7e,,f72e0ef0-7c4a-4307-af78-8e38dac3fdba,1e473914-46e4-408d-af26-178fb115de76,,2016-02-04 00:00:00.000000,,,
f112659c-994c-48f7-925b-f422d65761d5,c7edbf0f-f206-11e4-aa52-24be05e24f7e,,f72e0ef0-7c4a-4307-af78-8e38dac3fdba,1e473914-46e4-408d-af26-178fb115de76,,2016-02-04 00:00:00.000000,,,
13013402-809c-4d7b-8667-11430fc0644b,c7edbf0f-f206-11e4-aa52-24be05e24f7e,,f72e0ef0-7c4a-4307-af78-8e38dac3fdba,1e473914-46e4-408d-af26-178fb115de76,,2016-02-04 00:00:00.000000,,,0dcd74a0-769c-4601-bb94-0daa8b1ee60e
5526fb80-61b3-4a5a-bd62-750e10674082,c7edbf0f-f206-11e4-aa52-24be05e24f7e,,f72e0ef0-7c4a-4307-af78-8e38dac3fdba,1e473914-46e4-408d-af26-178fb115de76,,2016-01-30 00:00:00.000000,,,
99daad2e-50df-402e-be80-dc00f855f578,c7edbf0f-f206-11e4-aa52-24be05e24f7e,,f72e0ef0-7c4a-4307-af78-8e38dac3fdba,1e473914-46e4-408d-af26-178fb115de76,,2016-01-30 00:00:00.000000,,,
5650cad9-17c8-422b-bb56-c7d52aa2326c,c7edbf0f-f206-11e4-aa52-24be05e24f7e,,f72e0ef0-7c4a-4307-af78-8e38dac3fdba,1e473914-46e4-408d-af26-178fb115de76,,2016-01-30 00:00:00.000000,,,
26bf5a48-7cf8-46ce-8f64-da4683c99da5,c7edbf0f-f206-11e4-aa52-24be05e24f7e,,f72e0ef0-7c4a-4307-af78-8e38dac3fdba,1e473914-46e4-408d-af26-178fb115de76,,2016-02-04 00:00:00.000000,,,
a72b4f1b-9171-4702-b860-30dde5525180,c7edbf0f-f206-11e4-aa52-24be05e24f7e,,f72e0ef0-7c4a-4307-af78-8e38dac3fdba,1e473914-46e4-408d-af26-178fb115de76,,2016-02-04 00:00:00.000000,,,1db69ba6-531f-4b3e-a691-96c7f750cb9f
f0f2daf2-52f3-4ff9-bb2d-ff348270cde2,cbcea2c0-f206-11e4-8c4a-24be05e24f7e,,2323b76a-db98-4e03-aa37-e171cfbdd1a4,257a305e-4dd3-41f1-9824-dfe7e8bd59e1,,2016-02-04 00:00:00.000000,,,7108c409-6d1e-41d1-aca2-53b5218fbc3d
b21ff11b-9911-4ab7-bc48-6072410abc73,c7edbf0f-f206-11e4-aa52-24be05e24f7e,true,f72e0ef0-7c4a-4307-af78-8e38dac3fdba,1e473914-46e4-408d-af26-178fb115de76,true,2015-12-23 00:00:00.000000,,,9b1c13eb-5ca8-4695-b0da-3fe4859972b1
4b6bbb02-d57a-403a-a3b6-02937498aa5a,c7edbf0f-f206-11e4-aa52-24be05e24f7e,,f72e0ef0-7c4a-4307-af78-8e38dac3fdba,1e473914-46e4-408d-af26-178fb115de76,,2016-01-30 00:00:00.000000,,,011eaa34-3f05-4801-8f8f-38d21f6aba83
4687fc34-8482-4cff-a9ef-8804cffbda58,c7805740-f206-11e4-982c-24be05e24f7e,,f72e0ef0-7c4a-4307-af78-8e38dac3fdba,1e473914-46e4-408d-af26-178fb115de76,,2016-02-04 00:00:00.000000,,,b5f6104e-3a99-438e-af4e-8a4861ed56a0
de523257-6c6d-43e7-976c-444ff8c9f0a0,cbcea2c0-f206-11e4-8c4a-24be05e24f7e,,2323b76a-db98-4e03-aa37-e171cfbdd1a4,257a305e-4dd3-41f1-9824-dfe7e8bd59e1,,2016-02-04 00:00:00.000000,,,7108c409-6d1e-41d1-aca2-53b5218fbc3d
2e48f50a-4f25-4a73-b3e4-c6c3850ad22b,ca737f8f-f206-11e4-a7e2-24be05e24f7e,,d0766624-dbd7-4536-ba39-2d890a6143a9,257a305e-4dd3-41f1-9824-dfe7e8bd59e1,,2016-02-04 00:00:00.000000,,,1ebdebca-e1f8-48f5-9bdd-3723bc431c9a
05a77395-fcfa-4ecf-a010-07b308e6156a,cdee4e70-f206-11e4-87a2-24be05e24f7e,,d0766624-dbd7-4536-ba39-2d890a6143a9,257a305e-4dd3-41f1-9824-dfe7e8bd59e1,,2016-02-04 00:00:00.000000,,,4447ef2c-e147-4f00-93fb-35e6afd88a7f
6ac45b03-a809-40d0-abe1-e325f1edffd2,ce1dc2de-f206-11e4-a646-24be05e24f7e,,2323b76a-db98-4e03-aa37-e171cfbdd1a4,257a305e-4dd3-41f1-9824-dfe7e8bd59e1,,2016-02-04 00:00:00.000000,,,
de33aa77-5f4d-4348-b986-c2dba100b8c6,cbcea2c0-f206-11e4-8c4a-24be05e24f7e,,2323b76a-db98-4e03-aa37-e171cfbdd1a4,257a305e-4dd3-41f1-9824-dfe7e8bd59e1,,2016-02-04 00:00:00.000000,,,
d6d11d94-e108-42d5-99fd-21a7044af970,c89dae21-f206-11e4-a1c2-24be05e24f7e,true,0e39ead4-383b-4452-bbd4-babb7becd82e,42f97cca-2cb4-497a-a0fd-ceef1ba46bcc,true,2016-02-28 00:00:00.000000,,,
8aec419e-2bfa-4fc1-923e-5a7a4e0018b3,c7edbf0f-f206-11e4-aa52-24be05e24f7e,true,f72e0ef0-7c4a-4307-af78-8e38dac3fdba,1e473914-46e4-408d-af26-178fb115de76,true,2016-01-07 00:00:00.000000,,,ec3eef73-13e3-4d4b-a922-cc195109a842
acfcff5c-01ec-48ee-8d34-02fe78e30e7b,cebd854f-f206-11e4-b46e-24be05e24f7e,,2323b76a-db98-4e03-aa37-e171cfbdd1a4,257a305e-4dd3-41f1-9824-dfe7e8bd59e1,,2016-01-27 00:00:00.000000,,,a0d3113a-44a2-4d86-9c16-58eca63427a2
fb6e2378-b0c7-46df-aebc-bce21e749f0c,c96ff240-f206-11e4-b581-24be05e24f7e,true,b50c4dc2-6c86-4d79-aa8a-23a65da292c6,f6de5351-3797-41e9-8053-7fb111a3a1a0,true,2016-04-10 00:00:00.000000,,,
b05b0b30-9387-448d-8f09-341849854c37,c7edbf0f-f206-11e4-aa52-24be05e24f7e,true,f72e0ef0-7c4a-4307-af78-8e38dac3fdba,1e473914-46e4-408d-af26-178fb115de76,true,2015-12-23 00:00:00.000000,,,
40f27b2b-2da3-4aaa-abc9-43bc6e153082,caacb800-f206-11e4-81ab-24be05e24f7e,true,2323b76a-db98-4e03-aa37-e171cfbdd1a4,257a305e-4dd3-41f1-9824-dfe7e8bd59e1,true,2016-03-17 00:00:00.000000,,,
90604fce-9832-4890-b02a-dfc5f3d926fb,cdb934b0-f206-11e4-8810-24be05e24f7e,true,2323b76a-db98-4e03-aa37-e171cfbdd1a4,257a305e-4dd3-41f1-9824-dfe7e8bd59e1,true,2016-04-05 00:00:00.000000,,,
571b3650-f60b-4d4a-9ba4-bdf29b9a8927,c74c9d0f-f206-11e4-8330-24be05e24f7e,true,2323b76a-db98-4e03-aa37-e171cfbdd1a4,257a305e-4dd3-41f1-9824-dfe7e8bd59e1,true,2016-04-10 00:00:00.000000,,,
086f7400-0d05-41b0-af78-f18e032d69f9,cdb934b0-f206-11e4-8810-24be05e24f7e,true,2323b76a-db98-4e03-aa37-e171cfbdd1a4,257a305e-4dd3-41f1-9824-dfe7e8bd59e1,true,2016-04-17 00:00:00.000000,,,
8805cec4-f4a3-4970-bbaf-10e4cfa41ead,cd844200-f206-11e4-9393-24be05e24f7e,true,892189e9-d712-4bdb-afa7-1ccab43fbed4,257a305e-4dd3-41f1-9824-dfe7e8bd59e1,true,2016-05-30 00:00:00.000000,,,
12224d99-e9d7-4c36-ba2d-309321567cfc,c7edbf0f-f206-11e4-aa52-24be05e24f7e,true,f72e0ef0-7c4a-4307-af78-8e38dac3fdba,1e473914-46e4-408d-af26-178fb115de76,true,2016-03-31 00:00:00.000000,,,
c6f24b65-bb73-4890-8f35-ff13c7dffaaa,cebd854f-f206-11e4-b46e-24be05e24f7e,,c98949ae-60a8-43dc-85d7-0feb0b92e719,1e473914-46e4-408d-af26-178fb115de76,,2016-01-26 00:00:00.000000,,,7859337f-286d-4eeb-b370-00da1f191343
1e96e6de-41fd-4ea3-b0b4-aab51167e9d8,c7edbf0f-f206-11e4-aa52-24be05e24f7e,true,f72e0ef0-7c4a-4307-af78-8e38dac3fdba,1e473914-46e4-408d-af26-178fb115de76,true,2016-01-16 00:00:00.000000,,,
a868eb4e-8b58-4e6b-9c13-6ddd436a3dc5,c7805740-f206-11e4-982c-24be05e24f7e,true,f72e0ef0-7c4a-4307-af78-8e38dac3fdba,1e473914-46e4-408d-af26-178fb115de76,true,2016-02-02 00:00:00.000000,,,
79cf7c8b-e0e8-4c0f-960e-dc1d782e0041,cc040aa1-f206-11e4-a3e0-24be05e24f7e,true,2323b76a-db98-4e03-aa37-e171cfbdd1a4,257a305e-4dd3-41f1-9824-dfe7e8bd59e1,true,2016-04-30 00:00:00.000000,,,
4992b720-ef20-4cf2-9974-febb33026c4c,c7edbf0f-f206-11e4-aa52-24be05e24f7e,,f72e0ef0-7c4a-4307-af78-8e38dac3fdba,1e473914-46e4-408d-af26-178fb115de76,,2016-01-30 00:00:00.000000,,,a84efc91-4b29-467d-8aff-ddf6fce28215
95e2a326-930a-4b2a-ba25-af8c8e0cdbf4,cbcea2c0-f206-11e4-8c4a-24be05e24f7e,,c98949ae-60a8-43dc-85d7-0feb0b92e719,257a305e-4dd3-41f1-9824-dfe7e8bd59e1,,2016-01-26 00:00:00.000000,,,7108c409-6d1e-41d1-aca2-53b5218fbc3d
d58d1008-0e29-4be7-8c17-b061d80bfb1e,c7edbf0f-f206-11e4-aa52-24be05e24f7e,,f72e0ef0-7c4a-4307-af78-8e38dac3fdba,1e473914-46e4-408d-af26-178fb115de76,,2016-01-30 00:00:00.000000,,,1db69ba6-531f-4b3e-a691-96c7f750cb9f
d93d770b-6c4f-41e7-81d0-766d58b1329a,cdb934b0-f206-11e4-8810-24be05e24f7e,,f72e0ef0-7c4a-4307-af78-8e38dac3fdba,1e473914-46e4-408d-af26-178fb115de76,,2016-01-26 00:00:00.000000,,,3f7243ad-3099-4ff9-9e05-157b1ca5c2b5
965dc740-dfc7-4df0-818f-8cb897062eb7,caacb800-f206-11e4-81ab-24be05e24f7e,,c98949ae-60a8-43dc-85d7-0feb0b92e719,1571fdac-e0b4-4ebc-a73a-6e13001b71d3,,2016-01-26 00:00:00.000000,,,7b3d8014-6ac0-4cd2-aa00-21f4c2b0a27f
a3c79d21-291d-4018-a319-9f5c4243e93b,cdb934b0-f206-11e4-8810-24be05e24f7e,,c98949ae-60a8-43dc-85d7-0feb0b92e719,1e473914-46e4-408d-af26-178fb115de76,,2016-01-26 00:00:00.000000,,,53a3bf33-f1c9-436e-a0ca-a6252e2970a9
90891710-34c7-487b-942f-cbc036ce5d0e,c7edbf0f-f206-11e4-aa52-24be05e24f7e,,f72e0ef0-7c4a-4307-af78-8e38dac3fdba,1e473914-46e4-408d-af26-178fb115de76,,2016-01-26 00:00:00.000000,,,
71295c28-6ddf-47f5-a7e8-ec54433a6cbd,cc040aa1-f206-11e4-a3e0-24be05e24f7e,,892189e9-d712-4bdb-afa7-1ccab43fbed4,257a305e-4dd3-41f1-9824-dfe7e8bd59e1,,2016-01-27 00:00:00.000000,,,116f6d70-2795-4e6a-9138-2551f8f1b7e4
d4295bfd-ae8c-4935-b4ba-8a3483c9517e,c7edbf0f-f206-11e4-aa52-24be05e24f7e,,f72e0ef0-7c4a-4307-af78-8e38dac3fdba,1e473914-46e4-408d-af26-178fb115de76,,2016-01-26 00:00:00.000000,,,
77353d04-e243-4405-b905-b70634f13742,c7edbf0f-f206-11e4-aa52-24be05e24f7e,,f72e0ef0-7c4a-4307-af78-8e38dac3fdba,1e473914-46e4-408d-af26-178fb115de76,,2016-01-27 00:00:00.000000,,,0dcd74a0-769c-4601-bb94-0daa8b1ee60e
39efe105-9164-4728-b095-2e606ae7c797,cd844200-f206-11e4-9393-24be05e24f7e,,c98949ae-60a8-43dc-85d7-0feb0b92e719,1571fdac-e0b4-4ebc-a73a-6e13001b71d3,,2016-01-26 00:00:00.000000,,,
c960df96-05a9-4d85-9d30-52fb8474233d,ce1dc2de-f206-11e4-a646-24be05e24f7e,,c98949ae-60a8-43dc-85d7-0feb0b92e719,a2949322-dc84-45ab-8454-cf94fb28c189,,2016-01-26 00:00:00.000000,,,
467baba8-a360-459c-b508-c034d141acb9,cebd854f-f206-11e4-b46e-24be05e24f7e,,892189e9-d712-4bdb-afa7-1ccab43fbed4,257a305e-4dd3-41f1-9824-dfe7e8bd59e1,,2016-01-27 00:00:00.000000,,,
7fa64d90-0491-4903-86a1-6af3be878c92,c7805740-f206-11e4-982c-24be05e24f7e,,f72e0ef0-7c4a-4307-af78-8e38dac3fdba,1e473914-46e4-408d-af26-178fb115de76,,2016-01-27 00:00:00.000000,,,
e440843f-625c-4dcb-ab23-f81ef886bf1d,c74c9d0f-f206-11e4-8330-24be05e24f7e,,2323b76a-db98-4e03-aa37-e171cfbdd1a4,257a305e-4dd3-41f1-9824-dfe7e8bd59e1,,2016-01-27 00:00:00.000000,,,
46a4c40c-eaab-421d-807f-8c2d6f87e817,cd844200-f206-11e4-9393-24be05e24f7e,,c98949ae-60a8-43dc-85d7-0feb0b92e719,1571fdac-e0b4-4ebc-a73a-6e13001b71d3,,2016-01-26 00:00:00.000000,,,
cf143d75-22f2-4747-9ea1-a33a07c6158b,caacb800-f206-11e4-81ab-24be05e24f7e,,c98949ae-60a8-43dc-85d7-0feb0b92e719,257a305e-4dd3-41f1-9824-dfe7e8bd59e1,,2016-01-26 00:00:00.000000,,,
c84d17a2-3d5a-4c7e-a325-4dfec9ee9e23,c7805740-f206-11e4-982c-24be05e24f7e,,f72e0ef0-7c4a-4307-af78-8e38dac3fdba,1e473914-46e4-408d-af26-178fb115de76,,2016-01-30 00:00:00.000000,,,
9a32754c-3320-4c25-8ec2-8f52ccdd87f6,cc040aa1-f206-11e4-a3e0-24be05e24f7e,,d0766624-dbd7-4536-ba39-2d890a6143a9,257a305e-4dd3-41f1-9824-dfe7e8bd59e1,,2016-01-29 00:00:00.000000,,,
5ba4a2e0-29cc-4cc9-9653-cd97ac5f23c4,cd844200-f206-11e4-9393-24be05e24f7e,,c98949ae-60a8-43dc-85d7-0feb0b92e719,257a305e-4dd3-41f1-9824-dfe7e8bd59e1,,2016-01-28 00:00:00.000000,,,
dca0017c-b2bf-485a-ab48-203ba5e2c270,cb914b9e-f206-11e4-b447-24be05e24f7e,,c98949ae-60a8-43dc-85d7-0feb0b92e719,257a305e-4dd3-41f1-9824-dfe7e8bd59e1,,2016-01-28 00:00:00.000000,,,
024a6da0-74fe-47d9-898b-8dbb77ab4ace,caacb800-f206-11e4-81ab-24be05e24f7e,,892189e9-d712-4bdb-afa7-1ccab43fbed4,257a305e-4dd3-41f1-9824-dfe7e8bd59e1,,2016-01-27 00:00:00.000000,,,
2d3b58fc-e913-4426-9964-6ad37e85d401,cb914b9e-f206-11e4-b447-24be05e24f7e,,892189e9-d712-4bdb-afa7-1ccab43fbed4,257a305e-4dd3-41f1-9824-dfe7e8bd59e1,,2016-01-27 00:00:00.000000,,,
341ede74-f260-450c-9be5-57dc7ad3027f,c7edbf0f-f206-11e4-aa52-24be05e24f7e,,f72e0ef0-7c4a-4307-af78-8e38dac3fdba,1e473914-46e4-408d-af26-178fb115de76,,2016-01-26 00:00:00.000000,,,1f5bdff2-cea6-4ffe-be41-7c6801159fb7
af7f7136-cf1c-4f2a-9a24-be78325f8619,c7edbf0f-f206-11e4-aa52-24be05e24f7e,true,f72e0ef0-7c4a-4307-af78-8e38dac3fdba,1e473914-46e4-408d-af26-178fb115de76,true,2016-03-17 00:00:00.000000,,,0d525fc8-97ea-4176-98b4-aba3c5d03fc1
df9f097f-a074-4ece-9416-82547735dfb0,c96ff240-f206-11e4-b581-24be05e24f7e,true,b50c4dc2-6c86-4d79-aa8a-23a65da292c6,f6de5351-3797-41e9-8053-7fb111a3a1a0,true,2016-02-28 00:00:00.000000,,,
39c14bb7-2a3c-44ca-b4ea-c2fd1873ec51,cd844200-f206-11e4-9393-24be05e24f7e,,c98949ae-60a8-43dc-85d7-0feb0b92e719,1571fdac-e0b4-4ebc-a73a-6e13001b71d3,,2016-01-25 00:00:00.000000,,,9b3a23cd-8562-49d7-bf88-36b927f3e9c3
d11a43aa-8f60-4d2b-96bb-2b1797bb6a1a,c8d69870-f206-11e4-b477-24be05e24f7e,true,b50c4dc2-6c86-4d79-aa8a-23a65da292c6,f6de5351-3797-41e9-8053-7fb111a3a1a0,true,2016-04-10 00:00:00.000000,,,
5002662f-05c0-44c4-accf-52336d394d10,ca737f8f-f206-11e4-a7e2-24be05e24f7e,true,2323b76a-db98-4e03-aa37-e171cfbdd1a4,257a305e-4dd3-41f1-9824-dfe7e8bd59e1,true,2016-03-17 00:00:00.000000,,,
ece43f80-f229-44cd-a9b1-6a65cb6cc087,caacb800-f206-11e4-81ab-24be05e24f7e,true,2323b76a-db98-4e03-aa37-e171cfbdd1a4,257a305e-4dd3-41f1-9824-dfe7e8bd59e1,true,2016-04-05 00:00:00.000000,,,
d312982c-ab8e-4c45-b73e-8571635c8a81,cdb934b0-f206-11e4-8810-24be05e24f7e,true,2323b76a-db98-4e03-aa37-e171cfbdd1a4,257a305e-4dd3-41f1-9824-dfe7e8bd59e1,true,2016-04-10 00:00:00.000000,,,
73cad773-92df-49d0-bcbe-156b801bcf6b,c7edbf0f-f206-11e4-aa52-24be05e24f7e,true,f72e0ef0-7c4a-4307-af78-8e38dac3fdba,1e473914-46e4-408d-af26-178fb115de76,true,2015-12-23 00:00:00.000000,,,
068e12c6-198b-40da-85c2-c504a3dbbc80,c7edbf0f-f206-11e4-aa52-24be05e24f7e,true,f72e0ef0-7c4a-4307-af78-8e38dac3fdba,1e473914-46e4-408d-af26-178fb115de76,true,2015-11-27 00:00:00.000000,,,
7124ae32-3a2b-44ea-9d38-81e207a769c3,cc040aa1-f206-11e4-a3e0-24be05e24f7e,true,2323b76a-db98-4e03-aa37-e171cfbdd1a4,257a305e-4dd3-41f1-9824-dfe7e8bd59e1,true,2016-04-16 00:00:00.000000,,,
003218a6-bc5f-4270-9ee6-78559b9a3b44,cd844200-f206-11e4-9393-24be05e24f7e,,2323b76a-db98-4e03-aa37-e171cfbdd1a4,257a305e-4dd3-41f1-9824-dfe7e8bd59e1,,2016-01-26 00:00:00.000000,,,f6a9109c-a401-41c8-b0a8-bba9233c1d89
46a4d1b5-df3d-4e84-bfb9-36c182c4befe,cdee4e70-f206-11e4-87a2-24be05e24f7e,true,c98949ae-60a8-43dc-85d7-0feb0b92e719,b0df8938-0fb6-42ee-846f-a0c3593344d5,true,2016-04-03 00:00:00.000000,,,
071c914f-7d7d-4d76-a028-5698a380a6c8,cd844200-f206-11e4-9393-24be05e24f7e,true,bc0f8ad6-31e6-4a18-87d9-ad5a2dbc8212,257a305e-4dd3-41f1-9824-dfe7e8bd59e1,true,2015-12-27 00:00:00.000000,,,cc5818de-fabc-4a05-8579-a1617f27a9dc
105dece9-84eb-46b4-b9bd-33a223b2d60a,c74c9d0f-f206-11e4-8330-24be05e24f7e,,2323b76a-db98-4e03-aa37-e171cfbdd1a4,257a305e-4dd3-41f1-9824-dfe7e8bd59e1,,2016-01-26 00:00:00.000000,,,27a66611-b3aa-4a3d-bf6d-a1c3bf688b93
5ba35341-de07-4ea0-be4a-1e200c4ed098,c7edbf0f-f206-11e4-aa52-24be05e24f7e,true,f72e0ef0-7c4a-4307-af78-8e38dac3fdba,1e473914-46e4-408d-af26-178fb115de76,true,2016-01-18 00:00:00.000000,,,b0fbb56f-c5ef-4eb4-bf43-d00d1618f34d
8d4494dc-9283-4aa8-95b1-145526281ed5,c74c9d0f-f206-11e4-8330-24be05e24f7e,,2323b76a-db98-4e03-aa37-e171cfbdd1a4,257a305e-4dd3-41f1-9824-dfe7e8bd59e1,,2016-01-24 00:00:00.000000,,,
2fbb3b97-f329-4e83-8517-26257fa51826,c7edbf0f-f206-11e4-aa52-24be05e24f7e,true,f72e0ef0-7c4a-4307-af78-8e38dac3fdba,1e473914-46e4-408d-af26-178fb115de76,true,2016-01-08 00:00:00.000000,,,ec3eef73-13e3-4d4b-a922-cc195109a842
8df94631-bad3-4da2-a96b-a6104e392d90,cdb934b0-f206-11e4-8810-24be05e24f7e,,c98949ae-60a8-43dc-85d7-0feb0b92e719,1571fdac-e0b4-4ebc-a73a-6e13001b71d3,,2016-01-25 00:00:00.000000,,,abdf6539-5bf6-4163-b3fe-cedfd5e10abc
f143a826-fad7-4768-bacf-ffd75daea087,c7edbf0f-f206-11e4-aa52-24be05e24f7e,,f72e0ef0-7c4a-4307-af78-8e38dac3fdba,1e473914-46e4-408d-af26-178fb115de76,,2016-01-26 00:00:00.000000,,,
b0534a40-8ccb-4af0-a986-fd164c7bbb14,ce1dc2de-f206-11e4-a646-24be05e24f7e,true,5728f612-3f20-4459-98bd-3478c79c4861,257a305e-4dd3-41f1-9824-dfe7e8bd59e1,true,2015-11-14 00:00:00.000000,,,d9abec6a-4d36-4ecc-97da-6e5f7a4adb98
50594bb1-47e2-4d29-bd35-a10449cbfd67,ca737f8f-f206-11e4-a7e2-24be05e24f7e,,2323b76a-db98-4e03-aa37-e171cfbdd1a4,257a305e-4dd3-41f1-9824-dfe7e8bd59e1,,2016-01-26 00:00:00.000000,,,
7550ae94-650b-4268-bb2c-101cdb37d221,c7edbf0f-f206-11e4-aa52-24be05e24f7e,,f72e0ef0-7c4a-4307-af78-8e38dac3fdba,1e473914-46e4-408d-af26-178fb115de76,,2016-01-26 00:00:00.000000,,,
599222d6-9791-4403-9b33-b835660633ce,c7edbf0f-f206-11e4-aa52-24be05e24f7e,,f72e0ef0-7c4a-4307-af78-8e38dac3fdba,1e473914-46e4-408d-af26-178fb115de76,,2016-01-26 00:00:00.000000,,,
0c0d8b9c-bc71-4ba8-80fc-f8b9f078e013,c7edbf0f-f206-11e4-aa52-24be05e24f7e,,f72e0ef0-7c4a-4307-af78-8e38dac3fdba,1e473914-46e4-408d-af26-178fb115de76,,2016-01-26 00:00:00.000000,,,
1323792f-4432-4365-ac51-18e0b5743b7f,ce1dc2de-f206-11e4-a646-24be05e24f7e,,892189e9-d712-4bdb-afa7-1ccab43fbed4,257a305e-4dd3-41f1-9824-dfe7e8bd59e1,,2016-01-25 00:00:00.000000,,,a009080e-83ce-4d02-9ae8-43535ad3f6a9
d02842c4-474b-4b9f-b1a2-25d216fe9688,c74c9d0f-f206-11e4-8330-24be05e24f7e,,892189e9-d712-4bdb-afa7-1ccab43fbed4,257a305e-4dd3-41f1-9824-dfe7e8bd59e1,,2016-01-25 00:00:00.000000,,,
97377266-dcec-4155-bd2e-69a029894d1b,c74c9d0f-f206-11e4-8330-24be05e24f7e,,892189e9-d712-4bdb-afa7-1ccab43fbed4,257a305e-4dd3-41f1-9824-dfe7e8bd59e1,,2016-01-25 00:00:00.000000,,,
0b1f1d9a-0741-4ed2-9221-c9fe11a63736,cdb934b0-f206-11e4-8810-24be05e24f7e,,c98949ae-60a8-43dc-85d7-0feb0b92e719,1e473914-46e4-408d-af26-178fb115de76,,2016-01-26 00:00:00.000000,,,49726f55-6dce-41b3-a97a-0318701bafe1
8e250737-069f-4bc2-a00c-26b3d484651a,cc040aa1-f206-11e4-a3e0-24be05e24f7e,,c98949ae-60a8-43dc-85d7-0feb0b92e719,a2949322-dc84-45ab-8454-cf94fb28c189,,2016-01-26 00:00:00.000000,,,240bc951-b49d-426d-8a10-23413c4e2f13
8995445b-c0cd-4736-a4fc-56a05e43046b,c74c9d0f-f206-11e4-8330-24be05e24f7e,true,f27a65eb-2d11-4965-aa9c-daa088fa5c9c,257a305e-4dd3-41f1-9824-dfe7e8bd59e1,true,2015-11-03 00:00:00.000000,,,337754c4-970b-44e3-ad79-ed85358c6727
0a266e1c-1a05-4868-8d79-8300ea2046e2,cb914b9e-f206-11e4-b447-24be05e24f7e,,c98949ae-60a8-43dc-85d7-0feb0b92e719,1571fdac-e0b4-4ebc-a73a-6e13001b71d3,,2016-01-25 00:00:00.000000,,,
64f27a5e-ef09-4955-b83e-47f67d7b9e3a,c7edbf0f-f206-11e4-aa52-24be05e24f7e,,f72e0ef0-7c4a-4307-af78-8e38dac3fdba,1e473914-46e4-408d-af26-178fb115de76,,2016-01-25 00:00:00.000000,,,
d53cf712-ef87-4bf4-9791-007579632f9d,c7edbf0f-f206-11e4-aa52-24be05e24f7e,,f72e0ef0-7c4a-4307-af78-8e38dac3fdba,1e473914-46e4-408d-af26-178fb115de76,,2016-01-25 00:00:00.000000,,,
3e7ab09c-ca91-4ca1-8570-f196b22d27de,cdb934b0-f206-11e4-8810-24be05e24f7e,true,2323b76a-db98-4e03-aa37-e171cfbdd1a4,257a305e-4dd3-41f1-9824-dfe7e8bd59e1,true,2016-04-30 00:00:00.000000,,,0154823c-014d-4a8d-9261-74a3d210fee8
b57c35ea-685a-487c-b16d-35bf2b2f3dc2,c7edbf0f-f206-11e4-aa52-24be05e24f7e,true,f72e0ef0-7c4a-4307-af78-8e38dac3fdba,1e473914-46e4-408d-af26-178fb115de76,true,2016-03-31 00:00:00.000000,,,4616c5b4-fb2b-471a-b795-739aa401bb33
69582cf4-7bd6-4d39-965f-98e4565884e6,cebd854f-f206-11e4-b46e-24be05e24f7e,,c98949ae-60a8-43dc-85d7-0feb0b92e719,1e473914-46e4-408d-af26-178fb115de76,,2016-01-26 00:00:00.000000,,,
b8d5b929-7563-4ace-912f-07202b601d3b,c7edbf0f-f206-11e4-aa52-24be05e24f7e,,f72e0ef0-7c4a-4307-af78-8e38dac3fdba,1e473914-46e4-408d-af26-178fb115de76,,2016-01-26 00:00:00.000000,,,
e812638c-512b-4ef4-b3da-1e5e278abb51,c74c9d0f-f206-11e4-8330-24be05e24f7e,true,0bcf2be1-3168-4e42-9fb5-3551d7dbce77,65f033d2-1303-4748-bc26-ef62c38eced4,true,2015-11-22 00:00:00.000000,,,46e880fc-209a-4a5d-a8fd-ed119bd4cfaa
a8c4be9a-5403-45e9-9f12-6a9ced459e78,c74c9d0f-f206-11e4-8330-24be05e24f7e,true,2323b76a-db98-4e03-aa37-e171cfbdd1a4,257a305e-4dd3-41f1-9824-dfe7e8bd59e1,true,2016-03-17 00:00:00.000000,,,
eb7534ab-4d58-4ead-9638-1729e980d21f,cb914b9e-f206-11e4-b447-24be05e24f7e,true,2323b76a-db98-4e03-aa37-e171cfbdd1a4,257a305e-4dd3-41f1-9824-dfe7e8bd59e1,true,2016-04-05 00:00:00.000000,,,
da5635d5-73a2-4415-a5df-de9883e1bb62,cc040aa1-f206-11e4-a3e0-24be05e24f7e,true,2323b76a-db98-4e03-aa37-e171cfbdd1a4,257a305e-4dd3-41f1-9824-dfe7e8bd59e1,true,2016-04-10 00:00:00.000000,,,
656a44b1-be25-42c4-9d0b-0493243fdf47,cbcea2c0-f206-11e4-8c4a-24be05e24f7e,true,2323b76a-db98-4e03-aa37-e171cfbdd1a4,257a305e-4dd3-41f1-9824-dfe7e8bd59e1,true,2016-04-16 00:00:00.000000,,,
321f2079-fea5-4138-b4f5-434af158cfd9,5e130537-2275-40b5-9758-94b1986934ed,true,b50c4dc2-6c86-4d79-aa8a-23a65da292c6,f6de5351-3797-41e9-8053-7fb111a3a1a0,true,2016-04-10 00:00:00.000000,,,
40717908-fec3-47ec-a700-0986c6068bec,cebd854f-f206-11e4-b46e-24be05e24f7e,true,892189e9-d712-4bdb-afa7-1ccab43fbed4,257a305e-4dd3-41f1-9824-dfe7e8bd59e1,true,2016-05-30 00:00:00.000000,,,
7dcb7a72-84cc-40d0-8b3c-3a19508c296d,c7edbf0f-f206-11e4-aa52-24be05e24f7e,true,f72e0ef0-7c4a-4307-af78-8e38dac3fdba,1e473914-46e4-408d-af26-178fb115de76,true,2016-01-16 00:00:00.000000,,,
8f421c10-031e-46a7-b9b0-19edaab92198,c7edbf0f-f206-11e4-aa52-24be05e24f7e,true,f72e0ef0-7c4a-4307-af78-8e38dac3fdba,1e473914-46e4-408d-af26-178fb115de76,true,2015-12-23 00:00:00.000000,,,
01b13615-02c8-4591-95e6-3dc5ade57664,c7edbf0f-f206-11e4-aa52-24be05e24f7e,true,f72e0ef0-7c4a-4307-af78-8e38dac3fdba,1e473914-46e4-408d-af26-178fb115de76,true,2016-03-24 00:00:00.000000,,,
221fbc2f-8e3c-4a3b-be8e-ac57068899a4,cd844200-f206-11e4-9393-24be05e24f7e,true,ddfb6af3-2a64-4ecd-8eda-c1ce4413b676,257a305e-4dd3-41f1-9824-dfe7e8bd59e1,true,2016-01-18 00:00:00.000000,,,
76d3c2ab-b314-4def-b1c3-4ee9ea3f6c23,c7edbf0f-f206-11e4-aa52-24be05e24f7e,true,f72e0ef0-7c4a-4307-af78-8e38dac3fdba,1e473914-46e4-408d-af26-178fb115de76,true,2016-03-31 00:00:00.000000,,,
a21f113b-b562-4f61-9eb9-d0748a8cbfe7,caacb800-f206-11e4-81ab-24be05e24f7e,true,f27a65eb-2d11-4965-aa9c-daa088fa5c9c,257a305e-4dd3-41f1-9824-dfe7e8bd59e1,true,2015-11-03 00:00:00.000000,,,
a4baf12b-8b86-4387-9b79-49adcc5927e7,c7edbf0f-f206-11e4-aa52-24be05e24f7e,,f72e0ef0-7c4a-4307-af78-8e38dac3fdba,1e473914-46e4-408d-af26-178fb115de76,,2016-01-24 00:00:00.000000,,,a84efc91-4b29-467d-8aff-ddf6fce28215
40be8581-ca6c-4ab8-ad53-7d178d5724d9,cebd854f-f206-11e4-b46e-24be05e24f7e,true,2323b76a-db98-4e03-aa37-e171cfbdd1a4,257a305e-4dd3-41f1-9824-dfe7e8bd59e1,true,2016-04-30 00:00:00.000000,,,eb032133-0a09-4ba1-8536-132d51033df0
f0ffdf73-01fc-465d-b8b8-f5842fcec9cd,cc74f4e1-f206-11e4-ad66-24be05e24f7e,true,c98949ae-60a8-43dc-85d7-0feb0b92e719,1571fdac-e0b4-4ebc-a73a-6e13001b71d3,true,2016-03-25 00:00:00.000000,,,
93df00ab-56d7-4884-80b1-20025462bea3,cdee4e70-f206-11e4-87a2-24be05e24f7e,,2323b76a-db98-4e03-aa37-e171cfbdd1a4,257a305e-4dd3-41f1-9824-dfe7e8bd59e1,,2016-01-24 00:00:00.000000,,,7b8c2215-395c-4189-93e7-8b125dd3144c
d7532655-2146-41a8-8c90-ab458cd1e8b7,c7edbf0f-f206-11e4-aa52-24be05e24f7e,true,f72e0ef0-7c4a-4307-af78-8e38dac3fdba,1e473914-46e4-408d-af26-178fb115de76,true,2016-01-08 00:00:00.000000,,,ec3eef73-13e3-4d4b-a922-cc195109a842
cad039b5-41e6-4aa0-a910-8c8644ff7d3a,caacb800-f206-11e4-81ab-24be05e24f7e,true,5728f612-3f20-4459-98bd-3478c79c4861,257a305e-4dd3-41f1-9824-dfe7e8bd59e1,true,2015-11-15 00:00:00.000000,,,bfad9071-41b3-4a89-a112-c5f019f295e9
1b4707ca-a49a-4c7f-994b-7ad908540173,ce1dc2de-f206-11e4-a646-24be05e24f7e,true,2323b76a-db98-4e03-aa37-e171cfbdd1a4,257a305e-4dd3-41f1-9824-dfe7e8bd59e1,true,2016-02-28 00:00:00.000000,,,9c4697d7-2c6e-4875-bddd-abda72445364
885a1a3b-257b-479d-844d-b41130c36a68,cd844200-f206-11e4-9393-24be05e24f7e,true,892189e9-d712-4bdb-afa7-1ccab43fbed4,257a305e-4dd3-41f1-9824-dfe7e8bd59e1,true,2015-12-11 00:00:00.000000,,,8c48bddc-9cfc-4d55-86fd-9b317c0a2650
ea47a8a4-1dd5-42a9-beea-a0c44a064fa5,cdb934b0-f206-11e4-8810-24be05e24f7e,,d0766624-dbd7-4536-ba39-2d890a6143a9,257a305e-4dd3-41f1-9824-dfe7e8bd59e1,,2016-01-24 00:00:00.000000,,,aa81797f-b71e-4928-abb0-495641d0681c
37f5408f-4cc9-4bc1-a29b-31e45bec4cc7,cebd854f-f206-11e4-b46e-24be05e24f7e,,c98949ae-60a8-43dc-85d7-0feb0b92e719,a2949322-dc84-45ab-8454-cf94fb28c189,,2016-01-24 00:00:00.000000,,,2112be27-f463-4def-bd41-9c8f6789b18c
2102f443-8b53-45b4-ad24-7684f4a8a693,c7edbf0f-f206-11e4-aa52-24be05e24f7e,,f72e0ef0-7c4a-4307-af78-8e38dac3fdba,1e473914-46e4-408d-af26-178fb115de76,,2016-01-24 00:00:00.000000,,,ff681ace-10a3-4d0a-adc6-8c98a57402c6
4b42b2c0-74c2-4272-8b7c-bb995aa97382,c7edbf0f-f206-11e4-aa52-24be05e24f7e,true,f72e0ef0-7c4a-4307-af78-8e38dac3fdba,1e473914-46e4-408d-af26-178fb115de76,true,2015-12-09 00:00:00.000000,,,5d59bd48-ce20-44bb-b697-4a5b404e35ba
dfe3895d-0b5e-4dd6-84f0-ac969f00aff3,cc040aa1-f206-11e4-a3e0-24be05e24f7e,,2323b76a-db98-4e03-aa37-e171cfbdd1a4,257a305e-4dd3-41f1-9824-dfe7e8bd59e1,,2016-01-24 00:00:00.000000,,,c162bf17-6b70-4b44-a3da-39cf275be114
ae6c80e7-a4c5-4ac6-9753-1d782f91bef3,c7edbf0f-f206-11e4-aa52-24be05e24f7e,true,f72e0ef0-7c4a-4307-af78-8e38dac3fdba,1e473914-46e4-408d-af26-178fb115de76,true,2015-12-27 00:00:00.000000,,,cda95cfb-8ffd-4b83-98f3-4b082c07df3a
b53a6fd7-b220-479e-8b7b-b8c2319f5f2e,ce1dc2de-f206-11e4-a646-24be05e24f7e,,d0766624-dbd7-4536-ba39-2d890a6143a9,257a305e-4dd3-41f1-9824-dfe7e8bd59e1,,2016-01-24 00:00:00.000000,,,f29e4b62-0c50-48da-b84b-345b64d3176a
aa9a0fd5-4f2c-483e-907f-e09b1c2a4b67,caacb800-f206-11e4-81ab-24be05e24f7e,,2323b76a-db98-4e03-aa37-e171cfbdd1a4,257a305e-4dd3-41f1-9824-dfe7e8bd59e1,,2016-01-24 00:00:00.000000,,,629a3c03-224f-4fd2-87f3-6f3b15c3f0da
fb44f196-eab4-453d-b850-4eb2c7272535,cc040aa1-f206-11e4-a3e0-24be05e24f7e,,2323b76a-db98-4e03-aa37-e171cfbdd1a4,257a305e-4dd3-41f1-9824-dfe7e8bd59e1,,2016-01-24 00:00:00.000000,,,
0cf51682-a385-40e9-958b-f67f455dcb40,ce1dc2de-f206-11e4-a646-24be05e24f7e,,2323b76a-db98-4e03-aa37-e171cfbdd1a4,257a305e-4dd3-41f1-9824-dfe7e8bd59e1,,2016-01-24 00:00:00.000000,,,
119ad700-0776-44d8-8cb2-8139369f128b,ca737f8f-f206-11e4-a7e2-24be05e24f7e,,d0766624-dbd7-4536-ba39-2d890a6143a9,257a305e-4dd3-41f1-9824-dfe7e8bd59e1,,2016-01-24 00:00:00.000000,,,
a69ffca6-c959-4312-bc39-633018c63610,c7edbf0f-f206-11e4-aa52-24be05e24f7e,,f72e0ef0-7c4a-4307-af78-8e38dac3fdba,1e473914-46e4-408d-af26-178fb115de76,,2016-01-24 00:00:00.000000,,,
8e66d57b-24fb-4e4e-bfd8-8414f7eda139,c7edbf0f-f206-11e4-aa52-24be05e24f7e,,f72e0ef0-7c4a-4307-af78-8e38dac3fdba,1e473914-46e4-408d-af26-178fb115de76,,2016-01-24 00:00:00.000000,,,
2b9df091-bda3-424a-8c7a-eaf1010b1184,c7805740-f206-11e4-982c-24be05e24f7e,,f72e0ef0-7c4a-4307-af78-8e38dac3fdba,1e473914-46e4-408d-af26-178fb115de76,,2016-01-24 00:00:00.000000,,,
db01d09c-fd73-4306-b5e4-5d5ef5d83628,ce1dc2de-f206-11e4-a646-24be05e24f7e,,c98949ae-60a8-43dc-85d7-0feb0b92e719,a2949322-dc84-45ab-8454-cf94fb28c189,,2016-01-24 00:00:00.000000,,,
020dd965-723f-4839-b475-14cfa45f7042,caacb800-f206-11e4-81ab-24be05e24f7e,,c98949ae-60a8-43dc-85d7-0feb0b92e719,257a305e-4dd3-41f1-9824-dfe7e8bd59e1,,2016-01-24 00:00:00.000000,,,
c0b4ae84-75f8-4352-b01a-a0aef682927b,c96ff240-f206-11e4-b581-24be05e24f7e,true,b50c4dc2-6c86-4d79-aa8a-23a65da292c6,f6de5351-3797-41e9-8053-7fb111a3a1a0,true,2016-02-29 00:00:00.000000,,,
3f93fd51-c529-4e35-b059-acbfe933d72f,cb251c51-f206-11e4-8541-24be05e24f7e,true,b50c4dc2-6c86-4d79-aa8a-23a65da292c6,f6de5351-3797-41e9-8053-7fb111a3a1a0,true,2016-04-10 00:00:00.000000,,,
f53d976c-8585-429b-8cce-aa9821d595a7,c7edbf0f-f206-11e4-aa52-24be05e24f7e,true,f72e0ef0-7c4a-4307-af78-8e38dac3fdba,1e473914-46e4-408d-af26-178fb115de76,true,2015-12-23 00:00:00.000000,,,
2a6bd6c7-6a66-4453-8201-b35fdd827914,c7edbf0f-f206-11e4-aa52-24be05e24f7e,true,f72e0ef0-7c4a-4307-af78-8e38dac3fdba,1e473914-46e4-408d-af26-178fb115de76,true,2016-03-08 00:00:00.000000,,,affa317d-65f4-45bd-9138-7ef38f81c62b
f8c8438f-6909-4a48-ba30-1bdd66ff954a,cc74f4e1-f206-11e4-ad66-24be05e24f7e,true,2323b76a-db98-4e03-aa37-e171cfbdd1a4,257a305e-4dd3-41f1-9824-dfe7e8bd59e1,true,2016-03-17 00:00:00.000000,,,
3dec367d-de1b-4ad8-b596-3a596a8b9c53,c7edbf0f-f206-11e4-aa52-24be05e24f7e,true,f72e0ef0-7c4a-4307-af78-8e38dac3fdba,1e473914-46e4-408d-af26-178fb115de76,true,2016-03-31 00:00:00.000000,,,
c05f20e7-f70e-4fb4-b5ce-89cb703ac91e,cc74f4e1-f206-11e4-ad66-24be05e24f7e,true,2323b76a-db98-4e03-aa37-e171cfbdd1a4,257a305e-4dd3-41f1-9824-dfe7e8bd59e1,true,2016-04-05 00:00:00.000000,,,
8b4c5c28-27b4-4a7e-b748-bf76738f87b0,cdb934b0-f206-11e4-8810-24be05e24f7e,,f72e0ef0-7c4a-4307-af78-8e38dac3fdba,1e473914-46e4-408d-af26-178fb115de76,,2016-01-24 00:00:00.000000,,,3f7243ad-3099-4ff9-9e05-157b1ca5c2b5
b3973563-33c8-4023-9811-759f4934958d,caacb800-f206-11e4-81ab-24be05e24f7e,true,2323b76a-db98-4e03-aa37-e171cfbdd1a4,257a305e-4dd3-41f1-9824-dfe7e8bd59e1,true,2016-04-10 00:00:00.000000,,,
c8421455-a232-4ffb-971e-3f40aa94efd2,ce1dc2de-f206-11e4-a646-24be05e24f7e,true,2323b76a-db98-4e03-aa37-e171cfbdd1a4,257a305e-4dd3-41f1-9824-dfe7e8bd59e1,true,2016-04-16 00:00:00.000000,,,
7360637f-d3e2-464f-9829-b3a6b94c6f09,c7805740-f206-11e4-982c-24be05e24f7e,,f72e0ef0-7c4a-4307-af78-8e38dac3fdba,1e473914-46e4-408d-af26-178fb115de76,,2016-01-24 00:00:00.000000,,,b5f6104e-3a99-438e-af4e-8a4861ed56a0
c1481169-a79e-421c-819a-c9dab7ccdc10,cd844200-f206-11e4-9393-24be05e24f7e,,d0766624-dbd7-4536-ba39-2d890a6143a9,257a305e-4dd3-41f1-9824-dfe7e8bd59e1,,2016-01-23 00:00:00.000000,,,ea6d436b-b29a-48f9-9e18-44866444469d
2753c844-888a-49c2-be85-4c272c48dedc,c7edbf0f-f206-11e4-aa52-24be05e24f7e,,f72e0ef0-7c4a-4307-af78-8e38dac3fdba,1e473914-46e4-408d-af26-178fb115de76,,2016-01-24 00:00:00.000000,,,1f5bdff2-cea6-4ffe-be41-7c6801159fb7
28e0fa3b-d50f-4042-b86d-8acf03dc4dcb,cc040aa1-f206-11e4-a3e0-24be05e24f7e,,d0766624-dbd7-4536-ba39-2d890a6143a9,257a305e-4dd3-41f1-9824-dfe7e8bd59e1,,2016-01-23 00:00:00.000000,,,6773fdde-a10e-4bb4-8461-cd4e00a91215
076b97a3-d0e6-41f5-ad6f-64198e54c7df,cdee4e70-f206-11e4-87a2-24be05e24f7e,,d0766624-dbd7-4536-ba39-2d890a6143a9,257a305e-4dd3-41f1-9824-dfe7e8bd59e1,,2016-01-23 00:00:00.000000,,,
0f5d1705-f6c9-4459-85ef-0496b54d0874,c74c9d0f-f206-11e4-8330-24be05e24f7e,,d0766624-dbd7-4536-ba39-2d890a6143a9,257a305e-4dd3-41f1-9824-dfe7e8bd59e1,,2016-01-23 00:00:00.000000,,,
204ff8c1-23d7-48bf-bd69-190112797819,c7805740-f206-11e4-982c-24be05e24f7e,,f72e0ef0-7c4a-4307-af78-8e38dac3fdba,1e473914-46e4-408d-af26-178fb115de76,,2016-01-23 00:00:00.000000,,,
3fc98bdc-7b21-4f28-9e9a-1d05eb189b0d,c7edbf0f-f206-11e4-aa52-24be05e24f7e,,f72e0ef0-7c4a-4307-af78-8e38dac3fdba,1e473914-46e4-408d-af26-178fb115de76,,2016-01-23 00:00:00.000000,,,
9dbc4df9-89d6-45e6-be24-0a2d68dd7b94,c7805740-f206-11e4-982c-24be05e24f7e,,f72e0ef0-7c4a-4307-af78-8e38dac3fdba,1e473914-46e4-408d-af26-178fb115de76,,2016-01-23 00:00:00.000000,,,b5f6104e-3a99-438e-af4e-8a4861ed56a0
0e755fb2-3b7e-4087-8928-c121ff430dc7,cd844200-f206-11e4-9393-24be05e24f7e,,d0766624-dbd7-4536-ba39-2d890a6143a9,257a305e-4dd3-41f1-9824-dfe7e8bd59e1,,2016-01-23 00:00:00.000000,,,ea6d436b-b29a-48f9-9e18-44866444469d
126a5ea9-5876-47c5-ba93-2cce5d014764,c7edbf0f-f206-11e4-aa52-24be05e24f7e,,f72e0ef0-7c4a-4307-af78-8e38dac3fdba,1e473914-46e4-408d-af26-178fb115de76,,2016-01-23 00:00:00.000000,,,1db69ba6-531f-4b3e-a691-96c7f750cb9f
5b9b0bed-759d-4e12-bd5f-86776b9af964,c7805740-f206-11e4-982c-24be05e24f7e,,f72e0ef0-7c4a-4307-af78-8e38dac3fdba,1e473914-46e4-408d-af26-178fb115de76,,2016-01-24 00:00:00.000000,,,b5f6104e-3a99-438e-af4e-8a4861ed56a0
9416b3f6-98b0-4d1a-b3ee-71fd8a1aa29e,c7edbf0f-f206-11e4-aa52-24be05e24f7e,,f72e0ef0-7c4a-4307-af78-8e38dac3fdba,1e473914-46e4-408d-af26-178fb115de76,,2016-01-23 00:00:00.000000,,,
c3d29b23-b7e6-4951-8812-7b8be5e6c441,c7edbf0f-f206-11e4-aa52-24be05e24f7e,,f72e0ef0-7c4a-4307-af78-8e38dac3fdba,1e473914-46e4-408d-af26-178fb115de76,,2016-01-23 00:00:00.000000,,,0dcd74a0-769c-4601-bb94-0daa8b1ee60e
4e7408e5-06fc-40a9-a5cb-2bef9847345d,c7edbf0f-f206-11e4-aa52-24be05e24f7e,,f72e0ef0-7c4a-4307-af78-8e38dac3fdba,1e473914-46e4-408d-af26-178fb115de76,,2016-01-23 00:00:00.000000,,,
87bfed11-33e1-4bcc-9396-d1bd5c088a7a,c7edbf0f-f206-11e4-aa52-24be05e24f7e,,f72e0ef0-7c4a-4307-af78-8e38dac3fdba,1e473914-46e4-408d-af26-178fb115de76,,2016-01-24 00:00:00.000000,,,0dcd74a0-769c-4601-bb94-0daa8b1ee60e
99683b81-97e8-47dc-ab10-db7fbe08fc7e,c7edbf0f-f206-11e4-aa52-24be05e24f7e,true,f72e0ef0-7c4a-4307-af78-8e38dac3fdba,1e473914-46e4-408d-af26-178fb115de76,true,2015-12-27 00:00:00.000000,,,a413c632-2fad-4c4f-a2ec-9a07b8ba3e33
fd221c07-af51-4da2-839f-04ecfd68518b,c7edbf0f-f206-11e4-aa52-24be05e24f7e,,f72e0ef0-7c4a-4307-af78-8e38dac3fdba,1e473914-46e4-408d-af26-178fb115de76,,2016-01-23 00:00:00.000000,,,
02cc34a5-d27d-45e0-a877-a01b7f0a5a85,c7805740-f206-11e4-982c-24be05e24f7e,,f72e0ef0-7c4a-4307-af78-8e38dac3fdba,1e473914-46e4-408d-af26-178fb115de76,,2016-01-23 00:00:00.000000,,,b5f6104e-3a99-438e-af4e-8a4861ed56a0
97c3f04a-2372-476d-911a-bd8fffd5e8b9,cdb934b0-f206-11e4-8810-24be05e24f7e,,f72e0ef0-7c4a-4307-af78-8e38dac3fdba,1e473914-46e4-408d-af26-178fb115de76,,2016-01-23 00:00:00.000000,,,
a60558f8-c292-4b2d-8727-f29641437634,cd844200-f206-11e4-9393-24be05e24f7e,true,2323b76a-db98-4e03-aa37-e171cfbdd1a4,257a305e-4dd3-41f1-9824-dfe7e8bd59e1,true,2015-12-28 00:00:00.000000,,,f6a9109c-a401-41c8-b0a8-bba9233c1d89
97aeaea2-5988-4705-ba53-7c357b30bf72,c7edbf0f-f206-11e4-aa52-24be05e24f7e,,f72e0ef0-7c4a-4307-af78-8e38dac3fdba,1e473914-46e4-408d-af26-178fb115de76,,2016-01-23 00:00:00.000000,,,
28c20ea3-ab76-45ee-8282-1d7a94cb24c4,c7edbf0f-f206-11e4-aa52-24be05e24f7e,,f72e0ef0-7c4a-4307-af78-8e38dac3fdba,1e473914-46e4-408d-af26-178fb115de76,,2016-01-24 00:00:00.000000,,,1f5bdff2-cea6-4ffe-be41-7c6801159fb7
f95900d7-99ce-42e2-9b3f-83c58edf0f5b,c7edbf0f-f206-11e4-aa52-24be05e24f7e,,f72e0ef0-7c4a-4307-af78-8e38dac3fdba,1e473914-46e4-408d-af26-178fb115de76,,2016-01-23 00:00:00.000000,,,1f5bdff2-cea6-4ffe-be41-7c6801159fb7
8ddf6f47-e092-4757-83bc-7726b5ebc3ef,cdb934b0-f206-11e4-8810-24be05e24f7e,,d0766624-dbd7-4536-ba39-2d890a6143a9,257a305e-4dd3-41f1-9824-dfe7e8bd59e1,,2016-01-23 00:00:00.000000,,,
c1d98ec1-ba39-45b1-ae5a-67c650b56813,c7805740-f206-11e4-982c-24be05e24f7e,,f72e0ef0-7c4a-4307-af78-8e38dac3fdba,1e473914-46e4-408d-af26-178fb115de76,,2016-01-24 00:00:00.000000,,,
98757305-a3d5-4be9-9f34-d09007cbbfd9,c7edbf0f-f206-11e4-aa52-24be05e24f7e,,f72e0ef0-7c4a-4307-af78-8e38dac3fdba,1e473914-46e4-408d-af26-178fb115de76,,2016-01-24 00:00:00.000000,,,
a8c87ea1-2a7b-48da-bb44-1ce1afd7197f,c854e54f-f206-11e4-bddc-24be05e24f7e,true,b50c4dc2-6c86-4d79-aa8a-23a65da292c6,f6de5351-3797-41e9-8053-7fb111a3a1a0,true,2016-02-29 00:00:00.000000,,,
5fde4be8-2b5c-42f8-abf3-159196327f18,cd844200-f206-11e4-9393-24be05e24f7e,true,2323b76a-db98-4e03-aa37-e171cfbdd1a4,257a305e-4dd3-41f1-9824-dfe7e8bd59e1,true,2016-02-12 00:00:00.000000,,,93bed5ab-afdb-45df-a235-9d4775229997
03964845-247e-4f03-a838-43631982e69a,c7edbf0f-f206-11e4-aa52-24be05e24f7e,,f72e0ef0-7c4a-4307-af78-8e38dac3fdba,1e473914-46e4-408d-af26-178fb115de76,,2016-01-23 00:00:00.000000,,,011eaa34-3f05-4801-8f8f-38d21f6aba83
e0cf798c-f3b8-4c75-aa7e-08a8b8c9e457,c89dae21-f206-11e4-a1c2-24be05e24f7e,true,0e39ead4-383b-4452-bbd4-babb7becd82e,42f97cca-2cb4-497a-a0fd-ceef1ba46bcc,true,2016-04-10 00:00:00.000000,,,
91379f42-3945-4e71-9317-38e9d0ac1855,c8d69870-f206-11e4-b477-24be05e24f7e,true,b50c4dc2-6c86-4d79-aa8a-23a65da292c6,f6de5351-3797-41e9-8053-7fb111a3a1a0,true,2016-03-16 00:00:00.000000,,,
6129f54f-639c-47e6-ad1c-152828371ebc,cc040aa1-f206-11e4-a3e0-24be05e24f7e,true,2323b76a-db98-4e03-aa37-e171cfbdd1a4,257a305e-4dd3-41f1-9824-dfe7e8bd59e1,true,2016-04-05 00:00:00.000000,,,
b5b06ed7-1237-48d9-8034-d35356324f18,cd844200-f206-11e4-9393-24be05e24f7e,true,2323b76a-db98-4e03-aa37-e171cfbdd1a4,257a305e-4dd3-41f1-9824-dfe7e8bd59e1,true,2016-04-10 00:00:00.000000,,,
0daf1f7b-473d-4741-b96e-bddfcf237440,cdee4e70-f206-11e4-87a2-24be05e24f7e,true,2323b76a-db98-4e03-aa37-e171cfbdd1a4,257a305e-4dd3-41f1-9824-dfe7e8bd59e1,true,2016-04-16 00:00:00.000000,,,
96bb1c6b-5c1a-47f3-b778-cebfb6dd4de8,cbcea2c0-f206-11e4-8c4a-24be05e24f7e,true,892189e9-d712-4bdb-afa7-1ccab43fbed4,257a305e-4dd3-41f1-9824-dfe7e8bd59e1,true,2016-05-30 00:00:00.000000,,,
b00cdc92-47d9-4448-bc39-d9f6e0555659,c7edbf0f-f206-11e4-aa52-24be05e24f7e,true,f72e0ef0-7c4a-4307-af78-8e38dac3fdba,1e473914-46e4-408d-af26-178fb115de76,true,2016-01-16 00:00:00.000000,,,
87a2999c-7521-4460-b063-3de94bf08a23,c96ff240-f206-11e4-b581-24be05e24f7e,true,b50c4dc2-6c86-4d79-aa8a-23a65da292c6,f6de5351-3797-41e9-8053-7fb111a3a1a0,true,2016-02-02 00:00:00.000000,,,
104ea519-6a90-4f2f-b02d-f6af789e0ed4,c7edbf0f-f206-11e4-aa52-24be05e24f7e,true,f72e0ef0-7c4a-4307-af78-8e38dac3fdba,1e473914-46e4-408d-af26-178fb115de76,true,2016-02-06 00:00:00.000000,,,
c52f265b-6a7e-4613-bc9b-9b2d42407499,cdee4e70-f206-11e4-87a2-24be05e24f7e,,2323b76a-db98-4e03-aa37-e171cfbdd1a4,257a305e-4dd3-41f1-9824-dfe7e8bd59e1,,2016-01-22 00:00:00.000000,,,04574172-a33b-4f55-9faf-008cb7329803
4e048a12-3a44-4468-932c-5a00ce749097,c74c9d0f-f206-11e4-8330-24be05e24f7e,,892189e9-d712-4bdb-afa7-1ccab43fbed4,257a305e-4dd3-41f1-9824-dfe7e8bd59e1,,2016-01-22 00:00:00.000000,,,e7359f5a-225d-42f5-81d9-ca514712d31b
a6ab5400-363d-4dfa-8fc1-2980e5df5636,cd844200-f206-11e4-9393-24be05e24f7e,,2323b76a-db98-4e03-aa37-e171cfbdd1a4,257a305e-4dd3-41f1-9824-dfe7e8bd59e1,,2016-01-22 00:00:00.000000,,,698c87c5-24f7-46fe-98e2-a74db3c44125
a49a7d8f-2b17-40df-9346-6d270c94c5d5,cdb934b0-f206-11e4-8810-24be05e24f7e,,f72e0ef0-7c4a-4307-af78-8e38dac3fdba,1e473914-46e4-408d-af26-178fb115de76,,2016-01-23 00:00:00.000000,,,3f7243ad-3099-4ff9-9e05-157b1ca5c2b5
7d9cd159-cfe2-4723-9823-03aa9751377b,c7edbf0f-f206-11e4-aa52-24be05e24f7e,true,f72e0ef0-7c4a-4307-af78-8e38dac3fdba,1e473914-46e4-408d-af26-178fb115de76,true,2016-01-18 00:00:00.000000,,,ec3eef73-13e3-4d4b-a922-cc195109a842
57542262-0879-4b41-a159-1d85bdf03bba,c7edbf0f-f206-11e4-aa52-24be05e24f7e,,f72e0ef0-7c4a-4307-af78-8e38dac3fdba,1e473914-46e4-408d-af26-178fb115de76,,2016-01-22 00:00:00.000000,,,
6997260b-4ccb-495f-9948-b71aa2f77553,c7edbf0f-f206-11e4-aa52-24be05e24f7e,,f72e0ef0-7c4a-4307-af78-8e38dac3fdba,1e473914-46e4-408d-af26-178fb115de76,,2016-01-23 00:00:00.000000,,,0dcd74a0-769c-4601-bb94-0daa8b1ee60e
15e0d276-e612-40c5-a063-bcb413cb4373,cc040aa1-f206-11e4-a3e0-24be05e24f7e,,2323b76a-db98-4e03-aa37-e171cfbdd1a4,257a305e-4dd3-41f1-9824-dfe7e8bd59e1,,2016-01-22 00:00:00.000000,,,7c772cbf-673d-4ed6-830d-cb01a950f3d3
d7f4e3f6-8896-4d0d-a639-d86431a14e1e,c7edbf0f-f206-11e4-aa52-24be05e24f7e,,f72e0ef0-7c4a-4307-af78-8e38dac3fdba,1e473914-46e4-408d-af26-178fb115de76,,2016-01-23 00:00:00.000000,,,1db69ba6-531f-4b3e-a691-96c7f750cb9f
fdc5efdb-6ea6-4093-8904-8d1a735f138a,c7edbf0f-f206-11e4-aa52-24be05e24f7e,,f72e0ef0-7c4a-4307-af78-8e38dac3fdba,1e473914-46e4-408d-af26-178fb115de76,,2016-01-23 00:00:00.000000,,,a84efc91-4b29-467d-8aff-ddf6fce28215
37f9d993-59d1-4189-a37a-364143a4aeea,c7edbf0f-f206-11e4-aa52-24be05e24f7e,,f72e0ef0-7c4a-4307-af78-8e38dac3fdba,1e473914-46e4-408d-af26-178fb115de76,,2016-01-23 00:00:00.000000,,,ff681ace-10a3-4d0a-adc6-8c98a57402c6
402043b5-2055-46e5-8287-a07052aeafe0,cdee4e70-f206-11e4-87a2-24be05e24f7e,,2323b76a-db98-4e03-aa37-e171cfbdd1a4,257a305e-4dd3-41f1-9824-dfe7e8bd59e1,,2016-01-22 00:00:00.000000,,,04574172-a33b-4f55-9faf-008cb7329803
d4065c60-b9a8-4f66-978a-db36ed06e3ec,c7edbf0f-f206-11e4-aa52-24be05e24f7e,,f72e0ef0-7c4a-4307-af78-8e38dac3fdba,1e473914-46e4-408d-af26-178fb115de76,,2016-01-23 00:00:00.000000,,,1db69ba6-531f-4b3e-a691-96c7f750cb9f
a82f626d-4476-48dc-9dbe-1f65b18e7991,cdb934b0-f206-11e4-8810-24be05e24f7e,,2323b76a-db98-4e03-aa37-e171cfbdd1a4,257a305e-4dd3-41f1-9824-dfe7e8bd59e1,,2016-01-22 00:00:00.000000,,,
88fd46df-68af-4364-99d5-2421d1feac1d,cdb934b0-f206-11e4-8810-24be05e24f7e,,892189e9-d712-4bdb-afa7-1ccab43fbed4,257a305e-4dd3-41f1-9824-dfe7e8bd59e1,,2016-01-22 00:00:00.000000,,,adeb36d5-ffb7-49e0-92af-7af525df3be2
f0db5626-1229-4e17-8f86-b3701ae90d5c,c7edbf0f-f206-11e4-aa52-24be05e24f7e,,f72e0ef0-7c4a-4307-af78-8e38dac3fdba,1e473914-46e4-408d-af26-178fb115de76,,2016-01-23 00:00:00.000000,,,
787d059e-fa2f-4486-8e2f-099a0f01d974,cdee4e70-f206-11e4-87a2-24be05e24f7e,,2323b76a-db98-4e03-aa37-e171cfbdd1a4,257a305e-4dd3-41f1-9824-dfe7e8bd59e1,,2016-01-22 00:00:00.000000,,,
f463f605-d445-46a1-8cb9-a14971418616,cc040aa1-f206-11e4-a3e0-24be05e24f7e,,2323b76a-db98-4e03-aa37-e171cfbdd1a4,257a305e-4dd3-41f1-9824-dfe7e8bd59e1,,2016-01-22 00:00:00.000000,,,
e6d769e4-0c9d-4805-bd78-a98bae7d472c,caacb800-f206-11e4-81ab-24be05e24f7e,,2323b76a-db98-4e03-aa37-e171cfbdd1a4,257a305e-4dd3-41f1-9824-dfe7e8bd59e1,,2016-01-22 00:00:00.000000,,,
0885694c-4e41-4cea-86fd-8ae41130a41d,c7edbf0f-f206-11e4-aa52-24be05e24f7e,,f72e0ef0-7c4a-4307-af78-8e38dac3fdba,1e473914-46e4-408d-af26-178fb115de76,,2016-01-23 00:00:00.000000,,,
8c878eac-908e-49e8-8c09-f702bbb3ade3,c7edbf0f-f206-11e4-aa52-24be05e24f7e,,f72e0ef0-7c4a-4307-af78-8e38dac3fdba,1e473914-46e4-408d-af26-178fb115de76,,2016-01-23 00:00:00.000000,,,
1caaa9c3-7978-46fb-9656-fb620be46275,c7edbf0f-f206-11e4-aa52-24be05e24f7e,,f72e0ef0-7c4a-4307-af78-8e38dac3fdba,1e473914-46e4-408d-af26-178fb115de76,,2016-01-23 00:00:00.000000,,,
3536dbf4-30c4-4dd9-b9d6-fc8b8402f256,c7edbf0f-f206-11e4-aa52-24be05e24f7e,,f72e0ef0-7c4a-4307-af78-8e38dac3fdba,1e473914-46e4-408d-af26-178fb115de76,,2016-01-23 00:00:00.000000,,,
a4e2b21b-a50b-43b3-a1ec-1e9b4feff895,c7edbf0f-f206-11e4-aa52-24be05e24f7e,,f72e0ef0-7c4a-4307-af78-8e38dac3fdba,1e473914-46e4-408d-af26-178fb115de76,,2016-01-23 00:00:00.000000,,,
3e70a740-96af-49d1-9a83-86f00c708443,c7edbf0f-f206-11e4-aa52-24be05e24f7e,,f72e0ef0-7c4a-4307-af78-8e38dac3fdba,1e473914-46e4-408d-af26-178fb115de76,,2016-01-23 00:00:00.000000,,,
b36b9346-ed51-4ab1-bda3-6624ce6333fa,ce1dc2de-f206-11e4-a646-24be05e24f7e,,d0766624-dbd7-4536-ba39-2d890a6143a9,257a305e-4dd3-41f1-9824-dfe7e8bd59e1,,2016-02-04 00:00:00.000000,,,0ab6959b-7eda-4003-b488-f3f68ce5d656
cb89d9f2-db61-4efe-8d68-506a84afbca4,cdb934b0-f206-11e4-8810-24be05e24f7e,true,892189e9-d712-4bdb-afa7-1ccab43fbed4,257a305e-4dd3-41f1-9824-dfe7e8bd59e1,true,2016-03-16 00:00:00.000000,,,
15392942-586f-4723-88f5-caea92de7267,cc74f4e1-f206-11e4-ad66-24be05e24f7e,true,2323b76a-db98-4e03-aa37-e171cfbdd1a4,257a305e-4dd3-41f1-9824-dfe7e8bd59e1,true,2016-04-05 00:00:00.000000,,,
ebe9eeb0-1741-4128-9af6-81c44887f851,cb251c51-f206-11e4-8541-24be05e24f7e,true,b50c4dc2-6c86-4d79-aa8a-23a65da292c6,f6de5351-3797-41e9-8053-7fb111a3a1a0,true,2016-02-29 00:00:00.000000,,,
8f2f0069-96de-4369-b457-e603f6a08183,cdb934b0-f206-11e4-8810-24be05e24f7e,true,2323b76a-db98-4e03-aa37-e171cfbdd1a4,257a305e-4dd3-41f1-9824-dfe7e8bd59e1,true,2016-04-10 00:00:00.000000,,,
b8533aea-4e1d-44c8-a617-28c7a1b84d48,cdee4e70-f206-11e4-87a2-24be05e24f7e,true,2323b76a-db98-4e03-aa37-e171cfbdd1a4,257a305e-4dd3-41f1-9824-dfe7e8bd59e1,true,2016-04-16 00:00:00.000000,,,
69fe0129-bf1c-4eb7-a996-d32e2ac6aaa8,cdee4e70-f206-11e4-87a2-24be05e24f7e,true,892189e9-d712-4bdb-afa7-1ccab43fbed4,257a305e-4dd3-41f1-9824-dfe7e8bd59e1,true,2016-05-30 00:00:00.000000,,,
72e5ba14-f943-4b47-ad52-498db77a0946,c7edbf0f-f206-11e4-aa52-24be05e24f7e,true,f72e0ef0-7c4a-4307-af78-8e38dac3fdba,1e473914-46e4-408d-af26-178fb115de76,true,2016-01-16 00:00:00.000000,,,
bcbcb8c5-4c23-4a90-92ef-8771b705d9d2,cb914b9e-f206-11e4-b447-24be05e24f7e,,2323b76a-db98-4e03-aa37-e171cfbdd1a4,257a305e-4dd3-41f1-9824-dfe7e8bd59e1,,2016-01-20 00:00:00.000000,,,d4954956-b298-4761-b529-71cbc16d51bd
574ca409-4395-420f-b085-5c855f1831af,cc040aa1-f206-11e4-a3e0-24be05e24f7e,,2323b76a-db98-4e03-aa37-e171cfbdd1a4,257a305e-4dd3-41f1-9824-dfe7e8bd59e1,,2016-01-22 00:00:00.000000,,,c162bf17-6b70-4b44-a3da-39cf275be114
a122039e-8423-4381-877c-5cf94a92fc4e,cebd854f-f206-11e4-b46e-24be05e24f7e,,892189e9-d712-4bdb-afa7-1ccab43fbed4,257a305e-4dd3-41f1-9824-dfe7e8bd59e1,,2016-01-22 00:00:00.000000,,,d4125199-a024-4ee6-8f23-644e164f388b
8e2e2bad-c9ff-4ba3-a5f3-2e52268c08c4,c854e54f-f206-11e4-bddc-24be05e24f7e,true,b50c4dc2-6c86-4d79-aa8a-23a65da292c6,f6de5351-3797-41e9-8053-7fb111a3a1a0,true,2016-02-02 00:00:00.000000,,,
2c058c58-fc66-4048-9ddd-f385c53e11c5,c7edbf0f-f206-11e4-aa52-24be05e24f7e,true,f72e0ef0-7c4a-4307-af78-8e38dac3fdba,1e473914-46e4-408d-af26-178fb115de76,true,2016-02-06 00:00:00.000000,,,
99efc462-c6e4-4a85-9f27-465e305c6b9b,c7edbf0f-f206-11e4-aa52-24be05e24f7e,true,f72e0ef0-7c4a-4307-af78-8e38dac3fdba,1e473914-46e4-408d-af26-178fb115de76,true,2016-02-08 00:00:00.000000,,,
08255e13-6cb9-48e9-8f6b-68ebf1b8826f,c7edbf0f-f206-11e4-aa52-24be05e24f7e,,f72e0ef0-7c4a-4307-af78-8e38dac3fdba,1e473914-46e4-408d-af26-178fb115de76,,2016-01-22 00:00:00.000000,,,a413c632-2fad-4c4f-a2ec-9a07b8ba3e33
2cce865d-22fa-47ba-8b7e-abfb6a4c58dc,c7edbf0f-f206-11e4-aa52-24be05e24f7e,,f72e0ef0-7c4a-4307-af78-8e38dac3fdba,1e473914-46e4-408d-af26-178fb115de76,,2016-01-22 00:00:00.000000,,,cda95cfb-8ffd-4b83-98f3-4b082c07df3a
f3770ccd-df98-46fc-9088-369da4a5a5b7,c7edbf0f-f206-11e4-aa52-24be05e24f7e,,f72e0ef0-7c4a-4307-af78-8e38dac3fdba,1e473914-46e4-408d-af26-178fb115de76,,2016-01-22 00:00:00.000000,,,b0fbb56f-c5ef-4eb4-bf43-d00d1618f34d
a3b69f91-51e2-416c-b2d1-adf9ed5380e9,c7edbf0f-f206-11e4-aa52-24be05e24f7e,,f72e0ef0-7c4a-4307-af78-8e38dac3fdba,1e473914-46e4-408d-af26-178fb115de76,,2016-01-22 00:00:00.000000,,,b0fbb56f-c5ef-4eb4-bf43-d00d1618f34d
e9e0f99f-559d-4ef7-ba38-8e7a8aa18fcd,c7edbf0f-f206-11e4-aa52-24be05e24f7e,,f72e0ef0-7c4a-4307-af78-8e38dac3fdba,1e473914-46e4-408d-af26-178fb115de76,,2016-01-22 00:00:00.000000,,,
ef3d1e24-ad4e-40b9-a38d-70377985c6c7,c7edbf0f-f206-11e4-aa52-24be05e24f7e,,f72e0ef0-7c4a-4307-af78-8e38dac3fdba,1e473914-46e4-408d-af26-178fb115de76,,2016-01-22 00:00:00.000000,,,ec3eef73-13e3-4d4b-a922-cc195109a842
044862b6-7e25-47de-8c90-d18f0a3c7434,c7edbf0f-f206-11e4-aa52-24be05e24f7e,,f72e0ef0-7c4a-4307-af78-8e38dac3fdba,1e473914-46e4-408d-af26-178fb115de76,,2016-01-22 00:00:00.000000,,,
3091375b-b005-4e51-bb23-c8e0c038b7de,cebd854f-f206-11e4-b46e-24be05e24f7e,,892189e9-d712-4bdb-afa7-1ccab43fbed4,257a305e-4dd3-41f1-9824-dfe7e8bd59e1,,2016-01-22 00:00:00.000000,,,
448f57eb-e674-4fae-8286-b7e858067c04,ce1dc2de-f206-11e4-a646-24be05e24f7e,,892189e9-d712-4bdb-afa7-1ccab43fbed4,257a305e-4dd3-41f1-9824-dfe7e8bd59e1,,2016-01-22 00:00:00.000000,,,
28fba936-173d-4f54-8ce5-c4b51197dc53,c7edbf0f-f206-11e4-aa52-24be05e24f7e,,f72e0ef0-7c4a-4307-af78-8e38dac3fdba,1e473914-46e4-408d-af26-178fb115de76,,2016-01-22 00:00:00.000000,,,cda95cfb-8ffd-4b83-98f3-4b082c07df3a
e4ab450b-19cc-4c84-8bc3-32a745c1f208,c7edbf0f-f206-11e4-aa52-24be05e24f7e,,f72e0ef0-7c4a-4307-af78-8e38dac3fdba,1e473914-46e4-408d-af26-178fb115de76,,2016-01-22 00:00:00.000000,,,a413c632-2fad-4c4f-a2ec-9a07b8ba3e33
243c9247-303b-4fa3-ac8d-ee43f745937d,c7edbf0f-f206-11e4-aa52-24be05e24f7e,,f72e0ef0-7c4a-4307-af78-8e38dac3fdba,1e473914-46e4-408d-af26-178fb115de76,,2016-01-22 00:00:00.000000,,,9b1c13eb-5ca8-4695-b0da-3fe4859972b1
89bbff88-bf89-42a7-8aad-30f8f9e95a37,cb914b9e-f206-11e4-b447-24be05e24f7e,,2323b76a-db98-4e03-aa37-e171cfbdd1a4,257a305e-4dd3-41f1-9824-dfe7e8bd59e1,,2016-01-20 00:00:00.000000,,,
01d1a5eb-f115-47c7-b493-96d57ca93da1,cd844200-f206-11e4-9393-24be05e24f7e,,2323b76a-db98-4e03-aa37-e171cfbdd1a4,257a305e-4dd3-41f1-9824-dfe7e8bd59e1,,2016-01-20 00:00:00.000000,,,
a2de9770-78c1-48bb-a54d-df8f3640956d,c7edbf0f-f206-11e4-aa52-24be05e24f7e,,f72e0ef0-7c4a-4307-af78-8e38dac3fdba,1e473914-46e4-408d-af26-178fb115de76,,2016-01-22 00:00:00.000000,,,
194ca7b4-a3e4-4ace-b5d3-7453b8da04db,cd844200-f206-11e4-9393-24be05e24f7e,,d0766624-dbd7-4536-ba39-2d890a6143a9,257a305e-4dd3-41f1-9824-dfe7e8bd59e1,,2016-01-22 00:00:00.000000,,,
34d838e6-2411-4d76-a041-959b0ebd9753,c7edbf0f-f206-11e4-aa52-24be05e24f7e,,f72e0ef0-7c4a-4307-af78-8e38dac3fdba,1e473914-46e4-408d-af26-178fb115de76,,2016-01-22 00:00:00.000000,,,
6aabc167-5da8-434f-8d26-b31f6a44b665,c7edbf0f-f206-11e4-aa52-24be05e24f7e,,f72e0ef0-7c4a-4307-af78-8e38dac3fdba,1e473914-46e4-408d-af26-178fb115de76,,2016-01-22 00:00:00.000000,,,
0e91a962-7c09-4a36-a06f-20857de4fecf,c7edbf0f-f206-11e4-aa52-24be05e24f7e,,f72e0ef0-7c4a-4307-af78-8e38dac3fdba,1e473914-46e4-408d-af26-178fb115de76,,2016-01-22 00:00:00.000000,,,
19797b80-a777-44b2-9cb7-e07ee93902fd,c7edbf0f-f206-11e4-aa52-24be05e24f7e,,f72e0ef0-7c4a-4307-af78-8e38dac3fdba,1e473914-46e4-408d-af26-178fb115de76,,2016-01-22 00:00:00.000000,,,
243420cb-4455-4f25-8265-765688feaf36,c7edbf0f-f206-11e4-aa52-24be05e24f7e,,f72e0ef0-7c4a-4307-af78-8e38dac3fdba,1e473914-46e4-408d-af26-178fb115de76,,2016-01-22 00:00:00.000000,,,
4ed2d3a2-eb7b-4cd1-89de-7b30d42f75e2,c7edbf0f-f206-11e4-aa52-24be05e24f7e,,f72e0ef0-7c4a-4307-af78-8e38dac3fdba,1e473914-46e4-408d-af26-178fb115de76,,2016-01-22 00:00:00.000000,,,
58cf55ee-0976-4db1-9b7b-8501639ab1cf,ce1dc2de-f206-11e4-a646-24be05e24f7e,,2323b76a-db98-4e03-aa37-e171cfbdd1a4,257a305e-4dd3-41f1-9824-dfe7e8bd59e1,,2016-01-22 00:00:00.000000,,,
bf47609c-3da4-4de2-a865-7fd761e63204,c7edbf0f-f206-11e4-aa52-24be05e24f7e,,f72e0ef0-7c4a-4307-af78-8e38dac3fdba,1e473914-46e4-408d-af26-178fb115de76,,2016-01-22 00:00:00.000000,,,
49576c54-8e2a-4732-9420-6ea9ae56c215,cc74f4e1-f206-11e4-ad66-24be05e24f7e,true,2323b76a-db98-4e03-aa37-e171cfbdd1a4,257a305e-4dd3-41f1-9824-dfe7e8bd59e1,true,2016-04-29 00:00:00.000000,,,4a8ecef8-41b2-47f2-8b89-9902d138eaaf
9c103709-545f-4f4b-9c61-904c1add03ec,cd844200-f206-11e4-9393-24be05e24f7e,,2323b76a-db98-4e03-aa37-e171cfbdd1a4,257a305e-4dd3-41f1-9824-dfe7e8bd59e1,,2016-01-20 00:00:00.000000,,,f6a9109c-a401-41c8-b0a8-bba9233c1d89
b1930aac-74b1-445a-9b4e-608a40277372,c8d69870-f206-11e4-b477-24be05e24f7e,true,b50c4dc2-6c86-4d79-aa8a-23a65da292c6,f6de5351-3797-41e9-8053-7fb111a3a1a0,true,2016-02-29 00:00:00.000000,,,
17850fcd-eba3-444f-a187-7b0abcd5149a,c822b1c0-f206-11e4-9755-24be05e24f7e,true,0e39ead4-383b-4452-bbd4-babb7becd82e,42f97cca-2cb4-497a-a0fd-ceef1ba46bcc,true,2016-03-16 00:00:00.000000,,,
fc81fab0-c160-43f0-b1c2-aea0bbf97a48,cb914b9e-f206-11e4-b447-24be05e24f7e,true,2323b76a-db98-4e03-aa37-e171cfbdd1a4,257a305e-4dd3-41f1-9824-dfe7e8bd59e1,true,2016-04-05 00:00:00.000000,,,
1794018b-ca8d-47c7-8b8e-8828d4171845,cd844200-f206-11e4-9393-24be05e24f7e,true,2323b76a-db98-4e03-aa37-e171cfbdd1a4,257a305e-4dd3-41f1-9824-dfe7e8bd59e1,true,2016-04-10 00:00:00.000000,,,
a7c9fddd-9f8f-41ec-b2e2-17db6a7b2505,cebd854f-f206-11e4-b46e-24be05e24f7e,true,2323b76a-db98-4e03-aa37-e171cfbdd1a4,257a305e-4dd3-41f1-9824-dfe7e8bd59e1,true,2016-04-16 00:00:00.000000,,,
a45256e6-578e-47ac-81b2-4053d2c4dedc,cc040aa1-f206-11e4-a3e0-24be05e24f7e,true,892189e9-d712-4bdb-afa7-1ccab43fbed4,257a305e-4dd3-41f1-9824-dfe7e8bd59e1,true,2016-05-30 00:00:00.000000,,,
e971630a-fa4d-42cd-a2cf-47ce6a5385b9,c7edbf0f-f206-11e4-aa52-24be05e24f7e,true,f72e0ef0-7c4a-4307-af78-8e38dac3fdba,1e473914-46e4-408d-af26-178fb115de76,true,2016-01-16 00:00:00.000000,,,
2116e9cb-2bf0-4ea0-8383-d7ed2a5a16bd,c96ff240-f206-11e4-b581-24be05e24f7e,true,b50c4dc2-6c86-4d79-aa8a-23a65da292c6,f6de5351-3797-41e9-8053-7fb111a3a1a0,true,2016-02-02 00:00:00.000000,,,
5c17e953-1120-4ef6-a443-985c2c4e7217,c96ff240-f206-11e4-b581-24be05e24f7e,true,b50c4dc2-6c86-4d79-aa8a-23a65da292c6,f6de5351-3797-41e9-8053-7fb111a3a1a0,true,2016-04-10 00:00:00.000000,,,
6244343d-8a62-4d45-86ba-49c6f0e38b0d,cbcea2c0-f206-11e4-8c4a-24be05e24f7e,true,892189e9-d712-4bdb-afa7-1ccab43fbed4,257a305e-4dd3-41f1-9824-dfe7e8bd59e1,true,2016-02-06 00:00:00.000000,,,
b76c333b-8391-44ff-b78a-13e6a26e9cbe,c7edbf0f-f206-11e4-aa52-24be05e24f7e,true,f72e0ef0-7c4a-4307-af78-8e38dac3fdba,1e473914-46e4-408d-af26-178fb115de76,true,2016-02-08 00:00:00.000000,,,
523745cd-b5c5-4ba1-9cc2-4c7fd7164b33,c74c9d0f-f206-11e4-8330-24be05e24f7e,true,0bcf2be1-3168-4e42-9fb5-3551d7dbce77,65f033d2-1303-4748-bc26-ef62c38eced4,true,2015-11-22 00:00:00.000000,,,
f9564fb3-2d71-44aa-9afd-d80d3aacee43,c7edbf0f-f206-11e4-aa52-24be05e24f7e,true,f72e0ef0-7c4a-4307-af78-8e38dac3fdba,1e473914-46e4-408d-af26-178fb115de76,true,2015-12-23 00:00:00.000000,,,
4a2013a0-9071-4563-9f06-66de137142ee,c7edbf0f-f206-11e4-aa52-24be05e24f7e,true,f72e0ef0-7c4a-4307-af78-8e38dac3fdba,1e473914-46e4-408d-af26-178fb115de76,true,2016-04-03 00:00:00.000000,,,
0f41735f-6120-4ac6-9d02-a1388405c5b5,c7edbf0f-f206-11e4-aa52-24be05e24f7e,true,f72e0ef0-7c4a-4307-af78-8e38dac3fdba,1e473914-46e4-408d-af26-178fb115de76,true,2016-03-31 00:00:00.000000,,,
874b13c6-d553-4cb8-bdcb-09d8b4e488f5,c7edbf0f-f206-11e4-aa52-24be05e24f7e,true,f72e0ef0-7c4a-4307-af78-8e38dac3fdba,1e473914-46e4-408d-af26-178fb115de76,true,2016-01-08 00:00:00.000000,,,
0ea9c5a5-8fd8-40ae-afa0-a588f9379654,c74c9d0f-f206-11e4-8330-24be05e24f7e,,780cc101-005c-4fca-8ce7-6f36d7156ffe,65f033d2-1303-4748-bc26-ef62c38eced4,,2016-01-19 00:00:00.000000,,,db195626-2bb2-49fc-8b2c-e454a1253318
56d464f4-1b29-4162-8728-4bafac723c00,cb914b9e-f206-11e4-b447-24be05e24f7e,,d0766624-dbd7-4536-ba39-2d890a6143a9,257a305e-4dd3-41f1-9824-dfe7e8bd59e1,,2016-01-20 00:00:00.000000,,,18d4f8d7-7060-4657-b301-4bb3af9feca5
90bd746f-ac3d-4eb5-9dc5-da0d6122c2eb,cc74f4e1-f206-11e4-ad66-24be05e24f7e,true,2323b76a-db98-4e03-aa37-e171cfbdd1a4,257a305e-4dd3-41f1-9824-dfe7e8bd59e1,true,2016-03-25 00:00:00.000000,,,
5b55aaa6-b61e-4ccc-8fdc-9daaf026b5aa,c7edbf0f-f206-11e4-aa52-24be05e24f7e,,f72e0ef0-7c4a-4307-af78-8e38dac3fdba,1e473914-46e4-408d-af26-178fb115de76,,2016-01-20 00:00:00.000000,,,ec3eef73-13e3-4d4b-a922-cc195109a842
e41656b7-c0c3-42aa-ba8e-318565c4f49a,c74c9d0f-f206-11e4-8330-24be05e24f7e,,780cc101-005c-4fca-8ce7-6f36d7156ffe,65f033d2-1303-4748-bc26-ef62c38eced4,,2016-01-19 00:00:00.000000,,,db195626-2bb2-49fc-8b2c-e454a1253318
74740192-a746-4b94-bd70-0738c8bd9df3,c7edbf0f-f206-11e4-aa52-24be05e24f7e,,f72e0ef0-7c4a-4307-af78-8e38dac3fdba,1e473914-46e4-408d-af26-178fb115de76,,2016-01-20 00:00:00.000000,,,cda95cfb-8ffd-4b83-98f3-4b082c07df3a
c079703b-6f1b-4e81-a9e3-be90815c67cb,c7edbf0f-f206-11e4-aa52-24be05e24f7e,,f72e0ef0-7c4a-4307-af78-8e38dac3fdba,1e473914-46e4-408d-af26-178fb115de76,,2016-01-17 00:00:00.000000,,,a413c632-2fad-4c4f-a2ec-9a07b8ba3e33
b0882a4a-bd78-4f2e-be20-854e5c6289bd,c7edbf0f-f206-11e4-aa52-24be05e24f7e,,f72e0ef0-7c4a-4307-af78-8e38dac3fdba,1e473914-46e4-408d-af26-178fb115de76,,2016-01-20 00:00:00.000000,,,ec3eef73-13e3-4d4b-a922-cc195109a842
c59cbd0d-a582-4a89-8823-3505c876b833,c7edbf0f-f206-11e4-aa52-24be05e24f7e,,f72e0ef0-7c4a-4307-af78-8e38dac3fdba,1e473914-46e4-408d-af26-178fb115de76,,2016-01-17 00:00:00.000000,,,cda95cfb-8ffd-4b83-98f3-4b082c07df3a
fa193d27-66a1-4146-807f-cc4d603a66b1,c7edbf0f-f206-11e4-aa52-24be05e24f7e,,f72e0ef0-7c4a-4307-af78-8e38dac3fdba,1e473914-46e4-408d-af26-178fb115de76,,2016-01-20 00:00:00.000000,,,a413c632-2fad-4c4f-a2ec-9a07b8ba3e33
59ed3ccb-9af4-42e8-9397-178226696b33,cb914b9e-f206-11e4-b447-24be05e24f7e,,c98949ae-60a8-43dc-85d7-0feb0b92e719,1571fdac-e0b4-4ebc-a73a-6e13001b71d3,,2016-01-20 00:00:00.000000,,,59a0d084-e0b5-41f3-90ee-1076d6a42c23
12384621-3739-47d0-9f8a-33dbc4e2ac0c,cc74f4e1-f206-11e4-ad66-24be05e24f7e,true,2323b76a-db98-4e03-aa37-e171cfbdd1a4,257a305e-4dd3-41f1-9824-dfe7e8bd59e1,true,2016-04-30 00:00:00.000000,,,3317b04b-f92c-425d-9fb0-03921c332bbd
12c61263-9986-4135-bfaa-f5d6e89ab744,cb914b9e-f206-11e4-b447-24be05e24f7e,,c98949ae-60a8-43dc-85d7-0feb0b92e719,1571fdac-e0b4-4ebc-a73a-6e13001b71d3,,2016-01-20 00:00:00.000000,,,59a0d084-e0b5-41f3-90ee-1076d6a42c23
36caf9c9-71c9-40e4-aff0-18faa074b2c4,c7edbf0f-f206-11e4-aa52-24be05e24f7e,true,f72e0ef0-7c4a-4307-af78-8e38dac3fdba,1e473914-46e4-408d-af26-178fb115de76,true,2016-01-18 00:00:00.000000,,,cda95cfb-8ffd-4b83-98f3-4b082c07df3a
c793c80e-3dfb-43b1-b814-31a94e121067,cdee4e70-f206-11e4-87a2-24be05e24f7e,,2323b76a-db98-4e03-aa37-e171cfbdd1a4,257a305e-4dd3-41f1-9824-dfe7e8bd59e1,,2016-01-20 00:00:00.000000,,,7b8c2215-395c-4189-93e7-8b125dd3144c
1576c178-a38a-44e1-b756-e0a24bbd4163,c7edbf0f-f206-11e4-aa52-24be05e24f7e,,f72e0ef0-7c4a-4307-af78-8e38dac3fdba,1e473914-46e4-408d-af26-178fb115de76,,2016-01-20 00:00:00.000000,,,ec3eef73-13e3-4d4b-a922-cc195109a842
b385cd42-d980-4971-973e-73308a245bb4,caacb800-f206-11e4-81ab-24be05e24f7e,,2323b76a-db98-4e03-aa37-e171cfbdd1a4,257a305e-4dd3-41f1-9824-dfe7e8bd59e1,,2016-01-20 00:00:00.000000,,,
e0a5fe24-feeb-47b6-b19d-670e919d5e8f,cdb934b0-f206-11e4-8810-24be05e24f7e,,2323b76a-db98-4e03-aa37-e171cfbdd1a4,257a305e-4dd3-41f1-9824-dfe7e8bd59e1,,2016-01-20 00:00:00.000000,,,
a98d90c3-5591-4281-9bd1-2c8cd7816dbc,c7edbf0f-f206-11e4-aa52-24be05e24f7e,,f72e0ef0-7c4a-4307-af78-8e38dac3fdba,1e473914-46e4-408d-af26-178fb115de76,,2016-01-20 00:00:00.000000,,,
7ad9eb4d-62e1-45e6-b09a-e55dbe5da9cd,c96ff240-f206-11e4-b581-24be05e24f7e,true,b50c4dc2-6c86-4d79-aa8a-23a65da292c6,f6de5351-3797-41e9-8053-7fb111a3a1a0,true,2016-02-29 00:00:00.000000,,,
f874a6e9-5bdf-4386-88c2-e33354d946d1,c7edbf0f-f206-11e4-aa52-24be05e24f7e,,f72e0ef0-7c4a-4307-af78-8e38dac3fdba,1e473914-46e4-408d-af26-178fb115de76,,2016-01-15 00:00:00.000000,,,cda95cfb-8ffd-4b83-98f3-4b082c07df3a
6c2648bc-7ac1-4358-8814-19ee11ec2078,5e130537-2275-40b5-9758-94b1986934ed,true,b50c4dc2-6c86-4d79-aa8a-23a65da292c6,f6de5351-3797-41e9-8053-7fb111a3a1a0,true,2016-04-10 00:00:00.000000,,,
3539386c-ab01-47a4-8a29-0776366b9ee5,c7edbf0f-f206-11e4-aa52-24be05e24f7e,true,f72e0ef0-7c4a-4307-af78-8e38dac3fdba,1e473914-46e4-408d-af26-178fb115de76,true,2015-12-27 00:00:00.000000,,,
52fc1a1c-d4c6-4dd0-81e6-88dd23ee75cb,caacb800-f206-11e4-81ab-24be05e24f7e,true,892189e9-d712-4bdb-afa7-1ccab43fbed4,257a305e-4dd3-41f1-9824-dfe7e8bd59e1,true,2015-12-01 00:00:00.000000,,,587ad897-da3c-43f9-be13-9d2871156e2c
a2893dd1-830b-4ff0-a587-97eb0949aac1,c7edbf0f-f206-11e4-aa52-24be05e24f7e,,f72e0ef0-7c4a-4307-af78-8e38dac3fdba,1e473914-46e4-408d-af26-178fb115de76,,2016-01-15 00:00:00.000000,,,b0fbb56f-c5ef-4eb4-bf43-d00d1618f34d
7511f978-cf03-4503-b311-9fb356db26c3,c7edbf0f-f206-11e4-aa52-24be05e24f7e,,f72e0ef0-7c4a-4307-af78-8e38dac3fdba,1e473914-46e4-408d-af26-178fb115de76,,2016-01-15 00:00:00.000000,,,b0fbb56f-c5ef-4eb4-bf43-d00d1618f34d
ec719ef6-2186-45a8-b9e8-709ed4dbca02,cb914b9e-f206-11e4-b447-24be05e24f7e,,c98949ae-60a8-43dc-85d7-0feb0b92e719,257a305e-4dd3-41f1-9824-dfe7e8bd59e1,,2016-01-06 00:00:00.000000,,,3cf6604c-9fd0-4f0c-a949-7f8941fcf014
ab57bded-56d4-4007-b99d-a93a137e49e2,cdb934b0-f206-11e4-8810-24be05e24f7e,true,2323b76a-db98-4e03-aa37-e171cfbdd1a4,257a305e-4dd3-41f1-9824-dfe7e8bd59e1,true,2016-03-15 00:00:00.000000,,,
41a61d04-0b61-4d43-8b64-f70be73e2373,cdb934b0-f206-11e4-8810-24be05e24f7e,,d0766624-dbd7-4536-ba39-2d890a6143a9,257a305e-4dd3-41f1-9824-dfe7e8bd59e1,,2016-01-16 00:00:00.000000,,,aa81797f-b71e-4928-abb0-495641d0681c
18b84bca-a4a5-4bba-82f4-21dd6b5139f7,c7edbf0f-f206-11e4-aa52-24be05e24f7e,,f72e0ef0-7c4a-4307-af78-8e38dac3fdba,1e473914-46e4-408d-af26-178fb115de76,,2016-01-16 00:00:00.000000,,,ec3eef73-13e3-4d4b-a922-cc195109a842
355568c5-1b01-458c-ba8b-2c724ff68ff9,cd844200-f206-11e4-9393-24be05e24f7e,,d0766624-dbd7-4536-ba39-2d890a6143a9,257a305e-4dd3-41f1-9824-dfe7e8bd59e1,,2016-01-16 00:00:00.000000,,,ea6d436b-b29a-48f9-9e18-44866444469d
581d9678-eb48-4999-91d1-82ef5b7540bf,c74c9d0f-f206-11e4-8330-24be05e24f7e,true,2323b76a-db98-4e03-aa37-e171cfbdd1a4,257a305e-4dd3-41f1-9824-dfe7e8bd59e1,true,2016-04-05 00:00:00.000000,,,
487ce0df-f483-468a-a90e-c6baf80860af,cdee4e70-f206-11e4-87a2-24be05e24f7e,true,2323b76a-db98-4e03-aa37-e171cfbdd1a4,257a305e-4dd3-41f1-9824-dfe7e8bd59e1,true,2016-04-10 00:00:00.000000,,,
db8c3ce4-0ead-4b5c-8deb-4ee131126dc9,c7edbf0f-f206-11e4-aa52-24be05e24f7e,,f72e0ef0-7c4a-4307-af78-8e38dac3fdba,1e473914-46e4-408d-af26-178fb115de76,,2016-01-15 00:00:00.000000,,,
25b4b6a5-6fc2-45a6-931a-962c6a58ccfe,c7edbf0f-f206-11e4-aa52-24be05e24f7e,,f72e0ef0-7c4a-4307-af78-8e38dac3fdba,1e473914-46e4-408d-af26-178fb115de76,,2016-01-15 00:00:00.000000,,,
4dde15ea-a305-435a-8c09-8615f16762b8,c7edbf0f-f206-11e4-aa52-24be05e24f7e,,f72e0ef0-7c4a-4307-af78-8e38dac3fdba,1e473914-46e4-408d-af26-178fb115de76,,2016-01-15 00:00:00.000000,,,ec3eef73-13e3-4d4b-a922-cc195109a842
84784264-cad2-47da-9443-cc794bcd0faa,cc040aa1-f206-11e4-a3e0-24be05e24f7e,,ddfb6af3-2a64-4ecd-8eda-c1ce4413b676,257a305e-4dd3-41f1-9824-dfe7e8bd59e1,,2016-01-16 00:00:00.000000,,,2c32da06-2c0e-445e-86df-f4acad3c8c4b
0e21c286-b038-418d-914b-f5ae03194693,c7edbf0f-f206-11e4-aa52-24be05e24f7e,,f72e0ef0-7c4a-4307-af78-8e38dac3fdba,1e473914-46e4-408d-af26-178fb115de76,,2016-01-16 00:00:00.000000,,,a413c632-2fad-4c4f-a2ec-9a07b8ba3e33
903149c6-8114-47e1-aef0-3a80b76411d8,c7805740-f206-11e4-982c-24be05e24f7e,,780cc101-005c-4fca-8ce7-6f36d7156ffe,8d4a3dbc-ef7a-405e-862b-34093ff582fd,,2016-01-15 00:00:00.000000,,,
dfd8bb8b-b221-41db-a15d-4198795a3311,c7edbf0f-f206-11e4-aa52-24be05e24f7e,,f72e0ef0-7c4a-4307-af78-8e38dac3fdba,1e473914-46e4-408d-af26-178fb115de76,,2016-01-15 00:00:00.000000,,,a413c632-2fad-4c4f-a2ec-9a07b8ba3e33
4f9ce4f6-7706-4962-97ef-a8a93776e956,c7edbf0f-f206-11e4-aa52-24be05e24f7e,true,f72e0ef0-7c4a-4307-af78-8e38dac3fdba,1e473914-46e4-408d-af26-178fb115de76,true,2015-12-27 00:00:00.000000,,,b0fbb56f-c5ef-4eb4-bf43-d00d1618f34d
d1ad4a62-a85a-4625-b0a6-45bd9d1b8a01,c7edbf0f-f206-11e4-aa52-24be05e24f7e,,f72e0ef0-7c4a-4307-af78-8e38dac3fdba,1e473914-46e4-408d-af26-178fb115de76,,2016-01-15 00:00:00.000000,,,ec3eef73-13e3-4d4b-a922-cc195109a842
ae56da2d-af6d-449d-ac4e-5086e15165fe,cb914b9e-f206-11e4-b447-24be05e24f7e,,2323b76a-db98-4e03-aa37-e171cfbdd1a4,257a305e-4dd3-41f1-9824-dfe7e8bd59e1,,2016-01-06 00:00:00.000000,,,
b6531f49-b8c4-421a-8a97-cd7eb50a4a18,cb914b9e-f206-11e4-b447-24be05e24f7e,,d0766624-dbd7-4536-ba39-2d890a6143a9,257a305e-4dd3-41f1-9824-dfe7e8bd59e1,,2016-01-06 00:00:00.000000,,,18d4f8d7-7060-4657-b301-4bb3af9feca5
1be83b45-da09-45af-9532-9bc1e615f7b2,cdb934b0-f206-11e4-8810-24be05e24f7e,,c98949ae-60a8-43dc-85d7-0feb0b92e719,1571fdac-e0b4-4ebc-a73a-6e13001b71d3,,2016-01-06 00:00:00.000000,,,
d4378357-8098-4542-a626-6e1bb1df529d,ce1dc2de-f206-11e4-a646-24be05e24f7e,,d0766624-dbd7-4536-ba39-2d890a6143a9,257a305e-4dd3-41f1-9824-dfe7e8bd59e1,,2016-01-16 00:00:00.000000,,,f29e4b62-0c50-48da-b84b-345b64d3176a
9aac8e90-846b-4bbc-a1e1-cfe51c60df22,c7edbf0f-f206-11e4-aa52-24be05e24f7e,,f72e0ef0-7c4a-4307-af78-8e38dac3fdba,1e473914-46e4-408d-af26-178fb115de76,,2016-01-16 00:00:00.000000,,,
3477e480-e31d-44d3-8946-35559260eabd,c7edbf0f-f206-11e4-aa52-24be05e24f7e,,f72e0ef0-7c4a-4307-af78-8e38dac3fdba,1e473914-46e4-408d-af26-178fb115de76,,2016-01-16 00:00:00.000000,,,
dd8c268b-af82-4e92-bdf8-f275d0929107,cd844200-f206-11e4-9393-24be05e24f7e,,c98949ae-60a8-43dc-85d7-0feb0b92e719,1571fdac-e0b4-4ebc-a73a-6e13001b71d3,,2016-01-06 00:00:00.000000,,,9b3a23cd-8562-49d7-bf88-36b927f3e9c3
3e03c9be-f717-4bfb-9e2a-ef4ae818c2e2,cd844200-f206-11e4-9393-24be05e24f7e,,d0766624-dbd7-4536-ba39-2d890a6143a9,257a305e-4dd3-41f1-9824-dfe7e8bd59e1,,2016-01-16 00:00:00.000000,,,
05f7b277-c3c5-42f3-8d66-faf1d94012d8,c7805740-f206-11e4-982c-24be05e24f7e,,780cc101-005c-4fca-8ce7-6f36d7156ffe,b45854a7-e6e1-4a9c-9104-139934511779,,2016-01-15 00:00:00.000000,,,51db9164-a000-4623-a591-e886c2705dd8
df6a2deb-1b4f-4c95-93fb-03872c7c14d2,cebd854f-f206-11e4-b46e-24be05e24f7e,,d0766624-dbd7-4536-ba39-2d890a6143a9,257a305e-4dd3-41f1-9824-dfe7e8bd59e1,,2016-01-16 00:00:00.000000,,,
be574480-938d-4d4c-8616-dd0bdbd6ea0d,cebd854f-f206-11e4-b46e-24be05e24f7e,,d0766624-dbd7-4536-ba39-2d890a6143a9,257a305e-4dd3-41f1-9824-dfe7e8bd59e1,,2016-01-16 00:00:00.000000,,,
ae9bf68e-2d8d-40d7-862e-dacbbdde0ff1,c7edbf0f-f206-11e4-aa52-24be05e24f7e,,f72e0ef0-7c4a-4307-af78-8e38dac3fdba,1e473914-46e4-408d-af26-178fb115de76,,2016-01-15 00:00:00.000000,,,
d5b1920a-71dc-4930-8538-964f0f665244,c7edbf0f-f206-11e4-aa52-24be05e24f7e,,f72e0ef0-7c4a-4307-af78-8e38dac3fdba,1e473914-46e4-408d-af26-178fb115de76,,2016-01-15 00:00:00.000000,,,
a4a1a247-59a9-4e71-8ab1-8ae83a2a916b,c7edbf0f-f206-11e4-aa52-24be05e24f7e,,f72e0ef0-7c4a-4307-af78-8e38dac3fdba,1e473914-46e4-408d-af26-178fb115de76,,2016-01-15 00:00:00.000000,,,
6a30b0b3-b9e8-4147-88c4-1f4c9bbfbea8,c7edbf0f-f206-11e4-aa52-24be05e24f7e,,f72e0ef0-7c4a-4307-af78-8e38dac3fdba,1e473914-46e4-408d-af26-178fb115de76,,2016-01-16 00:00:00.000000,,,
0d452e99-4a59-4e1a-bf7b-60023057e1a9,cb251c51-f206-11e4-8541-24be05e24f7e,true,b50c4dc2-6c86-4d79-aa8a-23a65da292c6,f6de5351-3797-41e9-8053-7fb111a3a1a0,true,2016-02-29 00:00:00.000000,,,
f4862929-ebe4-4319-bdec-af4cb578e1d7,c7edbf0f-f206-11e4-aa52-24be05e24f7e,true,f72e0ef0-7c4a-4307-af78-8e38dac3fdba,1e473914-46e4-408d-af26-178fb115de76,true,2016-03-09 00:00:00.000000,,,55e5ee2e-88df-4657-b9ae-b6ec7ca64614
93caeb13-0a7c-426a-a0a0-ec986a0f0181,5e130537-2275-40b5-9758-94b1986934ed,true,b50c4dc2-6c86-4d79-aa8a-23a65da292c6,f6de5351-3797-41e9-8053-7fb111a3a1a0,true,2016-04-10 00:00:00.000000,,,
81223e17-7c90-4ef2-92f2-441da8e6ddca,ce1dc2de-f206-11e4-a646-24be05e24f7e,true,2323b76a-db98-4e03-aa37-e171cfbdd1a4,257a305e-4dd3-41f1-9824-dfe7e8bd59e1,true,2016-03-15 00:00:00.000000,,,
b7bbafe8-c708-4d66-906f-f658fb9ee2be,cdee4e70-f206-11e4-87a2-24be05e24f7e,true,2323b76a-db98-4e03-aa37-e171cfbdd1a4,257a305e-4dd3-41f1-9824-dfe7e8bd59e1,true,2016-04-05 00:00:00.000000,,,
497638db-d28e-4b42-be1c-e22ee867e12e,ce89a40f-f206-11e4-b83f-24be05e24f7e,true,2323b76a-db98-4e03-aa37-e171cfbdd1a4,257a305e-4dd3-41f1-9824-dfe7e8bd59e1,true,2016-04-10 00:00:00.000000,,,
cb2dbe83-8a3b-47fa-b8b1-c8ec091fe325,cebd854f-f206-11e4-b46e-24be05e24f7e,true,2323b76a-db98-4e03-aa37-e171cfbdd1a4,257a305e-4dd3-41f1-9824-dfe7e8bd59e1,true,2016-04-16 00:00:00.000000,,,
74cb63c9-a867-4b22-a6fd-9713ea8953dd,c7edbf0f-f206-11e4-aa52-24be05e24f7e,true,f72e0ef0-7c4a-4307-af78-8e38dac3fdba,1e473914-46e4-408d-af26-178fb115de76,true,2016-01-16 00:00:00.000000,,,
f56702a8-b89d-4292-8486-a5836c920d8f,cdb934b0-f206-11e4-8810-24be05e24f7e,,5728f612-3f20-4459-98bd-3478c79c4861,257a305e-4dd3-41f1-9824-dfe7e8bd59e1,,2016-01-03 00:00:00.000000,,,
b51ef045-efee-4d5b-bba5-1380ad7d8f1e,c8d69870-f206-11e4-b477-24be05e24f7e,true,b50c4dc2-6c86-4d79-aa8a-23a65da292c6,f6de5351-3797-41e9-8053-7fb111a3a1a0,true,2016-02-02 00:00:00.000000,,,
815431cd-48fb-43aa-9d25-5b5bae0e4485,cebd854f-f206-11e4-b46e-24be05e24f7e,true,892189e9-d712-4bdb-afa7-1ccab43fbed4,257a305e-4dd3-41f1-9824-dfe7e8bd59e1,true,2016-02-06 00:00:00.000000,,,
0c59599c-0128-47fd-a970-52c719203c60,cb914b9e-f206-11e4-b447-24be05e24f7e,,d0766624-dbd7-4536-ba39-2d890a6143a9,257a305e-4dd3-41f1-9824-dfe7e8bd59e1,,2016-01-03 00:00:00.000000,,,18d4f8d7-7060-4657-b301-4bb3af9feca5
50a7ce47-40bc-4dbc-9e10-ad27ca92c854,cd844200-f206-11e4-9393-24be05e24f7e,,5728f612-3f20-4459-98bd-3478c79c4861,257a305e-4dd3-41f1-9824-dfe7e8bd59e1,,2016-01-03 00:00:00.000000,,,8ff6e451-7df0-4ea0-8b93-8ec1a1ac4f1e
014b0c53-2efd-4043-ac85-140295b620ea,cdee4e70-f206-11e4-87a2-24be05e24f7e,,c98949ae-60a8-43dc-85d7-0feb0b92e719,257a305e-4dd3-41f1-9824-dfe7e8bd59e1,,2016-01-06 00:00:00.000000,,,193ee1c2-d639-46aa-aaa4-e6a5ff7edf28
e3a21bdf-08ec-46b9-9a88-8ac62d963908,cdb934b0-f206-11e4-8810-24be05e24f7e,,2323b76a-db98-4e03-aa37-e171cfbdd1a4,257a305e-4dd3-41f1-9824-dfe7e8bd59e1,,2016-01-06 00:00:00.000000,,,4ff171f7-1a96-47b4-a1ea-236b1f58dbb6
ebfd0183-8952-42b8-b986-cf72e50ee297,ce1dc2de-f206-11e4-a646-24be05e24f7e,,2323b76a-db98-4e03-aa37-e171cfbdd1a4,257a305e-4dd3-41f1-9824-dfe7e8bd59e1,,2016-01-06 00:00:00.000000,,,f54bb443-6554-47e8-adf6-515d03f265ef
8a30484f-7ced-42c6-8591-4f515d5b510a,ca737f8f-f206-11e4-a7e2-24be05e24f7e,,5728f612-3f20-4459-98bd-3478c79c4861,257a305e-4dd3-41f1-9824-dfe7e8bd59e1,,2016-01-04 00:00:00.000000,,,
44f438e3-902d-44ef-8479-8c706f1c9bc8,cebd854f-f206-11e4-b46e-24be05e24f7e,,d0766624-dbd7-4536-ba39-2d890a6143a9,257a305e-4dd3-41f1-9824-dfe7e8bd59e1,,2016-01-04 00:00:00.000000,,,
dc8a0618-063a-4889-8871-3c7ebc849213,c7edbf0f-f206-11e4-aa52-24be05e24f7e,,f72e0ef0-7c4a-4307-af78-8e38dac3fdba,1e473914-46e4-408d-af26-178fb115de76,,2016-01-03 00:00:00.000000,,,cda95cfb-8ffd-4b83-98f3-4b082c07df3a
803f2d87-93c1-4c70-a7ab-d0e793147724,c7edbf0f-f206-11e4-aa52-24be05e24f7e,,f72e0ef0-7c4a-4307-af78-8e38dac3fdba,1e473914-46e4-408d-af26-178fb115de76,,2016-01-06 00:00:00.000000,,,
279143dd-4851-44c8-a81a-3cc24d776537,c7edbf0f-f206-11e4-aa52-24be05e24f7e,,f72e0ef0-7c4a-4307-af78-8e38dac3fdba,1e473914-46e4-408d-af26-178fb115de76,,2016-01-06 00:00:00.000000,,,9b1c13eb-5ca8-4695-b0da-3fe4859972b1
ae94c733-dd48-4f69-b47e-c343e8effb98,cb914b9e-f206-11e4-b447-24be05e24f7e,,5728f612-3f20-4459-98bd-3478c79c4861,257a305e-4dd3-41f1-9824-dfe7e8bd59e1,,2016-01-04 00:00:00.000000,,,5569038a-0665-4c5b-9a0a-9dcf4eb3b4e1
bcfee4eb-8cdf-454e-a9c6-5e4d28b6b1e2,cc040aa1-f206-11e4-a3e0-24be05e24f7e,,c98949ae-60a8-43dc-85d7-0feb0b92e719,a2949322-dc84-45ab-8454-cf94fb28c189,,2016-01-06 00:00:00.000000,,,240bc951-b49d-426d-8a10-23413c4e2f13
4cbfe1fa-dbf8-4044-90db-0105ba348cc0,cc040aa1-f206-11e4-a3e0-24be05e24f7e,,d0766624-dbd7-4536-ba39-2d890a6143a9,257a305e-4dd3-41f1-9824-dfe7e8bd59e1,,2016-01-03 00:00:00.000000,,,
f08d848e-be28-4dea-91e0-e254db2cc3e3,cc040aa1-f206-11e4-a3e0-24be05e24f7e,,d0766624-dbd7-4536-ba39-2d890a6143a9,257a305e-4dd3-41f1-9824-dfe7e8bd59e1,,2016-01-03 00:00:00.000000,,,
d855493d-a0c7-4a69-ba46-bd3d12bd7f02,c7edbf0f-f206-11e4-aa52-24be05e24f7e,,f72e0ef0-7c4a-4307-af78-8e38dac3fdba,1e473914-46e4-408d-af26-178fb115de76,,2016-01-03 00:00:00.000000,,,
5f78eff3-fc7f-4d55-b3e7-2415a7fe74a0,cebd854f-f206-11e4-b46e-24be05e24f7e,,c98949ae-60a8-43dc-85d7-0feb0b92e719,a2949322-dc84-45ab-8454-cf94fb28c189,,2016-01-06 00:00:00.000000,,,2112be27-f463-4def-bd41-9c8f6789b18c
5c786944-798d-49ed-ac87-4ff9432c5029,ca737f8f-f206-11e4-a7e2-24be05e24f7e,,5728f612-3f20-4459-98bd-3478c79c4861,257a305e-4dd3-41f1-9824-dfe7e8bd59e1,,2016-01-02 00:00:00.000000,,,14ed2ae2-e2d3-4709-ac14-5e25c99e58ab
e0e5500f-6861-4ed7-8623-5c7a4fce2f87,c74c9d0f-f206-11e4-8330-24be05e24f7e,true,0bcf2be1-3168-4e42-9fb5-3551d7dbce77,b45854a7-e6e1-4a9c-9104-139934511779,true,2015-11-22 00:00:00.000000,,,14d68eaa-6ba6-4f72-b03f-0bd7cdedd350
f897112d-6370-4981-b8f9-83f8f9ad2d96,c7edbf0f-f206-11e4-aa52-24be05e24f7e,,f72e0ef0-7c4a-4307-af78-8e38dac3fdba,1e473914-46e4-408d-af26-178fb115de76,,2016-01-06 00:00:00.000000,,,
4c06e118-9d54-4319-93a5-a613f4e8f1a7,caacb800-f206-11e4-81ab-24be05e24f7e,,2323b76a-db98-4e03-aa37-e171cfbdd1a4,257a305e-4dd3-41f1-9824-dfe7e8bd59e1,,2016-01-06 00:00:00.000000,,,629a3c03-224f-4fd2-87f3-6f3b15c3f0da
6510ac9c-7f61-42e0-a586-f5df2fffca54,cdee4e70-f206-11e4-87a2-24be05e24f7e,,c98949ae-60a8-43dc-85d7-0feb0b92e719,257a305e-4dd3-41f1-9824-dfe7e8bd59e1,,2016-01-03 00:00:00.000000,,,193ee1c2-d639-46aa-aaa4-e6a5ff7edf28
e3af48ca-fd91-482f-98bf-221dbcdacbc6,c7edbf0f-f206-11e4-aa52-24be05e24f7e,,f72e0ef0-7c4a-4307-af78-8e38dac3fdba,1e473914-46e4-408d-af26-178fb115de76,,2016-01-06 00:00:00.000000,,,
5d060836-9576-49f4-9c28-2cda2cef0ca2,c7edbf0f-f206-11e4-aa52-24be05e24f7e,,f72e0ef0-7c4a-4307-af78-8e38dac3fdba,1e473914-46e4-408d-af26-178fb115de76,,2016-01-06 00:00:00.000000,,,
7b53f512-ec8e-4905-afcd-3bdf170bd747,c7edbf0f-f206-11e4-aa52-24be05e24f7e,,f72e0ef0-7c4a-4307-af78-8e38dac3fdba,1e473914-46e4-408d-af26-178fb115de76,,2016-01-06 00:00:00.000000,,,
1b6b4fa0-8b68-4681-85e2-6e681a19df24,c7edbf0f-f206-11e4-aa52-24be05e24f7e,true,f72e0ef0-7c4a-4307-af78-8e38dac3fdba,1e473914-46e4-408d-af26-178fb115de76,true,2015-12-27 00:00:00.000000,,,cda95cfb-8ffd-4b83-98f3-4b082c07df3a
ec2e6481-e4e4-4e78-8674-e46b013709bb,cb914b9e-f206-11e4-b447-24be05e24f7e,true,2323b76a-db98-4e03-aa37-e171cfbdd1a4,257a305e-4dd3-41f1-9824-dfe7e8bd59e1,true,2016-03-18 00:00:00.000000,,,
fb5e9e31-aad6-44b4-b6c0-3eb65ab2e486,cb914b9e-f206-11e4-b447-24be05e24f7e,true,2323b76a-db98-4e03-aa37-e171cfbdd1a4,257a305e-4dd3-41f1-9824-dfe7e8bd59e1,true,2016-04-05 00:00:00.000000,,,
b7698d98-7ae5-4540-a78b-b1d54cffa3b9,ce1dc2de-f206-11e4-a646-24be05e24f7e,true,2323b76a-db98-4e03-aa37-e171cfbdd1a4,257a305e-4dd3-41f1-9824-dfe7e8bd59e1,true,2016-04-10 00:00:00.000000,,,
4d1e074a-1343-47dc-a730-196e4529060f,cd844200-f206-11e4-9393-24be05e24f7e,true,2323b76a-db98-4e03-aa37-e171cfbdd1a4,257a305e-4dd3-41f1-9824-dfe7e8bd59e1,true,2016-04-16 00:00:00.000000,,,
2989f81f-40d6-4f53-b8a0-0bf597593bf1,c7edbf0f-f206-11e4-aa52-24be05e24f7e,true,f72e0ef0-7c4a-4307-af78-8e38dac3fdba,1e473914-46e4-408d-af26-178fb115de76,true,2016-05-18 00:00:00.000000,,,
e49b7b60-e457-400c-a701-1ba4bef12240,cae999f0-f206-11e4-9835-24be05e24f7e,true,0e39ead4-383b-4452-bbd4-babb7becd82e,42f97cca-2cb4-497a-a0fd-ceef1ba46bcc,true,2016-02-29 00:00:00.000000,,,
d16eae9c-6a14-4c33-8b6e-88a129d0d90b,c7edbf0f-f206-11e4-aa52-24be05e24f7e,true,f72e0ef0-7c4a-4307-af78-8e38dac3fdba,1e473914-46e4-408d-af26-178fb115de76,true,2016-01-16 00:00:00.000000,,,
ecc149df-c320-47bc-9f86-54a07732f1d8,ce1dc2de-f206-11e4-a646-24be05e24f7e,,c98949ae-60a8-43dc-85d7-0feb0b92e719,a2949322-dc84-45ab-8454-cf94fb28c189,,2016-01-02 00:00:00.000000,,,242842db-5ed7-4e42-8ace-881eef32490e
4da4489b-2c29-48c8-9fa8-f3d49abc3e9a,ce1dc2de-f206-11e4-a646-24be05e24f7e,,5728f612-3f20-4459-98bd-3478c79c4861,257a305e-4dd3-41f1-9824-dfe7e8bd59e1,,2016-01-02 00:00:00.000000,,,d9abec6a-4d36-4ecc-97da-6e5f7a4adb98
8b3de310-6c5d-4589-9c76-bb750f1e923e,c96ff240-f206-11e4-b581-24be05e24f7e,true,b50c4dc2-6c86-4d79-aa8a-23a65da292c6,f6de5351-3797-41e9-8053-7fb111a3a1a0,true,2016-02-02 00:00:00.000000,,,
77e7811a-17b9-4afc-b927-72d3c627cf7c,cdee4e70-f206-11e4-87a2-24be05e24f7e,true,892189e9-d712-4bdb-afa7-1ccab43fbed4,257a305e-4dd3-41f1-9824-dfe7e8bd59e1,true,2016-02-06 00:00:00.000000,,,
e1c5a423-3e89-4122-ac6a-5256b98d0446,c7edbf0f-f206-11e4-aa52-24be05e24f7e,,f72e0ef0-7c4a-4307-af78-8e38dac3fdba,1e473914-46e4-408d-af26-178fb115de76,,2016-01-02 00:00:00.000000,,,ec3eef73-13e3-4d4b-a922-cc195109a842
516df592-e27f-43af-8d40-96e052debc2a,cdb934b0-f206-11e4-8810-24be05e24f7e,,5728f612-3f20-4459-98bd-3478c79c4861,257a305e-4dd3-41f1-9824-dfe7e8bd59e1,,2016-01-02 00:00:00.000000,,,125cab0f-b6f7-4696-93aa-32369a9851b5
81578751-f0c2-4921-a958-f0e80837aa31,ca737f8f-f206-11e4-a7e2-24be05e24f7e,,d0766624-dbd7-4536-ba39-2d890a6143a9,257a305e-4dd3-41f1-9824-dfe7e8bd59e1,,2016-01-02 00:00:00.000000,,,83699ca2-2ecd-48f8-91c7-4dc5f24d074d
0f816163-ffb8-4a57-a976-b5f4de277592,cd844200-f206-11e4-9393-24be05e24f7e,,c98949ae-60a8-43dc-85d7-0feb0b92e719,1571fdac-e0b4-4ebc-a73a-6e13001b71d3,,2016-01-02 00:00:00.000000,,,
6f24ee43-2d22-4432-a761-97625ff941a7,ce1dc2de-f206-11e4-a646-24be05e24f7e,,5728f612-3f20-4459-98bd-3478c79c4861,257a305e-4dd3-41f1-9824-dfe7e8bd59e1,,2016-01-02 00:00:00.000000,,,d9abec6a-4d36-4ecc-97da-6e5f7a4adb98
ad8455b1-0239-4eb7-9d1a-89e80540503d,caacb800-f206-11e4-81ab-24be05e24f7e,,892189e9-d712-4bdb-afa7-1ccab43fbed4,257a305e-4dd3-41f1-9824-dfe7e8bd59e1,,2016-01-02 00:00:00.000000,,,317c8cc8-6d96-4a19-a444-3a1ac1eda2b7
00f6b7a1-1071-4411-a9ca-9258007a1aae,cdee4e70-f206-11e4-87a2-24be05e24f7e,,5728f612-3f20-4459-98bd-3478c79c4861,257a305e-4dd3-41f1-9824-dfe7e8bd59e1,,2016-01-02 00:00:00.000000,,,09f2591c-47f0-4cc6-b9d6-7d0cb28074fd
95d0ff36-6ff0-41b0-8e77-53c8d800f716,caacb800-f206-11e4-81ab-24be05e24f7e,,5728f612-3f20-4459-98bd-3478c79c4861,257a305e-4dd3-41f1-9824-dfe7e8bd59e1,,2016-01-02 00:00:00.000000,,,
d0fd8177-13ee-4ce7-8984-bd881ee2649d,cdee4e70-f206-11e4-87a2-24be05e24f7e,,c98949ae-60a8-43dc-85d7-0feb0b92e719,257a305e-4dd3-41f1-9824-dfe7e8bd59e1,,2016-01-02 00:00:00.000000,,,193ee1c2-d639-46aa-aaa4-e6a5ff7edf28
9bb81fac-3b12-4c2f-980c-238f49402776,c7edbf0f-f206-11e4-aa52-24be05e24f7e,,f72e0ef0-7c4a-4307-af78-8e38dac3fdba,1e473914-46e4-408d-af26-178fb115de76,,2016-01-02 00:00:00.000000,,,cda95cfb-8ffd-4b83-98f3-4b082c07df3a
8b5240c6-542f-40c2-b540-27d46bfc1a5a,caacb800-f206-11e4-81ab-24be05e24f7e,,5728f612-3f20-4459-98bd-3478c79c4861,257a305e-4dd3-41f1-9824-dfe7e8bd59e1,,2016-01-02 00:00:00.000000,,,
c482c0fc-e1d8-44a6-be23-3c050924257d,cdee4e70-f206-11e4-87a2-24be05e24f7e,,5728f612-3f20-4459-98bd-3478c79c4861,257a305e-4dd3-41f1-9824-dfe7e8bd59e1,,2016-01-02 00:00:00.000000,,,09f2591c-47f0-4cc6-b9d6-7d0cb28074fd
999dc84d-59ed-4ed8-9365-8428d0bedd74,cd844200-f206-11e4-9393-24be05e24f7e,,5728f612-3f20-4459-98bd-3478c79c4861,257a305e-4dd3-41f1-9824-dfe7e8bd59e1,,2016-01-02 00:00:00.000000,,,
ce0eb04a-44cf-4cfb-94dd-78143577411d,caacb800-f206-11e4-81ab-24be05e24f7e,,5728f612-3f20-4459-98bd-3478c79c4861,257a305e-4dd3-41f1-9824-dfe7e8bd59e1,,2016-01-02 00:00:00.000000,,,
9ac6026a-ec85-4393-9f63-e4b20b0244e3,cb914b9e-f206-11e4-b447-24be05e24f7e,,5728f612-3f20-4459-98bd-3478c79c4861,257a305e-4dd3-41f1-9824-dfe7e8bd59e1,,2016-01-02 00:00:00.000000,,,
c03888e5-8a7f-48c7-a41a-c60629ca0726,ca737f8f-f206-11e4-a7e2-24be05e24f7e,,5728f612-3f20-4459-98bd-3478c79c4861,257a305e-4dd3-41f1-9824-dfe7e8bd59e1,,2016-01-02 00:00:00.000000,,,
7d7da2ea-ecb3-4165-be23-05567d3cf539,c7edbf0f-f206-11e4-aa52-24be05e24f7e,,f72e0ef0-7c4a-4307-af78-8e38dac3fdba,1e473914-46e4-408d-af26-178fb115de76,,2016-01-02 00:00:00.000000,,,
64243f9e-547e-42b5-ae3b-26b103f83213,c7edbf0f-f206-11e4-aa52-24be05e24f7e,,f72e0ef0-7c4a-4307-af78-8e38dac3fdba,1e473914-46e4-408d-af26-178fb115de76,,2016-01-02 00:00:00.000000,,,
443305a1-1d22-43d1-bd8c-4a36d4da0903,c7edbf0f-f206-11e4-aa52-24be05e24f7e,,f72e0ef0-7c4a-4307-af78-8e38dac3fdba,1e473914-46e4-408d-af26-178fb115de76,,2016-01-02 00:00:00.000000,,,
e03f9220-4cd4-475c-8c36-8405e4b57740,c7edbf0f-f206-11e4-aa52-24be05e24f7e,,f72e0ef0-7c4a-4307-af78-8e38dac3fdba,1e473914-46e4-408d-af26-178fb115de76,,2016-01-02 00:00:00.000000,,,
d15725af-2460-448c-b334-128fe6c2d162,c7edbf0f-f206-11e4-aa52-24be05e24f7e,,f72e0ef0-7c4a-4307-af78-8e38dac3fdba,1e473914-46e4-408d-af26-178fb115de76,,2016-01-02 00:00:00.000000,,,
9a2c83f7-5fb2-4e21-ab32-0d2600f64fcc,c7edbf0f-f206-11e4-aa52-24be05e24f7e,,f72e0ef0-7c4a-4307-af78-8e38dac3fdba,1e473914-46e4-408d-af26-178fb115de76,,2016-01-02 00:00:00.000000,,,
68cb377b-4141-4c68-baa9-de37b658df1b,cb914b9e-f206-11e4-b447-24be05e24f7e,,5728f612-3f20-4459-98bd-3478c79c4861,257a305e-4dd3-41f1-9824-dfe7e8bd59e1,,2016-01-02 00:00:00.000000,,,
7c4b045d-bf4e-4ef6-a40f-926b50941ca1,cdee4e70-f206-11e4-87a2-24be05e24f7e,,d0766624-dbd7-4536-ba39-2d890a6143a9,257a305e-4dd3-41f1-9824-dfe7e8bd59e1,,2016-01-02 00:00:00.000000,,,
b4b1b80e-fba8-4d68-93d3-5fe42e280455,cdb934b0-f206-11e4-8810-24be05e24f7e,,892189e9-d712-4bdb-afa7-1ccab43fbed4,257a305e-4dd3-41f1-9824-dfe7e8bd59e1,,2016-01-02 00:00:00.000000,,,
3c36fb07-a6be-4077-b67c-f02cf24792f4,caacb800-f206-11e4-81ab-24be05e24f7e,,892189e9-d712-4bdb-afa7-1ccab43fbed4,257a305e-4dd3-41f1-9824-dfe7e8bd59e1,,2016-01-02 00:00:00.000000,,,
73ccc443-940e-443c-9e8a-30b668dc88e6,c7edbf0f-f206-11e4-aa52-24be05e24f7e,,f72e0ef0-7c4a-4307-af78-8e38dac3fdba,1e473914-46e4-408d-af26-178fb115de76,,2016-01-01 00:00:00.000000,,,9b1c13eb-5ca8-4695-b0da-3fe4859972b1
b45277ad-1b71-4fec-a614-08f91a1c2065,c7edbf0f-f206-11e4-aa52-24be05e24f7e,true,f72e0ef0-7c4a-4307-af78-8e38dac3fdba,1e473914-46e4-408d-af26-178fb115de76,true,2016-04-25 00:00:00.000000,,,d07d249b-762a-4895-87d0-5077e7f7c3e6
7c45b5d6-5718-4a5e-bb33-baacd377bfe1,c822b1c0-f206-11e4-9755-24be05e24f7e,true,0e39ead4-383b-4452-bbd4-babb7becd82e,42f97cca-2cb4-497a-a0fd-ceef1ba46bcc,true,2016-02-29 00:00:00.000000,,,
6bf8a3bd-8098-426f-8aa4-d7ee81824e03,cdb934b0-f206-11e4-8810-24be05e24f7e,true,2323b76a-db98-4e03-aa37-e171cfbdd1a4,257a305e-4dd3-41f1-9824-dfe7e8bd59e1,true,2016-03-18 00:00:00.000000,,,
c343e20f-5693-4561-938e-1b69f3b8a1ea,5e130537-2275-40b5-9758-94b1986934ed,true,b50c4dc2-6c86-4d79-aa8a-23a65da292c6,f6de5351-3797-41e9-8053-7fb111a3a1a0,true,2016-04-10 00:00:00.000000,,,
53e183bb-d19b-4e92-bad8-0511d7293eb6,ce1dc2de-f206-11e4-a646-24be05e24f7e,true,2323b76a-db98-4e03-aa37-e171cfbdd1a4,257a305e-4dd3-41f1-9824-dfe7e8bd59e1,true,2016-04-05 00:00:00.000000,,,
4c3a2908-07a9-4fbb-9e9a-14294a3f06aa,c74c9d0f-f206-11e4-8330-24be05e24f7e,,2323b76a-db98-4e03-aa37-e171cfbdd1a4,257a305e-4dd3-41f1-9824-dfe7e8bd59e1,,2016-01-01 00:00:00.000000,,,e8b39436-4b73-41a4-baef-66d5f35af553
60b6941b-e2de-4680-98a2-e6892708d61c,cdee4e70-f206-11e4-87a2-24be05e24f7e,true,2323b76a-db98-4e03-aa37-e171cfbdd1a4,257a305e-4dd3-41f1-9824-dfe7e8bd59e1,true,2016-04-10 00:00:00.000000,,,
0d5257a5-4487-4c55-89d2-1ed88f6c9584,cb914b9e-f206-11e4-b447-24be05e24f7e,true,2323b76a-db98-4e03-aa37-e171cfbdd1a4,257a305e-4dd3-41f1-9824-dfe7e8bd59e1,true,2016-04-16 00:00:00.000000,,,
64bffe25-86ea-4d4b-9fc4-60c379f45ca4,c854e54f-f206-11e4-bddc-24be05e24f7e,true,b50c4dc2-6c86-4d79-aa8a-23a65da292c6,f6de5351-3797-41e9-8053-7fb111a3a1a0,true,2016-02-01 00:00:00.000000,,,
ad902c3d-cb5c-4669-bee5-ed48106f5512,c7edbf0f-f206-11e4-aa52-24be05e24f7e,,f72e0ef0-7c4a-4307-af78-8e38dac3fdba,1e473914-46e4-408d-af26-178fb115de76,,2016-01-01 00:00:00.000000,,,ec3eef73-13e3-4d4b-a922-cc195109a842
31f50c2d-432e-42b0-b1f5-7e3d05434cf7,ca737f8f-f206-11e4-a7e2-24be05e24f7e,,5728f612-3f20-4459-98bd-3478c79c4861,257a305e-4dd3-41f1-9824-dfe7e8bd59e1,,2016-01-01 00:00:00.000000,,,14ed2ae2-e2d3-4709-ac14-5e25c99e58ab
244c7bff-d383-49a3-b194-d1cac97d124b,c7edbf0f-f206-11e4-aa52-24be05e24f7e,true,f72e0ef0-7c4a-4307-af78-8e38dac3fdba,1e473914-46e4-408d-af26-178fb115de76,true,2016-05-18 00:00:00.000000,,,
88b95484-783d-469c-96f0-cf8c10d68056,c7edbf0f-f206-11e4-aa52-24be05e24f7e,true,f72e0ef0-7c4a-4307-af78-8e38dac3fdba,1e473914-46e4-408d-af26-178fb115de76,true,2016-01-16 00:00:00.000000,,,
e1ef6d39-163f-41e2-8f24-a640ef7b32e9,caacb800-f206-11e4-81ab-24be05e24f7e,,2323b76a-db98-4e03-aa37-e171cfbdd1a4,257a305e-4dd3-41f1-9824-dfe7e8bd59e1,,2016-01-01 00:00:00.000000,,,
244a9905-c0e7-4409-b661-5e74d8fc2023,c8d69870-f206-11e4-b477-24be05e24f7e,true,b50c4dc2-6c86-4d79-aa8a-23a65da292c6,f6de5351-3797-41e9-8053-7fb111a3a1a0,true,2016-02-02 00:00:00.000000,,,
8968ce5d-000d-46bb-ad8c-751421fb99a7,c7edbf0f-f206-11e4-aa52-24be05e24f7e,true,f72e0ef0-7c4a-4307-af78-8e38dac3fdba,1e473914-46e4-408d-af26-178fb115de76,true,2016-02-06 00:00:00.000000,,,
fe421a78-863e-4e0b-acdf-a962e03d3d55,c7edbf0f-f206-11e4-aa52-24be05e24f7e,,f72e0ef0-7c4a-4307-af78-8e38dac3fdba,1e473914-46e4-408d-af26-178fb115de76,,2015-12-31 00:00:00.000000,,,
1f96c390-ca6a-4082-8275-92cbfa72d2a3,c74c9d0f-f206-11e4-8330-24be05e24f7e,,d0766624-dbd7-4536-ba39-2d890a6143a9,257a305e-4dd3-41f1-9824-dfe7e8bd59e1,,2016-01-02 00:00:00.000000,,,f8923688-c238-4fce-aea8-1fac533c893d
1404e51e-abe8-4b76-ab97-605bada0ffde,c7edbf0f-f206-11e4-aa52-24be05e24f7e,,f72e0ef0-7c4a-4307-af78-8e38dac3fdba,1e473914-46e4-408d-af26-178fb115de76,,2015-12-31 00:00:00.000000,,,
47764075-77ae-400e-8b95-25b43e5b6bc2,cdee4e70-f206-11e4-87a2-24be05e24f7e,,5728f612-3f20-4459-98bd-3478c79c4861,257a305e-4dd3-41f1-9824-dfe7e8bd59e1,,2015-12-31 00:00:00.000000,,,09f2591c-47f0-4cc6-b9d6-7d0cb28074fd
21e595df-47a7-4a16-95f2-234ae78b452c,c7edbf0f-f206-11e4-aa52-24be05e24f7e,,f72e0ef0-7c4a-4307-af78-8e38dac3fdba,1e473914-46e4-408d-af26-178fb115de76,,2016-01-01 00:00:00.000000,,,b0fbb56f-c5ef-4eb4-bf43-d00d1618f34d
294a6a3a-4b40-48fa-8cd6-3af594d5f98f,caacb800-f206-11e4-81ab-24be05e24f7e,,5728f612-3f20-4459-98bd-3478c79c4861,257a305e-4dd3-41f1-9824-dfe7e8bd59e1,,2015-12-31 00:00:00.000000,,,bfad9071-41b3-4a89-a112-c5f019f295e9
fff3856a-75e7-4926-b4b2-9ad892136e98,cdee4e70-f206-11e4-87a2-24be05e24f7e,,5728f612-3f20-4459-98bd-3478c79c4861,257a305e-4dd3-41f1-9824-dfe7e8bd59e1,,2015-12-31 00:00:00.000000,,,09f2591c-47f0-4cc6-b9d6-7d0cb28074fd
8060f768-48c5-4c1c-b5b2-d5c42cd090bd,cd844200-f206-11e4-9393-24be05e24f7e,,d0766624-dbd7-4536-ba39-2d890a6143a9,257a305e-4dd3-41f1-9824-dfe7e8bd59e1,,2016-01-01 00:00:00.000000,,,ea6d436b-b29a-48f9-9e18-44866444469d
11c46e39-ff1f-4bc3-9ae7-3b1074657a23,ce1dc2de-f206-11e4-a646-24be05e24f7e,,2323b76a-db98-4e03-aa37-e171cfbdd1a4,257a305e-4dd3-41f1-9824-dfe7e8bd59e1,,2016-01-01 00:00:00.000000,,,
318f1d80-f81a-448a-ad6a-5eff49ea79e4,c74c9d0f-f206-11e4-8330-24be05e24f7e,,2323b76a-db98-4e03-aa37-e171cfbdd1a4,257a305e-4dd3-41f1-9824-dfe7e8bd59e1,,2016-01-01 00:00:00.000000,,,
c4c5f3b5-ae2c-43b9-835c-814c1a9497c2,cdb934b0-f206-11e4-8810-24be05e24f7e,,2323b76a-db98-4e03-aa37-e171cfbdd1a4,257a305e-4dd3-41f1-9824-dfe7e8bd59e1,,2016-01-01 00:00:00.000000,,,4ff171f7-1a96-47b4-a1ea-236b1f58dbb6
5abff53b-cee7-49d3-869e-d5ef3a1eb2e4,c7edbf0f-f206-11e4-aa52-24be05e24f7e,,f72e0ef0-7c4a-4307-af78-8e38dac3fdba,1e473914-46e4-408d-af26-178fb115de76,,2015-12-31 00:00:00.000000,,,b0fbb56f-c5ef-4eb4-bf43-d00d1618f34d
6355a668-8c76-45d3-ad24-7636208e0c2e,cdee4e70-f206-11e4-87a2-24be05e24f7e,,2323b76a-db98-4e03-aa37-e171cfbdd1a4,257a305e-4dd3-41f1-9824-dfe7e8bd59e1,,2016-01-01 00:00:00.000000,,,
47dca479-8240-4bba-b23c-55a7fc034961,ce1dc2de-f206-11e4-a646-24be05e24f7e,,5728f612-3f20-4459-98bd-3478c79c4861,257a305e-4dd3-41f1-9824-dfe7e8bd59e1,,2016-01-02 00:00:00.000000,,,
ebb85362-7817-4dd0-aa44-dce983aa88cf,c7edbf0f-f206-11e4-aa52-24be05e24f7e,,f72e0ef0-7c4a-4307-af78-8e38dac3fdba,1e473914-46e4-408d-af26-178fb115de76,,2016-01-02 00:00:00.000000,,,
8f3a3c94-46dd-4c8d-8200-fe931cafcf52,ce1dc2de-f206-11e4-a646-24be05e24f7e,,d0766624-dbd7-4536-ba39-2d890a6143a9,257a305e-4dd3-41f1-9824-dfe7e8bd59e1,,2016-01-01 00:00:00.000000,,,
0bb8ca6f-2252-481c-8f9f-a5d9eef6406a,ce1dc2de-f206-11e4-a646-24be05e24f7e,,d0766624-dbd7-4536-ba39-2d890a6143a9,257a305e-4dd3-41f1-9824-dfe7e8bd59e1,,2016-01-01 00:00:00.000000,,,
904a9860-865e-44cb-8e63-395e9daa8473,ca737f8f-f206-11e4-a7e2-24be05e24f7e,,d0766624-dbd7-4536-ba39-2d890a6143a9,257a305e-4dd3-41f1-9824-dfe7e8bd59e1,,2016-01-01 00:00:00.000000,,,
cac34320-1b58-4186-8460-c0209b3bd7ef,cebd854f-f206-11e4-b46e-24be05e24f7e,,d0766624-dbd7-4536-ba39-2d890a6143a9,257a305e-4dd3-41f1-9824-dfe7e8bd59e1,,2016-01-01 00:00:00.000000,,,
18286080-aab1-41b1-9c91-2b28e4388770,ce1dc2de-f206-11e4-a646-24be05e24f7e,,d0766624-dbd7-4536-ba39-2d890a6143a9,257a305e-4dd3-41f1-9824-dfe7e8bd59e1,,2016-01-02 00:00:00.000000,,,
327d532b-5250-49ba-a9cf-6f3c6744cd06,cebd854f-f206-11e4-b46e-24be05e24f7e,,d0766624-dbd7-4536-ba39-2d890a6143a9,257a305e-4dd3-41f1-9824-dfe7e8bd59e1,,2016-01-02 00:00:00.000000,,,
890b3de5-6894-453d-bea1-c82e83906dd0,cd844200-f206-11e4-9393-24be05e24f7e,,d0766624-dbd7-4536-ba39-2d890a6143a9,257a305e-4dd3-41f1-9824-dfe7e8bd59e1,,2016-01-02 00:00:00.000000,,,
ebbe95d6-d20f-4bf6-bd63-e9264239050c,c7edbf0f-f206-11e4-aa52-24be05e24f7e,true,f72e0ef0-7c4a-4307-af78-8e38dac3fdba,1e473914-46e4-408d-af26-178fb115de76,true,2016-01-10 00:00:00.000000,,,ec3eef73-13e3-4d4b-a922-cc195109a842
db58ae07-a6c1-444d-a220-7a6e5b5858e0,c93d708f-f206-11e4-a815-24be05e24f7e,true,0e39ead4-383b-4452-bbd4-babb7becd82e,42f97cca-2cb4-497a-a0fd-ceef1ba46bcc,true,2016-02-29 00:00:00.000000,,,
4f7dde2e-0703-49bf-9c7f-f2ad4d92ce8a,cbcea2c0-f206-11e4-8c4a-24be05e24f7e,true,2323b76a-db98-4e03-aa37-e171cfbdd1a4,257a305e-4dd3-41f1-9824-dfe7e8bd59e1,true,2016-03-18 00:00:00.000000,,,
bcc8db43-faa0-4d08-bd1a-3f05be119a36,cbcea2c0-f206-11e4-8c4a-24be05e24f7e,true,2323b76a-db98-4e03-aa37-e171cfbdd1a4,257a305e-4dd3-41f1-9824-dfe7e8bd59e1,true,2016-04-05 00:00:00.000000,,,
b5d54b10-ff38-4f9b-8827-fbddc1c17f1e,ce1dc2de-f206-11e4-a646-24be05e24f7e,true,2323b76a-db98-4e03-aa37-e171cfbdd1a4,257a305e-4dd3-41f1-9824-dfe7e8bd59e1,true,2016-04-10 00:00:00.000000,,,
b686663f-3c78-4bfe-82e7-b1f1d2a7ec2d,ce1dc2de-f206-11e4-a646-24be05e24f7e,true,2323b76a-db98-4e03-aa37-e171cfbdd1a4,257a305e-4dd3-41f1-9824-dfe7e8bd59e1,true,2016-04-16 00:00:00.000000,,,
257332d2-028d-48bf-83d9-8af83a4d2b15,c7edbf0f-f206-11e4-aa52-24be05e24f7e,true,f72e0ef0-7c4a-4307-af78-8e38dac3fdba,1e473914-46e4-408d-af26-178fb115de76,true,2016-05-18 00:00:00.000000,,,
3ad537a9-0360-40f6-a9a1-dba22c5a18f2,c7edbf0f-f206-11e4-aa52-24be05e24f7e,true,f72e0ef0-7c4a-4307-af78-8e38dac3fdba,1e473914-46e4-408d-af26-178fb115de76,true,2016-01-17 00:00:00.000000,,,
6d4e44fb-4e95-412f-8538-7f94b2efd819,ce1dc2de-f206-11e4-a646-24be05e24f7e,true,892189e9-d712-4bdb-afa7-1ccab43fbed4,257a305e-4dd3-41f1-9824-dfe7e8bd59e1,true,2016-04-10 00:00:00.000000,,,
457b0c4b-29aa-454a-abcb-19d7b39a21ce,c7edbf0f-f206-11e4-aa52-24be05e24f7e,,f72e0ef0-7c4a-4307-af78-8e38dac3fdba,1e473914-46e4-408d-af26-178fb115de76,,2015-12-29 00:00:00.000000,,,cda95cfb-8ffd-4b83-98f3-4b082c07df3a
7c692473-c8dc-4947-af1c-5f5214d612a6,cdb934b0-f206-11e4-8810-24be05e24f7e,true,f72e0ef0-7c4a-4307-af78-8e38dac3fdba,1e473914-46e4-408d-af26-178fb115de76,true,2016-02-06 00:00:00.000000,,,
0a6b26d2-21bc-4e1c-be8e-fb5384e2cd14,cc040aa1-f206-11e4-a3e0-24be05e24f7e,,d0766624-dbd7-4536-ba39-2d890a6143a9,257a305e-4dd3-41f1-9824-dfe7e8bd59e1,,2015-12-29 00:00:00.000000,,,6773fdde-a10e-4bb4-8461-cd4e00a91215
8a29d0ff-c974-4bc8-a5fb-c92aad704f5c,c7edbf0f-f206-11e4-aa52-24be05e24f7e,true,f72e0ef0-7c4a-4307-af78-8e38dac3fdba,1e473914-46e4-408d-af26-178fb115de76,true,2016-02-08 00:00:00.000000,,,
3efe2aac-c423-450d-966a-7af732a8ab45,c7edbf0f-f206-11e4-aa52-24be05e24f7e,true,f72e0ef0-7c4a-4307-af78-8e38dac3fdba,1e473914-46e4-408d-af26-178fb115de76,true,2016-02-08 00:00:00.000000,,,
7ca375e3-8813-4006-bf37-6ab4eaaf0151,c7edbf0f-f206-11e4-aa52-24be05e24f7e,true,f72e0ef0-7c4a-4307-af78-8e38dac3fdba,1e473914-46e4-408d-af26-178fb115de76,true,2016-02-09 00:00:00.000000,,,
0248a040-b68b-42ee-bdeb-c1a9467e156c,c7edbf0f-f206-11e4-aa52-24be05e24f7e,true,f72e0ef0-7c4a-4307-af78-8e38dac3fdba,1e473914-46e4-408d-af26-178fb115de76,true,2016-02-09 00:00:00.000000,,,
1bd12b31-3f5c-4108-9b1a-5a24d7911f2e,cc040aa1-f206-11e4-a3e0-24be05e24f7e,,d0766624-dbd7-4536-ba39-2d890a6143a9,257a305e-4dd3-41f1-9824-dfe7e8bd59e1,,2015-12-30 00:00:00.000000,,,6773fdde-a10e-4bb4-8461-cd4e00a91215
325ef0ca-01bb-4e2b-98b9-b5ae3f521c66,caacb800-f206-11e4-81ab-24be05e24f7e,,d0766624-dbd7-4536-ba39-2d890a6143a9,257a305e-4dd3-41f1-9824-dfe7e8bd59e1,,2015-12-29 00:00:00.000000,,,
4b10b01f-c6d4-4753-a384-c866ac175702,cc040aa1-f206-11e4-a3e0-24be05e24f7e,,2323b76a-db98-4e03-aa37-e171cfbdd1a4,257a305e-4dd3-41f1-9824-dfe7e8bd59e1,,2015-12-31 00:00:00.000000,,,c162bf17-6b70-4b44-a3da-39cf275be114
87476fb4-91df-4bcb-85db-8017e89ff39f,cc040aa1-f206-11e4-a3e0-24be05e24f7e,,d0766624-dbd7-4536-ba39-2d890a6143a9,257a305e-4dd3-41f1-9824-dfe7e8bd59e1,,2015-12-29 00:00:00.000000,,,
2053395e-5746-4687-bceb-fdf4572dfee0,c7edbf0f-f206-11e4-aa52-24be05e24f7e,,f72e0ef0-7c4a-4307-af78-8e38dac3fdba,1e473914-46e4-408d-af26-178fb115de76,,2015-12-29 00:00:00.000000,,,
1d22adac-4801-4714-b736-676d18b68929,caacb800-f206-11e4-81ab-24be05e24f7e,,d0766624-dbd7-4536-ba39-2d890a6143a9,257a305e-4dd3-41f1-9824-dfe7e8bd59e1,,2015-12-30 00:00:00.000000,,,4efcb47c-adfb-45fc-a8fd-cd7be17fb283
d14a20c3-4fc9-4ce2-8f38-935df89076df,c7edbf0f-f206-11e4-aa52-24be05e24f7e,,f72e0ef0-7c4a-4307-af78-8e38dac3fdba,1e473914-46e4-408d-af26-178fb115de76,,2015-12-29 00:00:00.000000,,,
85f88e38-1ea1-4b5d-89e6-7869b4f84eed,cd844200-f206-11e4-9393-24be05e24f7e,,5728f612-3f20-4459-98bd-3478c79c4861,257a305e-4dd3-41f1-9824-dfe7e8bd59e1,,2015-12-29 00:00:00.000000,,,8ff6e451-7df0-4ea0-8b93-8ec1a1ac4f1e
48649944-956f-4eef-8f99-83d7b843fd5e,cdb934b0-f206-11e4-8810-24be05e24f7e,,2323b76a-db98-4e03-aa37-e171cfbdd1a4,257a305e-4dd3-41f1-9824-dfe7e8bd59e1,,2015-12-31 00:00:00.000000,,,4ff171f7-1a96-47b4-a1ea-236b1f58dbb6
1b70601e-532b-4363-b2a4-a741c68535c0,c7edbf0f-f206-11e4-aa52-24be05e24f7e,,f72e0ef0-7c4a-4307-af78-8e38dac3fdba,1e473914-46e4-408d-af26-178fb115de76,,2015-12-29 00:00:00.000000,,,a413c632-2fad-4c4f-a2ec-9a07b8ba3e33
93e390b6-51aa-4ff1-965d-a4b1248f0717,ce1dc2de-f206-11e4-a646-24be05e24f7e,,5728f612-3f20-4459-98bd-3478c79c4861,257a305e-4dd3-41f1-9824-dfe7e8bd59e1,,2015-12-29 00:00:00.000000,,,
3cf05c7f-dd3b-4ee8-bf79-a80c389bda26,cb914b9e-f206-11e4-b447-24be05e24f7e,,d0766624-dbd7-4536-ba39-2d890a6143a9,257a305e-4dd3-41f1-9824-dfe7e8bd59e1,,2015-12-31 00:00:00.000000,,,
cfe8e5ce-bfe1-422f-b9c5-ea82b2530a33,cebd854f-f206-11e4-b46e-24be05e24f7e,,d0766624-dbd7-4536-ba39-2d890a6143a9,257a305e-4dd3-41f1-9824-dfe7e8bd59e1,,2015-12-31 00:00:00.000000,,,
91bc3465-a478-4209-8dde-44903afd05b3,caacb800-f206-11e4-81ab-24be05e24f7e,,d0766624-dbd7-4536-ba39-2d890a6143a9,257a305e-4dd3-41f1-9824-dfe7e8bd59e1,,2015-12-30 00:00:00.000000,,,4efcb47c-adfb-45fc-a8fd-cd7be17fb283
913ff6c7-6789-444e-b4a4-65e21974ffde,cebd854f-f206-11e4-b46e-24be05e24f7e,,d0766624-dbd7-4536-ba39-2d890a6143a9,257a305e-4dd3-41f1-9824-dfe7e8bd59e1,,2015-12-31 00:00:00.000000,,,
9fb12bdc-e11e-44ec-8dbe-535f8a7880b1,c7edbf0f-f206-11e4-aa52-24be05e24f7e,,f72e0ef0-7c4a-4307-af78-8e38dac3fdba,1e473914-46e4-408d-af26-178fb115de76,,2015-12-30 00:00:00.000000,,,
92dac590-c7e5-4f19-b1b8-03f3ff208346,cb914b9e-f206-11e4-b447-24be05e24f7e,,d0766624-dbd7-4536-ba39-2d890a6143a9,257a305e-4dd3-41f1-9824-dfe7e8bd59e1,,2015-12-29 00:00:00.000000,,,
040dcdd3-05a6-46c4-942d-b2b4a87471e3,cc040aa1-f206-11e4-a3e0-24be05e24f7e,,d0766624-dbd7-4536-ba39-2d890a6143a9,257a305e-4dd3-41f1-9824-dfe7e8bd59e1,,2015-12-29 00:00:00.000000,,,
572b5135-afbf-4073-903a-3edfe4b1805a,cdb934b0-f206-11e4-8810-24be05e24f7e,,5728f612-3f20-4459-98bd-3478c79c4861,257a305e-4dd3-41f1-9824-dfe7e8bd59e1,,2015-12-31 00:00:00.000000,,,
0bb25c75-4f2a-4ade-b084-022b94cc63f1,c7edbf0f-f206-11e4-aa52-24be05e24f7e,,f72e0ef0-7c4a-4307-af78-8e38dac3fdba,1e473914-46e4-408d-af26-178fb115de76,,2015-12-31 00:00:00.000000,,,
e2856638-7a30-483b-baaf-f44235538637,ca737f8f-f206-11e4-a7e2-24be05e24f7e,,2323b76a-db98-4e03-aa37-e171cfbdd1a4,257a305e-4dd3-41f1-9824-dfe7e8bd59e1,,2015-12-31 00:00:00.000000,,,
5a4b54a3-bc88-4772-8dc8-b0138175ffd4,cd844200-f206-11e4-9393-24be05e24f7e,,c98949ae-60a8-43dc-85d7-0feb0b92e719,257a305e-4dd3-41f1-9824-dfe7e8bd59e1,,2015-12-29 00:00:00.000000,,,d41f76d6-ab61-4a8f-babc-b2f5ddbdb477
adca0782-7cca-4207-a729-7fdbd258e30d,cae999f0-f206-11e4-9835-24be05e24f7e,true,0e39ead4-383b-4452-bbd4-babb7becd82e,42f97cca-2cb4-497a-a0fd-ceef1ba46bcc,true,2016-02-28 00:00:00.000000,,,
0a8da982-88c2-4fcc-bd84-4044fa3221b1,caacb800-f206-11e4-81ab-24be05e24f7e,,5728f612-3f20-4459-98bd-3478c79c4861,257a305e-4dd3-41f1-9824-dfe7e8bd59e1,,2015-12-29 00:00:00.000000,,,bfad9071-41b3-4a89-a112-c5f019f295e9
51e6051c-f6c8-45e3-b1dc-03337103a979,cebd854f-f206-11e4-b46e-24be05e24f7e,true,892189e9-d712-4bdb-afa7-1ccab43fbed4,257a305e-4dd3-41f1-9824-dfe7e8bd59e1,true,2015-12-04 00:00:00.000000,,,9f5db099-198f-4e35-b8a4-0c1d73d37315
ec2bb965-e9b8-42cb-bb1f-9208df141edc,cdb934b0-f206-11e4-8810-24be05e24f7e,,c98949ae-60a8-43dc-85d7-0feb0b92e719,a2949322-dc84-45ab-8454-cf94fb28c189,,2015-12-29 00:00:00.000000,,,a58efbfd-45c2-450b-b2d0-f055f75dfb63
b5f4d81d-0a49-472a-98dc-d2ad9560a51b,cbcea2c0-f206-11e4-8c4a-24be05e24f7e,true,2323b76a-db98-4e03-aa37-e171cfbdd1a4,257a305e-4dd3-41f1-9824-dfe7e8bd59e1,true,2016-03-18 00:00:00.000000,,,
49f1fdca-4db3-45d1-b844-0adf4314ba60,c7edbf0f-f206-11e4-aa52-24be05e24f7e,,f72e0ef0-7c4a-4307-af78-8e38dac3fdba,1e473914-46e4-408d-af26-178fb115de76,,2015-12-29 00:00:00.000000,,,ec3eef73-13e3-4d4b-a922-cc195109a842
ed663590-6b9b-43c1-bb97-760994082da0,caacb800-f206-11e4-81ab-24be05e24f7e,true,2323b76a-db98-4e03-aa37-e171cfbdd1a4,257a305e-4dd3-41f1-9824-dfe7e8bd59e1,true,2016-04-05 00:00:00.000000,,,
59c03349-9d28-496d-9eeb-aac960c9e02d,cebd854f-f206-11e4-b46e-24be05e24f7e,,2323b76a-db98-4e03-aa37-e171cfbdd1a4,257a305e-4dd3-41f1-9824-dfe7e8bd59e1,,2015-12-28 00:00:00.000000,,,169e9792-d622-4a66-a709-895b4497de0a
17fa3f88-4093-4820-b92e-02291c9f821b,cdb934b0-f206-11e4-8810-24be05e24f7e,true,2323b76a-db98-4e03-aa37-e171cfbdd1a4,257a305e-4dd3-41f1-9824-dfe7e8bd59e1,true,2016-04-10 00:00:00.000000,,,
c136e74d-f989-4180-a339-b235ccffc347,caacb800-f206-11e4-81ab-24be05e24f7e,true,2323b76a-db98-4e03-aa37-e171cfbdd1a4,257a305e-4dd3-41f1-9824-dfe7e8bd59e1,true,2016-04-16 00:00:00.000000,,,
c24bf2a2-8115-402d-9cbf-bdde4be8b8b3,cb914b9e-f206-11e4-b447-24be05e24f7e,,c98949ae-60a8-43dc-85d7-0feb0b92e719,257a305e-4dd3-41f1-9824-dfe7e8bd59e1,,2015-12-29 00:00:00.000000,,,3cf6604c-9fd0-4f0c-a949-7f8941fcf014
8fd2814d-0322-4dd4-96d5-8d9af0a3feea,c7edbf0f-f206-11e4-aa52-24be05e24f7e,true,f72e0ef0-7c4a-4307-af78-8e38dac3fdba,1e473914-46e4-408d-af26-178fb115de76,true,2016-05-18 00:00:00.000000,,,
101a355a-0459-4f27-94dd-98cdd0fa3c62,c7edbf0f-f206-11e4-aa52-24be05e24f7e,true,f72e0ef0-7c4a-4307-af78-8e38dac3fdba,1e473914-46e4-408d-af26-178fb115de76,true,2016-01-17 00:00:00.000000,,,
dfd30acf-f7da-412a-9be5-f1666fbea64c,c74c9d0f-f206-11e4-8330-24be05e24f7e,,d0766624-dbd7-4536-ba39-2d890a6143a9,257a305e-4dd3-41f1-9824-dfe7e8bd59e1,,2015-12-29 00:00:00.000000,,,f8923688-c238-4fce-aea8-1fac533c893d
95ba788a-5b26-4314-bc22-50e468af5e61,ca737f8f-f206-11e4-a7e2-24be05e24f7e,,892189e9-d712-4bdb-afa7-1ccab43fbed4,257a305e-4dd3-41f1-9824-dfe7e8bd59e1,,2015-12-29 00:00:00.000000,,,
77d4b8a2-6866-4d72-8f39-e40a76adfb6f,caacb800-f206-11e4-81ab-24be05e24f7e,,892189e9-d712-4bdb-afa7-1ccab43fbed4,257a305e-4dd3-41f1-9824-dfe7e8bd59e1,,2015-12-29 00:00:00.000000,,,317c8cc8-6d96-4a19-a444-3a1ac1eda2b7
11d58199-45e5-4c42-9041-d9d98c5856c4,cebd854f-f206-11e4-b46e-24be05e24f7e,,2323b76a-db98-4e03-aa37-e171cfbdd1a4,257a305e-4dd3-41f1-9824-dfe7e8bd59e1,,2015-12-29 00:00:00.000000,,,169e9792-d622-4a66-a709-895b4497de0a
dbfb1a41-aeec-420e-835c-390e849e2612,cb914b9e-f206-11e4-b447-24be05e24f7e,true,2323b76a-db98-4e03-aa37-e171cfbdd1a4,257a305e-4dd3-41f1-9824-dfe7e8bd59e1,true,2016-04-10 00:00:00.000000,,,258ab66c-b588-4f79-8079-e10f3b0a6d65
95bd7684-0607-4d3a-b2c2-1fc2d60f7265,ca737f8f-f206-11e4-a7e2-24be05e24f7e,,5728f612-3f20-4459-98bd-3478c79c4861,257a305e-4dd3-41f1-9824-dfe7e8bd59e1,,2015-12-29 00:00:00.000000,,,14ed2ae2-e2d3-4709-ac14-5e25c99e58ab
164eccbc-880b-42ff-838f-56fefcd91eab,cdee4e70-f206-11e4-87a2-24be05e24f7e,,5728f612-3f20-4459-98bd-3478c79c4861,257a305e-4dd3-41f1-9824-dfe7e8bd59e1,,2015-12-29 00:00:00.000000,,,09f2591c-47f0-4cc6-b9d6-7d0cb28074fd
c48543fe-bde6-442b-8c15-15e87f08788f,c7edbf0f-f206-11e4-aa52-24be05e24f7e,,f72e0ef0-7c4a-4307-af78-8e38dac3fdba,1e473914-46e4-408d-af26-178fb115de76,,2015-12-28 00:00:00.000000,,,ec3eef73-13e3-4d4b-a922-cc195109a842
5f4893b3-60ca-4154-995e-7e19ea6fad5e,cdee4e70-f206-11e4-87a2-24be05e24f7e,,892189e9-d712-4bdb-afa7-1ccab43fbed4,257a305e-4dd3-41f1-9824-dfe7e8bd59e1,,2015-12-29 00:00:00.000000,,,72742a4c-eea9-41b7-b418-a23f3af2e416
04381c36-2712-4156-bddf-b99b082db45d,cb914b9e-f206-11e4-b447-24be05e24f7e,,5728f612-3f20-4459-98bd-3478c79c4861,257a305e-4dd3-41f1-9824-dfe7e8bd59e1,,2015-12-29 00:00:00.000000,,,5569038a-0665-4c5b-9a0a-9dcf4eb3b4e1
37cc8bdf-d482-4762-86d3-04d80bd64f6b,ce1dc2de-f206-11e4-a646-24be05e24f7e,,5728f612-3f20-4459-98bd-3478c79c4861,257a305e-4dd3-41f1-9824-dfe7e8bd59e1,,2015-12-29 00:00:00.000000,,,d9abec6a-4d36-4ecc-97da-6e5f7a4adb98
dc61e65d-11d0-4658-bc05-e7b63f77b26a,c7edbf0f-f206-11e4-aa52-24be05e24f7e,,f72e0ef0-7c4a-4307-af78-8e38dac3fdba,1e473914-46e4-408d-af26-178fb115de76,,2015-12-29 00:00:00.000000,,,a413c632-2fad-4c4f-a2ec-9a07b8ba3e33
f7ac3994-8e0a-4231-8c4c-d2586d993620,c7edbf0f-f206-11e4-aa52-24be05e24f7e,,f72e0ef0-7c4a-4307-af78-8e38dac3fdba,1e473914-46e4-408d-af26-178fb115de76,,2015-12-28 00:00:00.000000,,,
a7f1f377-b9d4-40f2-b277-6f0562e8f24f,ce1dc2de-f206-11e4-a646-24be05e24f7e,,5728f612-3f20-4459-98bd-3478c79c4861,257a305e-4dd3-41f1-9824-dfe7e8bd59e1,,2015-12-29 00:00:00.000000,,,
ff53463c-59fd-4ac2-86a4-9f52f45f3744,cb914b9e-f206-11e4-b447-24be05e24f7e,,5728f612-3f20-4459-98bd-3478c79c4861,257a305e-4dd3-41f1-9824-dfe7e8bd59e1,,2015-12-29 00:00:00.000000,,,
65658a54-4caf-4e63-a3fb-126a7a861c6d,c7edbf0f-f206-11e4-aa52-24be05e24f7e,,f72e0ef0-7c4a-4307-af78-8e38dac3fdba,1e473914-46e4-408d-af26-178fb115de76,,2015-12-29 00:00:00.000000,,,
c8964202-5d07-4e81-a8f0-b5960c2bdb8c,c7edbf0f-f206-11e4-aa52-24be05e24f7e,,f72e0ef0-7c4a-4307-af78-8e38dac3fdba,1e473914-46e4-408d-af26-178fb115de76,,2015-12-29 00:00:00.000000,,,
5f930ded-ad22-4924-89ea-a8d57bd608b5,cc040aa1-f206-11e4-a3e0-24be05e24f7e,,2323b76a-db98-4e03-aa37-e171cfbdd1a4,257a305e-4dd3-41f1-9824-dfe7e8bd59e1,,2015-12-29 00:00:00.000000,,,
e424aae3-caf3-4c5a-8206-855b1be63db8,c74c9d0f-f206-11e4-8330-24be05e24f7e,,2323b76a-db98-4e03-aa37-e171cfbdd1a4,257a305e-4dd3-41f1-9824-dfe7e8bd59e1,,2015-12-29 00:00:00.000000,,,
d9db76a2-08f3-437f-a08e-1ed71b5c40c0,ca737f8f-f206-11e4-a7e2-24be05e24f7e,,892189e9-d712-4bdb-afa7-1ccab43fbed4,257a305e-4dd3-41f1-9824-dfe7e8bd59e1,,2015-12-29 00:00:00.000000,,,
24e054cd-b2a5-42d6-bcfb-d8ee17c91fe5,cebd854f-f206-11e4-b46e-24be05e24f7e,,892189e9-d712-4bdb-afa7-1ccab43fbed4,257a305e-4dd3-41f1-9824-dfe7e8bd59e1,,2015-12-29 00:00:00.000000,,,
e91b351e-6ec3-422e-afa4-bd3f7831f5fa,caacb800-f206-11e4-81ab-24be05e24f7e,,5728f612-3f20-4459-98bd-3478c79c4861,257a305e-4dd3-41f1-9824-dfe7e8bd59e1,,2015-12-29 00:00:00.000000,,,
db34e713-1199-4068-a90d-da28700c1fc6,cb914b9e-f206-11e4-b447-24be05e24f7e,,5728f612-3f20-4459-98bd-3478c79c4861,257a305e-4dd3-41f1-9824-dfe7e8bd59e1,,2015-12-29 00:00:00.000000,,,
2686225c-3e56-4985-95d7-1baa08d688e9,c93d708f-f206-11e4-a815-24be05e24f7e,true,0e39ead4-383b-4452-bbd4-babb7becd82e,42f97cca-2cb4-497a-a0fd-ceef1ba46bcc,true,2016-02-28 00:00:00.000000,,,
cb7927d0-f087-4f83-a525-3048c5bc9b77,c7edbf0f-f206-11e4-aa52-24be05e24f7e,,f72e0ef0-7c4a-4307-af78-8e38dac3fdba,1e473914-46e4-408d-af26-178fb115de76,,2015-12-28 00:00:00.000000,,,a413c632-2fad-4c4f-a2ec-9a07b8ba3e33
158adddc-5107-45ea-9298-4f7e3c229c5e,ce1dc2de-f206-11e4-a646-24be05e24f7e,,5728f612-3f20-4459-98bd-3478c79c4861,257a305e-4dd3-41f1-9824-dfe7e8bd59e1,,2015-12-28 00:00:00.000000,,,d9abec6a-4d36-4ecc-97da-6e5f7a4adb98
8df51f74-8367-4b90-a677-30adfb6130f2,cc040aa1-f206-11e4-a3e0-24be05e24f7e,true,2323b76a-db98-4e03-aa37-e171cfbdd1a4,257a305e-4dd3-41f1-9824-dfe7e8bd59e1,true,2016-04-10 00:00:00.000000,,,
3ab40380-3ca7-4e25-9b3a-e8cdc25b25bc,c96ff240-f206-11e4-b581-24be05e24f7e,true,b50c4dc2-6c86-4d79-aa8a-23a65da292c6,f6de5351-3797-41e9-8053-7fb111a3a1a0,true,2015-12-27 00:00:00.000000,,,
f2a697e6-9817-43e9-ae95-043c55f8ef00,c7edbf0f-f206-11e4-aa52-24be05e24f7e,,f72e0ef0-7c4a-4307-af78-8e38dac3fdba,1e473914-46e4-408d-af26-178fb115de76,,2015-12-27 00:00:00.000000,,,9b1c13eb-5ca8-4695-b0da-3fe4859972b1
32821840-490d-42b4-bece-0cb918b21612,c7805740-f206-11e4-982c-24be05e24f7e,true,0bcf2be1-3168-4e42-9fb5-3551d7dbce77,65f033d2-1303-4748-bc26-ef62c38eced4,true,2015-11-22 00:00:00.000000,,,
e6220b3e-f7c3-4774-b33e-66a6f67fdbdd,cdb934b0-f206-11e4-8810-24be05e24f7e,,5728f612-3f20-4459-98bd-3478c79c4861,257a305e-4dd3-41f1-9824-dfe7e8bd59e1,,2015-12-28 00:00:00.000000,,,125cab0f-b6f7-4696-93aa-32369a9851b5
59c34e38-10ca-4dd9-a12b-cdfeb698e8b9,ca737f8f-f206-11e4-a7e2-24be05e24f7e,,2323b76a-db98-4e03-aa37-e171cfbdd1a4,257a305e-4dd3-41f1-9824-dfe7e8bd59e1,,2015-12-28 00:00:00.000000,,,54075ce5-3277-4cc5-b3b5-022b4031b3fe
e6b4f0cf-0483-40c6-befd-1ea1222d3117,c89dae21-f206-11e4-a1c2-24be05e24f7e,true,0e39ead4-383b-4452-bbd4-babb7becd82e,42f97cca-2cb4-497a-a0fd-ceef1ba46bcc,true,2016-03-17 00:00:00.000000,,,
11840b31-a157-4a0f-8ce2-58081a865860,c74c9d0f-f206-11e4-8330-24be05e24f7e,true,2323b76a-db98-4e03-aa37-e171cfbdd1a4,257a305e-4dd3-41f1-9824-dfe7e8bd59e1,true,2016-04-05 00:00:00.000000,,,
60304248-dd06-4559-925e-94251d9461f4,caacb800-f206-11e4-81ab-24be05e24f7e,,5728f612-3f20-4459-98bd-3478c79c4861,257a305e-4dd3-41f1-9824-dfe7e8bd59e1,,2015-12-28 00:00:00.000000,,,bfad9071-41b3-4a89-a112-c5f019f295e9
4db65b84-75a6-495e-9273-64b880bbff40,cebd854f-f206-11e4-b46e-24be05e24f7e,true,2323b76a-db98-4e03-aa37-e171cfbdd1a4,257a305e-4dd3-41f1-9824-dfe7e8bd59e1,true,2016-04-10 00:00:00.000000,,,
c15bdcb6-7c2b-478d-b611-2983fffa9788,c7edbf0f-f206-11e4-aa52-24be05e24f7e,,f72e0ef0-7c4a-4307-af78-8e38dac3fdba,1e473914-46e4-408d-af26-178fb115de76,,2015-12-27 00:00:00.000000,,,a413c632-2fad-4c4f-a2ec-9a07b8ba3e33
9a9d7fc5-5bc8-4910-8975-f122608538da,cdee4e70-f206-11e4-87a2-24be05e24f7e,,5728f612-3f20-4459-98bd-3478c79c4861,257a305e-4dd3-41f1-9824-dfe7e8bd59e1,,2015-12-28 00:00:00.000000,,,09f2591c-47f0-4cc6-b9d6-7d0cb28074fd
c0070b5d-e20e-4900-8a75-1cde8ef8ca8a,c7edbf0f-f206-11e4-aa52-24be05e24f7e,,f72e0ef0-7c4a-4307-af78-8e38dac3fdba,1e473914-46e4-408d-af26-178fb115de76,,2015-12-27 00:00:00.000000,,,a413c632-2fad-4c4f-a2ec-9a07b8ba3e33
5adfb8d8-9712-46ec-8af6-1ac494877ac9,cdb934b0-f206-11e4-8810-24be05e24f7e,true,2323b76a-db98-4e03-aa37-e171cfbdd1a4,257a305e-4dd3-41f1-9824-dfe7e8bd59e1,true,2016-04-16 00:00:00.000000,,,
37e16261-855a-4e72-be0f-5ad71ee8d441,caacb800-f206-11e4-81ab-24be05e24f7e,,2323b76a-db98-4e03-aa37-e171cfbdd1a4,257a305e-4dd3-41f1-9824-dfe7e8bd59e1,,2015-12-27 00:00:00.000000,,,629a3c03-224f-4fd2-87f3-6f3b15c3f0da
99f4fb2d-0b4a-44ff-8ce5-69a9eb095c44,cdee4e70-f206-11e4-87a2-24be05e24f7e,,2323b76a-db98-4e03-aa37-e171cfbdd1a4,257a305e-4dd3-41f1-9824-dfe7e8bd59e1,,2015-12-27 00:00:00.000000,,,04574172-a33b-4f55-9faf-008cb7329803
10ee0e30-64b3-4764-b04d-82a6d1949e80,caacb800-f206-11e4-81ab-24be05e24f7e,,5728f612-3f20-4459-98bd-3478c79c4861,257a305e-4dd3-41f1-9824-dfe7e8bd59e1,,2015-12-27 00:00:00.000000,,,bfad9071-41b3-4a89-a112-c5f019f295e9
0172180e-93a7-4d95-bdfc-20400436149f,c7edbf0f-f206-11e4-aa52-24be05e24f7e,,f72e0ef0-7c4a-4307-af78-8e38dac3fdba,1e473914-46e4-408d-af26-178fb115de76,,2015-12-27 00:00:00.000000,,,b0fbb56f-c5ef-4eb4-bf43-d00d1618f34d
7eb48f05-f52c-4894-b50f-1ed9109c3472,cdb934b0-f206-11e4-8810-24be05e24f7e,,2323b76a-db98-4e03-aa37-e171cfbdd1a4,257a305e-4dd3-41f1-9824-dfe7e8bd59e1,,2015-12-27 00:00:00.000000,,,bf4aa110-c309-4fe8-b507-9aaeb086ce5e
b3c9951c-4581-4775-9a73-762e836e01fe,cebd854f-f206-11e4-b46e-24be05e24f7e,,2323b76a-db98-4e03-aa37-e171cfbdd1a4,257a305e-4dd3-41f1-9824-dfe7e8bd59e1,,2015-12-27 00:00:00.000000,,,
239392d8-7db7-4f5c-9799-04b158566401,cdee4e70-f206-11e4-87a2-24be05e24f7e,,2323b76a-db98-4e03-aa37-e171cfbdd1a4,257a305e-4dd3-41f1-9824-dfe7e8bd59e1,,2015-12-27 00:00:00.000000,,,
20006ddd-8dac-426b-a255-6d5877a6082a,ce1dc2de-f206-11e4-a646-24be05e24f7e,,2323b76a-db98-4e03-aa37-e171cfbdd1a4,257a305e-4dd3-41f1-9824-dfe7e8bd59e1,,2015-12-27 00:00:00.000000,,,
fe93581b-9162-43f0-9d31-33f7370cdc52,c7edbf0f-f206-11e4-aa52-24be05e24f7e,,f72e0ef0-7c4a-4307-af78-8e38dac3fdba,1e473914-46e4-408d-af26-178fb115de76,,2015-12-27 00:00:00.000000,,,ec3eef73-13e3-4d4b-a922-cc195109a842
c383523a-6332-4aba-84c9-6c6f328f8887,cd844200-f206-11e4-9393-24be05e24f7e,,2323b76a-db98-4e03-aa37-e171cfbdd1a4,257a305e-4dd3-41f1-9824-dfe7e8bd59e1,,2015-12-27 00:00:00.000000,,,
02444588-9aa9-4572-b050-d2f1895c2c0c,cdb934b0-f206-11e4-8810-24be05e24f7e,,c98949ae-60a8-43dc-85d7-0feb0b92e719,a2949322-dc84-45ab-8454-cf94fb28c189,,2015-12-27 00:00:00.000000,,,a58efbfd-45c2-450b-b2d0-f055f75dfb63
aa0ff30e-9431-4f0c-ac53-34f6dc0f3ee3,c7edbf0f-f206-11e4-aa52-24be05e24f7e,,f72e0ef0-7c4a-4307-af78-8e38dac3fdba,1e473914-46e4-408d-af26-178fb115de76,,2015-12-27 00:00:00.000000,,,a413c632-2fad-4c4f-a2ec-9a07b8ba3e33
50cd1d98-18ee-47ce-9ea3-361f492de4fe,cd844200-f206-11e4-9393-24be05e24f7e,,5728f612-3f20-4459-98bd-3478c79c4861,257a305e-4dd3-41f1-9824-dfe7e8bd59e1,,2015-12-28 00:00:00.000000,,,8ff6e451-7df0-4ea0-8b93-8ec1a1ac4f1e
d68b336f-0f2f-4469-924d-077b688a590a,c7edbf0f-f206-11e4-aa52-24be05e24f7e,,f72e0ef0-7c4a-4307-af78-8e38dac3fdba,1e473914-46e4-408d-af26-178fb115de76,,2015-12-27 00:00:00.000000,,,a413c632-2fad-4c4f-a2ec-9a07b8ba3e33
149f1d08-893c-4a88-a813-f74158845e1a,c7edbf0f-f206-11e4-aa52-24be05e24f7e,,f72e0ef0-7c4a-4307-af78-8e38dac3fdba,1e473914-46e4-408d-af26-178fb115de76,,2015-12-27 00:00:00.000000,,,
f41fb70b-0c28-4176-b137-1dd71c645cc8,caacb800-f206-11e4-81ab-24be05e24f7e,,2323b76a-db98-4e03-aa37-e171cfbdd1a4,257a305e-4dd3-41f1-9824-dfe7e8bd59e1,,2015-12-28 00:00:00.000000,,,
6a29c802-baf6-40e9-83c7-e1c6533af37c,c74c9d0f-f206-11e4-8330-24be05e24f7e,,2323b76a-db98-4e03-aa37-e171cfbdd1a4,257a305e-4dd3-41f1-9824-dfe7e8bd59e1,,2015-12-28 00:00:00.000000,,,
3041544b-038f-4e42-b46e-f31247931499,ce1dc2de-f206-11e4-a646-24be05e24f7e,,d0766624-dbd7-4536-ba39-2d890a6143a9,257a305e-4dd3-41f1-9824-dfe7e8bd59e1,,2015-12-28 00:00:00.000000,,,
f389d636-e31d-427c-ac62-78de5b99e06d,caacb800-f206-11e4-81ab-24be05e24f7e,,d0766624-dbd7-4536-ba39-2d890a6143a9,257a305e-4dd3-41f1-9824-dfe7e8bd59e1,,2015-12-28 00:00:00.000000,,,
b1154a17-dfba-4005-ad8e-8f1d0bac0694,c7edbf0f-f206-11e4-aa52-24be05e24f7e,true,f72e0ef0-7c4a-4307-af78-8e38dac3fdba,1e473914-46e4-408d-af26-178fb115de76,true,2016-03-18 00:00:00.000000,,,edbc90bf-f7a6-4766-844b-7e77e02baae8
978264e6-2e03-40d4-90be-f6bc8dc709ec,c96ff240-f206-11e4-b581-24be05e24f7e,true,b50c4dc2-6c86-4d79-aa8a-23a65da292c6,f6de5351-3797-41e9-8053-7fb111a3a1a0,true,2016-02-28 00:00:00.000000,,,
ee77844e-8005-4db4-97e9-c76850100b0f,c822b1c0-f206-11e4-9755-24be05e24f7e,true,0e39ead4-383b-4452-bbd4-babb7becd82e,42f97cca-2cb4-497a-a0fd-ceef1ba46bcc,true,2016-03-17 00:00:00.000000,,,
ea1d3a75-da2c-4221-a9ba-b583e14db6be,cc040aa1-f206-11e4-a3e0-24be05e24f7e,true,2323b76a-db98-4e03-aa37-e171cfbdd1a4,257a305e-4dd3-41f1-9824-dfe7e8bd59e1,true,2016-04-05 00:00:00.000000,,,
0a51ddf9-1f15-408c-93bd-7300a28df6a4,cdee4e70-f206-11e4-87a2-24be05e24f7e,true,2323b76a-db98-4e03-aa37-e171cfbdd1a4,257a305e-4dd3-41f1-9824-dfe7e8bd59e1,true,2016-04-10 00:00:00.000000,,,
cc547a3f-ee7c-4290-b40f-bd6a5f1ffcdc,c93d708f-f206-11e4-a815-24be05e24f7e,true,0e39ead4-383b-4452-bbd4-babb7becd82e,42f97cca-2cb4-497a-a0fd-ceef1ba46bcc,true,2016-04-11 00:00:00.000000,,,
c978dddc-6e80-4581-adc4-0fc18dc0e2a4,c74c9d0f-f206-11e4-8330-24be05e24f7e,true,2323b76a-db98-4e03-aa37-e171cfbdd1a4,257a305e-4dd3-41f1-9824-dfe7e8bd59e1,true,2016-04-16 00:00:00.000000,,,
817ae70f-a9ba-4bdf-bf67-ab0de41fba99,c7edbf0f-f206-11e4-aa52-24be05e24f7e,true,f72e0ef0-7c4a-4307-af78-8e38dac3fdba,1e473914-46e4-408d-af26-178fb115de76,true,2015-12-14 00:00:00.000000,,,
6f34acbf-d895-43ec-8a7d-7fa3a48407f6,cdb934b0-f206-11e4-8810-24be05e24f7e,true,f72e0ef0-7c4a-4307-af78-8e38dac3fdba,1e473914-46e4-408d-af26-178fb115de76,true,2016-05-18 00:00:00.000000,,,
f50dc000-593f-47b0-af16-f3648f934b76,cdb934b0-f206-11e4-8810-24be05e24f7e,,d0766624-dbd7-4536-ba39-2d890a6143a9,257a305e-4dd3-41f1-9824-dfe7e8bd59e1,,2015-12-27 00:00:00.000000,,,aa81797f-b71e-4928-abb0-495641d0681c
647cbee5-d81c-48ef-b438-4127108e73ae,cdb934b0-f206-11e4-8810-24be05e24f7e,,5728f612-3f20-4459-98bd-3478c79c4861,257a305e-4dd3-41f1-9824-dfe7e8bd59e1,,2015-12-27 00:00:00.000000,,,125cab0f-b6f7-4696-93aa-32369a9851b5
8f7d6407-ca71-4856-9147-02cc48055798,ce1dc2de-f206-11e4-a646-24be05e24f7e,,d0766624-dbd7-4536-ba39-2d890a6143a9,257a305e-4dd3-41f1-9824-dfe7e8bd59e1,,2015-12-27 00:00:00.000000,,,f29e4b62-0c50-48da-b84b-345b64d3176a
71da60b1-9b88-495b-af14-781f961c2526,cdb934b0-f206-11e4-8810-24be05e24f7e,,5728f612-3f20-4459-98bd-3478c79c4861,257a305e-4dd3-41f1-9824-dfe7e8bd59e1,,2015-12-27 00:00:00.000000,,,125cab0f-b6f7-4696-93aa-32369a9851b5
ae5ec1df-8f94-48d9-b99b-cde09f8b6ee4,cb914b9e-f206-11e4-b447-24be05e24f7e,true,2323b76a-db98-4e03-aa37-e171cfbdd1a4,257a305e-4dd3-41f1-9824-dfe7e8bd59e1,true,2016-04-16 00:00:00.000000,,,
372c7795-f1a9-47ae-a42e-1c3b12c0804e,ce1dc2de-f206-11e4-a646-24be05e24f7e,,c98949ae-60a8-43dc-85d7-0feb0b92e719,a2949322-dc84-45ab-8454-cf94fb28c189,,2015-12-27 00:00:00.000000,,,989de5bf-b735-4362-8c15-081c4b1d1ec9
103fc37e-6ef5-48a3-9967-5ff3308bf8b4,cdb934b0-f206-11e4-8810-24be05e24f7e,,d0766624-dbd7-4536-ba39-2d890a6143a9,257a305e-4dd3-41f1-9824-dfe7e8bd59e1,,2015-12-27 00:00:00.000000,,,aa81797f-b71e-4928-abb0-495641d0681c
951e409d-25a3-42b8-a38d-d3574da8f577,caacb800-f206-11e4-81ab-24be05e24f7e,,5728f612-3f20-4459-98bd-3478c79c4861,257a305e-4dd3-41f1-9824-dfe7e8bd59e1,,2015-12-27 00:00:00.000000,,,
2f2d3d2f-a9ac-47dc-8d9e-95f33f9e45bf,ca737f8f-f206-11e4-a7e2-24be05e24f7e,,2323b76a-db98-4e03-aa37-e171cfbdd1a4,257a305e-4dd3-41f1-9824-dfe7e8bd59e1,,2015-12-27 00:00:00.000000,,,7c0a78b4-3f28-41eb-804d-bc97ebec5066
7c9e69a4-b286-4c66-bce0-be93757ac917,cdee4e70-f206-11e4-87a2-24be05e24f7e,,5728f612-3f20-4459-98bd-3478c79c4861,257a305e-4dd3-41f1-9824-dfe7e8bd59e1,,2015-12-27 00:00:00.000000,,,09f2591c-47f0-4cc6-b9d6-7d0cb28074fd
190a4a9b-2969-42eb-8830-b281bcaa7bab,cdb934b0-f206-11e4-8810-24be05e24f7e,,c98949ae-60a8-43dc-85d7-0feb0b92e719,a2949322-dc84-45ab-8454-cf94fb28c189,,2015-12-27 00:00:00.000000,,,a58efbfd-45c2-450b-b2d0-f055f75dfb63
38ec847e-84ea-4862-a49e-5aaf099ebc95,cdee4e70-f206-11e4-87a2-24be05e24f7e,,5728f612-3f20-4459-98bd-3478c79c4861,257a305e-4dd3-41f1-9824-dfe7e8bd59e1,,2015-12-27 00:00:00.000000,,,
2ffc5da2-0b9b-4622-8dc5-bfb9b94b39b5,cdee4e70-f206-11e4-87a2-24be05e24f7e,,2323b76a-db98-4e03-aa37-e171cfbdd1a4,257a305e-4dd3-41f1-9824-dfe7e8bd59e1,,2015-12-27 00:00:00.000000,,,
28f31444-fed3-44fa-b072-ac2a2f2639e8,cdb934b0-f206-11e4-8810-24be05e24f7e,,c98949ae-60a8-43dc-85d7-0feb0b92e719,a2949322-dc84-45ab-8454-cf94fb28c189,,2015-12-27 00:00:00.000000,,,a58efbfd-45c2-450b-b2d0-f055f75dfb63
d41be298-3c25-422d-b0a6-24eaf4fb7abd,cdee4e70-f206-11e4-87a2-24be05e24f7e,,d0766624-dbd7-4536-ba39-2d890a6143a9,257a305e-4dd3-41f1-9824-dfe7e8bd59e1,,2015-12-27 00:00:00.000000,,,33ab0bf5-505d-43bf-9e26-60b62fb0260a
d29e5584-a67e-4425-a4f5-9f97c58e82af,cb914b9e-f206-11e4-b447-24be05e24f7e,,d0766624-dbd7-4536-ba39-2d890a6143a9,257a305e-4dd3-41f1-9824-dfe7e8bd59e1,,2015-12-27 00:00:00.000000,,,
0a5c88c1-1ba2-4dff-96bd-91b02f0624cc,ce1dc2de-f206-11e4-a646-24be05e24f7e,,5728f612-3f20-4459-98bd-3478c79c4861,257a305e-4dd3-41f1-9824-dfe7e8bd59e1,,2015-12-27 00:00:00.000000,,,d9abec6a-4d36-4ecc-97da-6e5f7a4adb98
074b90e0-ae4d-49e2-b8e8-a1b6d2daa89b,cc040aa1-f206-11e4-a3e0-24be05e24f7e,,d0766624-dbd7-4536-ba39-2d890a6143a9,257a305e-4dd3-41f1-9824-dfe7e8bd59e1,,2015-12-27 00:00:00.000000,,,6773fdde-a10e-4bb4-8461-cd4e00a91215
3cf7fb6b-8c76-4b84-a87a-03e70b13672d,cdee4e70-f206-11e4-87a2-24be05e24f7e,,d0766624-dbd7-4536-ba39-2d890a6143a9,257a305e-4dd3-41f1-9824-dfe7e8bd59e1,,2015-12-27 00:00:00.000000,,,33ab0bf5-505d-43bf-9e26-60b62fb0260a
247e99ba-5489-41c5-8571-f082f6bdd2a0,cdb934b0-f206-11e4-8810-24be05e24f7e,,c98949ae-60a8-43dc-85d7-0feb0b92e719,1e473914-46e4-408d-af26-178fb115de76,,2015-12-27 00:00:00.000000,,,49726f55-6dce-41b3-a97a-0318701bafe1
73964f84-22ad-4e4c-9424-863d69184516,cd844200-f206-11e4-9393-24be05e24f7e,,5728f612-3f20-4459-98bd-3478c79c4861,257a305e-4dd3-41f1-9824-dfe7e8bd59e1,,2015-12-27 00:00:00.000000,,,8ff6e451-7df0-4ea0-8b93-8ec1a1ac4f1e
d1b80948-5027-4361-8b6d-78c68dfed900,caacb800-f206-11e4-81ab-24be05e24f7e,,d0766624-dbd7-4536-ba39-2d890a6143a9,257a305e-4dd3-41f1-9824-dfe7e8bd59e1,,2015-12-27 00:00:00.000000,,,4efcb47c-adfb-45fc-a8fd-cd7be17fb283
8b9fad66-91d6-42a0-aeb0-d165e7ed3619,ca737f8f-f206-11e4-a7e2-24be05e24f7e,,c98949ae-60a8-43dc-85d7-0feb0b92e719,1571fdac-e0b4-4ebc-a73a-6e13001b71d3,,2015-12-27 00:00:00.000000,,,
226da37d-bf4b-498c-b119-14fc167a1f74,cb914b9e-f206-11e4-b447-24be05e24f7e,,5728f612-3f20-4459-98bd-3478c79c4861,257a305e-4dd3-41f1-9824-dfe7e8bd59e1,,2015-12-27 00:00:00.000000,,,
4d2b8dfa-ae3f-4903-8ffe-402606908d09,cdb934b0-f206-11e4-8810-24be05e24f7e,,d0766624-dbd7-4536-ba39-2d890a6143a9,257a305e-4dd3-41f1-9824-dfe7e8bd59e1,,2015-12-27 00:00:00.000000,,,
799c1ef8-b1e4-44b5-be05-f8fdaecf7f44,c74c9d0f-f206-11e4-8330-24be05e24f7e,,d0766624-dbd7-4536-ba39-2d890a6143a9,257a305e-4dd3-41f1-9824-dfe7e8bd59e1,,2015-12-27 00:00:00.000000,,,
62a96112-a696-4f4b-87b2-5ed4477093d4,cdb934b0-f206-11e4-8810-24be05e24f7e,,d0766624-dbd7-4536-ba39-2d890a6143a9,257a305e-4dd3-41f1-9824-dfe7e8bd59e1,,2015-12-27 00:00:00.000000,,,
0e3d14b7-5c7b-46db-8da3-edfef9c99414,cb914b9e-f206-11e4-b447-24be05e24f7e,,d0766624-dbd7-4536-ba39-2d890a6143a9,257a305e-4dd3-41f1-9824-dfe7e8bd59e1,,2015-12-27 00:00:00.000000,,,
24f63c56-c8b9-445c-a8b0-c50e159a6c63,cdee4e70-f206-11e4-87a2-24be05e24f7e,,d0766624-dbd7-4536-ba39-2d890a6143a9,257a305e-4dd3-41f1-9824-dfe7e8bd59e1,,2015-12-27 00:00:00.000000,,,
800d08fb-0c06-4f2f-9253-52d36fe98b40,c93d708f-f206-11e4-a815-24be05e24f7e,true,0e39ead4-383b-4452-bbd4-babb7becd82e,42f97cca-2cb4-497a-a0fd-ceef1ba46bcc,true,2016-02-28 00:00:00.000000,,,
be162bff-2c0a-437d-8cab-c2181fd66340,c96ff240-f206-11e4-b581-24be05e24f7e,true,b50c4dc2-6c86-4d79-aa8a-23a65da292c6,f6de5351-3797-41e9-8053-7fb111a3a1a0,true,2016-04-11 00:00:00.000000,,,
b6d2c123-0e7b-4b90-9727-d7a656fc3f31,c7edbf0f-f206-11e4-aa52-24be05e24f7e,,f72e0ef0-7c4a-4307-af78-8e38dac3fdba,1e473914-46e4-408d-af26-178fb115de76,,2015-12-27 00:00:00.000000,,,ec3eef73-13e3-4d4b-a922-cc195109a842
68390744-5fd5-437c-b3aa-05de67859e95,cd844200-f206-11e4-9393-24be05e24f7e,,892189e9-d712-4bdb-afa7-1ccab43fbed4,257a305e-4dd3-41f1-9824-dfe7e8bd59e1,,2015-12-27 00:00:00.000000,,,45b4c361-01e9-4a2e-b308-c39ee7094bcc
f9bcc9f9-0c62-4f3d-b40f-a6366ddc9d42,caacb800-f206-11e4-81ab-24be05e24f7e,true,f27a65eb-2d11-4965-aa9c-daa088fa5c9c,257a305e-4dd3-41f1-9824-dfe7e8bd59e1,true,2015-11-06 00:00:00.000000,,,9ce16072-c994-435c-b002-5db4cca72fc6
83e0e283-41ea-41a6-89d7-5644dab46991,cae999f0-f206-11e4-9835-24be05e24f7e,true,0e39ead4-383b-4452-bbd4-babb7becd82e,42f97cca-2cb4-497a-a0fd-ceef1ba46bcc,true,2016-03-17 00:00:00.000000,,,
45d4b656-3543-47f9-93fb-c4bf75b15476,c74c9d0f-f206-11e4-8330-24be05e24f7e,,2323b76a-db98-4e03-aa37-e171cfbdd1a4,257a305e-4dd3-41f1-9824-dfe7e8bd59e1,,2015-12-27 00:00:00.000000,,,27a66611-b3aa-4a3d-bf6d-a1c3bf688b93
abadfe88-41b3-4a53-b27a-2c10ac090265,caacb800-f206-11e4-81ab-24be05e24f7e,true,2323b76a-db98-4e03-aa37-e171cfbdd1a4,257a305e-4dd3-41f1-9824-dfe7e8bd59e1,true,2016-04-05 00:00:00.000000,,,
54543363-f9a4-469c-a2b4-4414bbd91872,c7edbf0f-f206-11e4-aa52-24be05e24f7e,true,f72e0ef0-7c4a-4307-af78-8e38dac3fdba,1e473914-46e4-408d-af26-178fb115de76,true,2015-12-27 00:00:00.000000,,,
1bd36bb7-c898-4f5b-b062-b77e6157febf,cc040aa1-f206-11e4-a3e0-24be05e24f7e,,892189e9-d712-4bdb-afa7-1ccab43fbed4,257a305e-4dd3-41f1-9824-dfe7e8bd59e1,,2015-12-27 00:00:00.000000,,,
a9c9a376-9cd1-44a7-b8c7-370fa06ecd6c,cd844200-f206-11e4-9393-24be05e24f7e,,2323b76a-db98-4e03-aa37-e171cfbdd1a4,257a305e-4dd3-41f1-9824-dfe7e8bd59e1,,2015-12-27 00:00:00.000000,,,698c87c5-24f7-46fe-98e2-a74db3c44125
03cafdf9-c0e7-4333-87a1-7a353c596e57,cdee4e70-f206-11e4-87a2-24be05e24f7e,,2323b76a-db98-4e03-aa37-e171cfbdd1a4,257a305e-4dd3-41f1-9824-dfe7e8bd59e1,,2015-12-27 00:00:00.000000,,,
6729a266-99f7-4784-a250-ba99ab311b68,c74c9d0f-f206-11e4-8330-24be05e24f7e,,2323b76a-db98-4e03-aa37-e171cfbdd1a4,257a305e-4dd3-41f1-9824-dfe7e8bd59e1,,2015-12-27 00:00:00.000000,,,e8b39436-4b73-41a4-baef-66d5f35af553
2286d5ff-4d13-4b95-a411-51ea9d234383,c7edbf0f-f206-11e4-aa52-24be05e24f7e,,f72e0ef0-7c4a-4307-af78-8e38dac3fdba,1e473914-46e4-408d-af26-178fb115de76,,2015-12-27 00:00:00.000000,,,a413c632-2fad-4c4f-a2ec-9a07b8ba3e33
0680ddd3-a313-4c7b-babb-ab55ac1e3d56,c7edbf0f-f206-11e4-aa52-24be05e24f7e,,f72e0ef0-7c4a-4307-af78-8e38dac3fdba,1e473914-46e4-408d-af26-178fb115de76,,2015-12-27 00:00:00.000000,,,cda95cfb-8ffd-4b83-98f3-4b082c07df3a
61669c2a-810a-4b1f-af71-493a8233844d,ca737f8f-f206-11e4-a7e2-24be05e24f7e,,892189e9-d712-4bdb-afa7-1ccab43fbed4,257a305e-4dd3-41f1-9824-dfe7e8bd59e1,,2015-12-27 00:00:00.000000,,,
ff17cced-48f8-4ba9-ab1a-276103c63e6b,ce1dc2de-f206-11e4-a646-24be05e24f7e,,892189e9-d712-4bdb-afa7-1ccab43fbed4,257a305e-4dd3-41f1-9824-dfe7e8bd59e1,,2015-12-27 00:00:00.000000,,,
3d8abc42-b6db-4827-9d03-0e67a27745bc,cb914b9e-f206-11e4-b447-24be05e24f7e,,2323b76a-db98-4e03-aa37-e171cfbdd1a4,257a305e-4dd3-41f1-9824-dfe7e8bd59e1,,2015-12-27 00:00:00.000000,,,
7b5f203c-16eb-44ff-859c-ac2941a77945,cd844200-f206-11e4-9393-24be05e24f7e,,2323b76a-db98-4e03-aa37-e171cfbdd1a4,257a305e-4dd3-41f1-9824-dfe7e8bd59e1,,2015-12-27 00:00:00.000000,,,
5abf3c25-bc02-4ba5-838a-e09d55db3790,cd844200-f206-11e4-9393-24be05e24f7e,,2323b76a-db98-4e03-aa37-e171cfbdd1a4,257a305e-4dd3-41f1-9824-dfe7e8bd59e1,,2015-12-27 00:00:00.000000,,,
fac8fe6c-e2b5-40bf-8692-de0062562ef3,c7edbf0f-f206-11e4-aa52-24be05e24f7e,,f72e0ef0-7c4a-4307-af78-8e38dac3fdba,1e473914-46e4-408d-af26-178fb115de76,,2015-12-27 00:00:00.000000,,,b0fbb56f-c5ef-4eb4-bf43-d00d1618f34d
b99a571f-e143-4366-b1a9-d1e6856bbf17,cb914b9e-f206-11e4-b447-24be05e24f7e,,2323b76a-db98-4e03-aa37-e171cfbdd1a4,257a305e-4dd3-41f1-9824-dfe7e8bd59e1,,2015-12-27 00:00:00.000000,,,
8f1a7a05-3b68-4387-869a-7c994a5762be,cebd854f-f206-11e4-b46e-24be05e24f7e,,892189e9-d712-4bdb-afa7-1ccab43fbed4,257a305e-4dd3-41f1-9824-dfe7e8bd59e1,,2015-12-27 00:00:00.000000,,,
4fa34553-4f86-4441-ab83-a4c5251ff865,c74c9d0f-f206-11e4-8330-24be05e24f7e,,2323b76a-db98-4e03-aa37-e171cfbdd1a4,257a305e-4dd3-41f1-9824-dfe7e8bd59e1,,2015-12-27 00:00:00.000000,,,27a66611-b3aa-4a3d-bf6d-a1c3bf688b93
c9b374c6-ff5a-4ac3-9fec-c7c4207221dc,c7edbf0f-f206-11e4-aa52-24be05e24f7e,,f72e0ef0-7c4a-4307-af78-8e38dac3fdba,1e473914-46e4-408d-af26-178fb115de76,,2015-12-27 00:00:00.000000,,,
f172446c-aad2-40f2-8e16-103c24747b01,ca737f8f-f206-11e4-a7e2-24be05e24f7e,,2323b76a-db98-4e03-aa37-e171cfbdd1a4,257a305e-4dd3-41f1-9824-dfe7e8bd59e1,,2015-12-27 00:00:00.000000,,,54075ce5-3277-4cc5-b3b5-022b4031b3fe
26e9d6b2-3ba2-4e73-8005-9ec76f628521,c7edbf0f-f206-11e4-aa52-24be05e24f7e,,f72e0ef0-7c4a-4307-af78-8e38dac3fdba,1e473914-46e4-408d-af26-178fb115de76,,2015-12-27 00:00:00.000000,,,
a864308c-c3b7-4130-a3e7-98a4518145ba,c7edbf0f-f206-11e4-aa52-24be05e24f7e,,f72e0ef0-7c4a-4307-af78-8e38dac3fdba,1e473914-46e4-408d-af26-178fb115de76,,2015-12-27 00:00:00.000000,,,
744a7d67-608d-4453-ac3d-a0906536a74d,caacb800-f206-11e4-81ab-24be05e24f7e,,892189e9-d712-4bdb-afa7-1ccab43fbed4,257a305e-4dd3-41f1-9824-dfe7e8bd59e1,,2015-12-27 00:00:00.000000,,,317c8cc8-6d96-4a19-a444-3a1ac1eda2b7
ddb0a5f9-2c3c-4698-af16-dfcd45119e7d,cc040aa1-f206-11e4-a3e0-24be05e24f7e,,2323b76a-db98-4e03-aa37-e171cfbdd1a4,257a305e-4dd3-41f1-9824-dfe7e8bd59e1,,2015-12-27 00:00:00.000000,,,
bc86b456-c31f-43fc-aa60-18971697c791,c7edbf0f-f206-11e4-aa52-24be05e24f7e,,f72e0ef0-7c4a-4307-af78-8e38dac3fdba,1e473914-46e4-408d-af26-178fb115de76,,2015-12-27 00:00:00.000000,,,ec3eef73-13e3-4d4b-a922-cc195109a842
e72eef7f-085c-43af-8391-4b3bb3a782c1,cdee4e70-f206-11e4-87a2-24be05e24f7e,,2323b76a-db98-4e03-aa37-e171cfbdd1a4,257a305e-4dd3-41f1-9824-dfe7e8bd59e1,,2015-12-27 00:00:00.000000,,,
25d0300c-099a-4762-b912-1da675da9e57,ca737f8f-f206-11e4-a7e2-24be05e24f7e,,2323b76a-db98-4e03-aa37-e171cfbdd1a4,257a305e-4dd3-41f1-9824-dfe7e8bd59e1,,2015-12-27 00:00:00.000000,,,
3eaa4ea5-bcf0-40f5-be84-f721b4343d8a,cdee4e70-f206-11e4-87a2-24be05e24f7e,,2323b76a-db98-4e03-aa37-e171cfbdd1a4,257a305e-4dd3-41f1-9824-dfe7e8bd59e1,,2015-12-27 00:00:00.000000,,,
f9d35e23-70fa-40fa-9fd4-dc10b16646ed,c7edbf0f-f206-11e4-aa52-24be05e24f7e,,f72e0ef0-7c4a-4307-af78-8e38dac3fdba,1e473914-46e4-408d-af26-178fb115de76,,2015-12-27 00:00:00.000000,,,
b1506783-9f85-41f6-bdb1-b4cb901c185c,c7edbf0f-f206-11e4-aa52-24be05e24f7e,,f72e0ef0-7c4a-4307-af78-8e38dac3fdba,1e473914-46e4-408d-af26-178fb115de76,,2015-12-27 00:00:00.000000,,,
195aaaf3-c026-4123-8733-c00d51a5953e,c7edbf0f-f206-11e4-aa52-24be05e24f7e,,f72e0ef0-7c4a-4307-af78-8e38dac3fdba,1e473914-46e4-408d-af26-178fb115de76,,2015-12-27 00:00:00.000000,,,
63a36fbc-dca4-4b40-ac47-e02ba26b6ef1,c7edbf0f-f206-11e4-aa52-24be05e24f7e,,f72e0ef0-7c4a-4307-af78-8e38dac3fdba,1e473914-46e4-408d-af26-178fb115de76,,2015-12-27 00:00:00.000000,,,
0c84697a-520b-4b08-94f3-e2f638e3cf19,c93d708f-f206-11e4-a815-24be05e24f7e,true,0e39ead4-383b-4452-bbd4-babb7becd82e,42f97cca-2cb4-497a-a0fd-ceef1ba46bcc,true,2016-03-02 00:00:00.000000,,,
754efc9c-530b-4052-9158-4965a20ce6a2,c93d708f-f206-11e4-a815-24be05e24f7e,true,0e39ead4-383b-4452-bbd4-babb7becd82e,42f97cca-2cb4-497a-a0fd-ceef1ba46bcc,true,2016-04-11 00:00:00.000000,,,
4f8e8c0c-9081-4a2a-a34c-0abb295bade4,cb914b9e-f206-11e4-b447-24be05e24f7e,true,2323b76a-db98-4e03-aa37-e171cfbdd1a4,257a305e-4dd3-41f1-9824-dfe7e8bd59e1,true,2016-05-10 00:00:00.000000,,,
d57644d3-f259-4082-a93b-a30bde8958c1,c7805740-f206-11e4-982c-24be05e24f7e,true,355dc154-9809-4edb-8ed4-fff910c6ae9c,dda182c5-4b50-4a0f-86f3-fcb5e0db4df3,true,2016-02-27 00:00:00.000000,,,
381003f6-83b3-47aa-a6ba-f4109a96f234,c822b1c0-f206-11e4-9755-24be05e24f7e,true,0e39ead4-383b-4452-bbd4-babb7becd82e,42f97cca-2cb4-497a-a0fd-ceef1ba46bcc,true,2016-03-17 00:00:00.000000,,,
f3d7f8e7-2c44-4209-881d-6e466d1b983a,cb251c51-f206-11e4-8541-24be05e24f7e,true,b50c4dc2-6c86-4d79-aa8a-23a65da292c6,f6de5351-3797-41e9-8053-7fb111a3a1a0,true,2015-12-27 00:00:00.000000,,,
58620a81-5719-4124-8201-d8f53695ccf9,caacb800-f206-11e4-81ab-24be05e24f7e,,2323b76a-db98-4e03-aa37-e171cfbdd1a4,257a305e-4dd3-41f1-9824-dfe7e8bd59e1,,2015-12-26 00:00:00.000000,,,629a3c03-224f-4fd2-87f3-6f3b15c3f0da
707417fe-3f26-4b62-bdf9-2b86673545a5,cb914b9e-f206-11e4-b447-24be05e24f7e,true,2323b76a-db98-4e03-aa37-e171cfbdd1a4,257a305e-4dd3-41f1-9824-dfe7e8bd59e1,true,2016-04-05 00:00:00.000000,,,
561c6f10-733d-48e4-9ce0-d73e8d47c864,c7edbf0f-f206-11e4-aa52-24be05e24f7e,,f72e0ef0-7c4a-4307-af78-8e38dac3fdba,1e473914-46e4-408d-af26-178fb115de76,,2015-12-26 00:00:00.000000,,,9b1c13eb-5ca8-4695-b0da-3fe4859972b1
3aa62dd9-4aca-4e5a-84f6-ac7bea117d8f,ca737f8f-f206-11e4-a7e2-24be05e24f7e,,d0766624-dbd7-4536-ba39-2d890a6143a9,257a305e-4dd3-41f1-9824-dfe7e8bd59e1,,2015-12-26 00:00:00.000000,,,83699ca2-2ecd-48f8-91c7-4dc5f24d074d
ba4e8c54-4e09-49a3-ab62-dac077752a8f,cc040aa1-f206-11e4-a3e0-24be05e24f7e,,2323b76a-db98-4e03-aa37-e171cfbdd1a4,257a305e-4dd3-41f1-9824-dfe7e8bd59e1,,2015-12-27 00:00:00.000000,,,7c772cbf-673d-4ed6-830d-cb01a950f3d3
d6afe55e-66b0-42d7-8502-a0f95f13f4b7,ca737f8f-f206-11e4-a7e2-24be05e24f7e,,892189e9-d712-4bdb-afa7-1ccab43fbed4,257a305e-4dd3-41f1-9824-dfe7e8bd59e1,,2015-12-27 00:00:00.000000,,,
27777c09-8150-4f7f-8f1c-8a73fbf045bf,c7edbf0f-f206-11e4-aa52-24be05e24f7e,,f72e0ef0-7c4a-4307-af78-8e38dac3fdba,1e473914-46e4-408d-af26-178fb115de76,,2015-12-27 00:00:00.000000,,,b0fbb56f-c5ef-4eb4-bf43-d00d1618f34d
c586ef39-85fc-4220-9d56-8062a239b58d,caacb800-f206-11e4-81ab-24be05e24f7e,,5728f612-3f20-4459-98bd-3478c79c4861,257a305e-4dd3-41f1-9824-dfe7e8bd59e1,,2015-12-27 00:00:00.000000,,,bfad9071-41b3-4a89-a112-c5f019f295e9
00592b3d-ae26-45bf-adc5-a5732ea439fd,c7edbf0f-f206-11e4-aa52-24be05e24f7e,,f72e0ef0-7c4a-4307-af78-8e38dac3fdba,1e473914-46e4-408d-af26-178fb115de76,,2015-12-26 00:00:00.000000,,,9b1c13eb-5ca8-4695-b0da-3fe4859972b1
3f7c7949-d5f2-4b11-a54a-324cd5525c6e,c7edbf0f-f206-11e4-aa52-24be05e24f7e,,f72e0ef0-7c4a-4307-af78-8e38dac3fdba,1e473914-46e4-408d-af26-178fb115de76,,2015-12-27 00:00:00.000000,,,
fcaa5658-b3b1-4766-a94d-7181f3157674,c7edbf0f-f206-11e4-aa52-24be05e24f7e,,f72e0ef0-7c4a-4307-af78-8e38dac3fdba,1e473914-46e4-408d-af26-178fb115de76,,2015-12-27 00:00:00.000000,,,
4f35292b-589f-4121-9f75-2836e60a4114,c7edbf0f-f206-11e4-aa52-24be05e24f7e,,f72e0ef0-7c4a-4307-af78-8e38dac3fdba,1e473914-46e4-408d-af26-178fb115de76,,2015-12-27 00:00:00.000000,,,
4c3e74d8-2947-4264-95a2-bda5d9e863ff,c7edbf0f-f206-11e4-aa52-24be05e24f7e,,f72e0ef0-7c4a-4307-af78-8e38dac3fdba,1e473914-46e4-408d-af26-178fb115de76,,2015-12-26 00:00:00.000000,,,
e5109205-e123-43db-8a20-08bf85118e8b,caacb800-f206-11e4-81ab-24be05e24f7e,,5728f612-3f20-4459-98bd-3478c79c4861,257a305e-4dd3-41f1-9824-dfe7e8bd59e1,,2015-12-27 00:00:00.000000,,,bfad9071-41b3-4a89-a112-c5f019f295e9
8154569e-e5b1-4c97-a1f8-62b2caaabf08,cc040aa1-f206-11e4-a3e0-24be05e24f7e,,892189e9-d712-4bdb-afa7-1ccab43fbed4,257a305e-4dd3-41f1-9824-dfe7e8bd59e1,,2015-12-26 00:00:00.000000,,,2cce7120-8846-40a6-bf0b-3f5708288f5c
8da107be-10cb-4088-b0dd-7db91a77ac0b,c7edbf0f-f206-11e4-aa52-24be05e24f7e,,f72e0ef0-7c4a-4307-af78-8e38dac3fdba,1e473914-46e4-408d-af26-178fb115de76,,2015-12-26 00:00:00.000000,,,
95ba9f15-ff0a-4f76-a5e0-2b8665027d94,c7edbf0f-f206-11e4-aa52-24be05e24f7e,,f72e0ef0-7c4a-4307-af78-8e38dac3fdba,1e473914-46e4-408d-af26-178fb115de76,,2015-12-26 00:00:00.000000,,,
6528f6ff-5ffa-4d17-9e1c-56d1dcd9d1ff,c7edbf0f-f206-11e4-aa52-24be05e24f7e,,f72e0ef0-7c4a-4307-af78-8e38dac3fdba,1e473914-46e4-408d-af26-178fb115de76,,2015-12-26 00:00:00.000000,,,
2523e605-dd47-481a-965c-190a1f2c3096,c7edbf0f-f206-11e4-aa52-24be05e24f7e,,f72e0ef0-7c4a-4307-af78-8e38dac3fdba,1e473914-46e4-408d-af26-178fb115de76,,2015-12-26 00:00:00.000000,,,
6b3dfc9b-c07a-4386-a3d4-ed9cd145417a,c7edbf0f-f206-11e4-aa52-24be05e24f7e,,f72e0ef0-7c4a-4307-af78-8e38dac3fdba,1e473914-46e4-408d-af26-178fb115de76,,2015-12-27 00:00:00.000000,,,cda95cfb-8ffd-4b83-98f3-4b082c07df3a
c87d0198-d13a-4e30-a166-1a64f5bbf657,c7edbf0f-f206-11e4-aa52-24be05e24f7e,,f72e0ef0-7c4a-4307-af78-8e38dac3fdba,1e473914-46e4-408d-af26-178fb115de76,,2015-12-26 00:00:00.000000,,,
45cd2847-3773-414f-b27a-35366c7a91db,c74c9d0f-f206-11e4-8330-24be05e24f7e,,d0766624-dbd7-4536-ba39-2d890a6143a9,257a305e-4dd3-41f1-9824-dfe7e8bd59e1,,2015-12-26 00:00:00.000000,,,
5ddf9b5a-7c3b-485f-9b0a-5e398721c27b,caacb800-f206-11e4-81ab-24be05e24f7e,,2323b76a-db98-4e03-aa37-e171cfbdd1a4,257a305e-4dd3-41f1-9824-dfe7e8bd59e1,,2015-12-27 00:00:00.000000,,,eb81af65-4f34-4bd9-8859-7cb97b059af5
6a0a010d-79f1-49f5-b56d-71bb5bb2aa81,c74c9d0f-f206-11e4-8330-24be05e24f7e,,892189e9-d712-4bdb-afa7-1ccab43fbed4,257a305e-4dd3-41f1-9824-dfe7e8bd59e1,,2015-12-27 00:00:00.000000,,,e7359f5a-225d-42f5-81d9-ca514712d31b
7c149e46-dcbe-4e7a-b324-2ca7a867f34c,ca737f8f-f206-11e4-a7e2-24be05e24f7e,,892189e9-d712-4bdb-afa7-1ccab43fbed4,257a305e-4dd3-41f1-9824-dfe7e8bd59e1,,2015-12-27 00:00:00.000000,,,2e4f1e59-78e3-4855-b48a-6f2551934453
3f40864a-8273-4899-b9d2-8ba5ff0e9f36,cd844200-f206-11e4-9393-24be05e24f7e,,5728f612-3f20-4459-98bd-3478c79c4861,257a305e-4dd3-41f1-9824-dfe7e8bd59e1,,2015-12-27 00:00:00.000000,,,
8c3642df-1d44-4ac7-8719-e2717e225a8f,cebd854f-f206-11e4-b46e-24be05e24f7e,,d0766624-dbd7-4536-ba39-2d890a6143a9,257a305e-4dd3-41f1-9824-dfe7e8bd59e1,,2015-12-27 00:00:00.000000,,,
48a2f6bc-d28a-4c36-a280-fe9a9bce248e,cd844200-f206-11e4-9393-24be05e24f7e,,d0766624-dbd7-4536-ba39-2d890a6143a9,257a305e-4dd3-41f1-9824-dfe7e8bd59e1,,2015-12-27 00:00:00.000000,,,
9e23ad63-1b40-4fc6-b4c9-c4b615f4ebac,cd844200-f206-11e4-9393-24be05e24f7e,,2323b76a-db98-4e03-aa37-e171cfbdd1a4,257a305e-4dd3-41f1-9824-dfe7e8bd59e1,,2015-12-27 00:00:00.000000,,,
da2b87d8-73d5-4b04-9c2c-2987bf4edd4f,c7edbf0f-f206-11e4-aa52-24be05e24f7e,,f72e0ef0-7c4a-4307-af78-8e38dac3fdba,1e473914-46e4-408d-af26-178fb115de76,,2015-12-27 00:00:00.000000,,,
6e2e9d47-ac4f-4785-a7d7-d128f1a8caa2,ca737f8f-f206-11e4-a7e2-24be05e24f7e,,892189e9-d712-4bdb-afa7-1ccab43fbed4,257a305e-4dd3-41f1-9824-dfe7e8bd59e1,,2015-12-27 00:00:00.000000,,,
5c3c3724-557b-4dca-8230-6ba9aec247ff,cd844200-f206-11e4-9393-24be05e24f7e,,892189e9-d712-4bdb-afa7-1ccab43fbed4,257a305e-4dd3-41f1-9824-dfe7e8bd59e1,,2015-12-27 00:00:00.000000,,,
6709986d-1cb4-4bfb-8201-78cd925c8ae0,cdee4e70-f206-11e4-87a2-24be05e24f7e,,2323b76a-db98-4e03-aa37-e171cfbdd1a4,257a305e-4dd3-41f1-9824-dfe7e8bd59e1,,2015-12-26 00:00:00.000000,,,7b8c2215-395c-4189-93e7-8b125dd3144c
481d6cf7-864d-4bc8-9009-4d862d8a0c5d,cb914b9e-f206-11e4-b447-24be05e24f7e,true,2323b76a-db98-4e03-aa37-e171cfbdd1a4,257a305e-4dd3-41f1-9824-dfe7e8bd59e1,true,2015-12-28 00:00:00.000000,,,
55c667e9-9af5-49fc-ad07-a5863a75aec2,c74c9d0f-f206-11e4-8330-24be05e24f7e,,2323b76a-db98-4e03-aa37-e171cfbdd1a4,257a305e-4dd3-41f1-9824-dfe7e8bd59e1,,2015-12-26 00:00:00.000000,,,27a66611-b3aa-4a3d-bf6d-a1c3bf688b93
fb22c17d-fdba-473e-9df1-a7ad2bc21775,c74c9d0f-f206-11e4-8330-24be05e24f7e,true,2323b76a-db98-4e03-aa37-e171cfbdd1a4,257a305e-4dd3-41f1-9824-dfe7e8bd59e1,true,2016-05-10 00:00:00.000000,,,
f0c811e3-7cb0-449e-8a06-97c4c66d6662,c822b1c0-f206-11e4-9755-24be05e24f7e,true,0e39ead4-383b-4452-bbd4-babb7becd82e,42f97cca-2cb4-497a-a0fd-ceef1ba46bcc,true,2016-03-02 00:00:00.000000,,,
5936d4ca-4cc1-4f70-86bb-5aec79abe1b1,ce1dc2de-f206-11e4-a646-24be05e24f7e,,2323b76a-db98-4e03-aa37-e171cfbdd1a4,257a305e-4dd3-41f1-9824-dfe7e8bd59e1,,2015-12-26 00:00:00.000000,,,
1880872d-9e48-4d76-b9be-08469fc132d1,c89dae21-f206-11e4-a1c2-24be05e24f7e,true,0e39ead4-383b-4452-bbd4-babb7becd82e,42f97cca-2cb4-497a-a0fd-ceef1ba46bcc,true,2016-04-11 00:00:00.000000,,,
77b174a3-332b-4137-8ad7-27cd20f07246,c7805740-f206-11e4-982c-24be05e24f7e,true,355dc154-9809-4edb-8ed4-fff910c6ae9c,dda182c5-4b50-4a0f-86f3-fcb5e0db4df3,true,2016-02-27 00:00:00.000000,,,
8ce37d54-87ee-4c66-baec-8db86a510389,c7edbf0f-f206-11e4-aa52-24be05e24f7e,true,f72e0ef0-7c4a-4307-af78-8e38dac3fdba,1e473914-46e4-408d-af26-178fb115de76,true,2015-12-23 00:00:00.000000,,,
f6132be1-5e29-4497-b4cc-e2908b76d4fc,cae999f0-f206-11e4-9835-24be05e24f7e,true,0e39ead4-383b-4452-bbd4-babb7becd82e,42f97cca-2cb4-497a-a0fd-ceef1ba46bcc,true,2016-03-17 00:00:00.000000,,,
1822a897-0151-4db7-8710-40ec586c0bf1,cdb934b0-f206-11e4-8810-24be05e24f7e,true,2323b76a-db98-4e03-aa37-e171cfbdd1a4,257a305e-4dd3-41f1-9824-dfe7e8bd59e1,true,2016-04-05 00:00:00.000000,,,
06c00301-3985-4646-95fb-4e065586989e,cdee4e70-f206-11e4-87a2-24be05e24f7e,true,2323b76a-db98-4e03-aa37-e171cfbdd1a4,257a305e-4dd3-41f1-9824-dfe7e8bd59e1,true,2016-04-10 00:00:00.000000,,,
7b81e10a-5f10-49ed-8a76-2d42136aa03f,c7edbf0f-f206-11e4-aa52-24be05e24f7e,,f72e0ef0-7c4a-4307-af78-8e38dac3fdba,1e473914-46e4-408d-af26-178fb115de76,,2015-12-26 00:00:00.000000,,,ec3eef73-13e3-4d4b-a922-cc195109a842
bc837835-c48f-40d2-bee8-8320515d824d,ce1dc2de-f206-11e4-a646-24be05e24f7e,,2323b76a-db98-4e03-aa37-e171cfbdd1a4,257a305e-4dd3-41f1-9824-dfe7e8bd59e1,,2015-12-26 00:00:00.000000,,,
93720850-0871-40d5-b512-99dca1b95ff2,cdb934b0-f206-11e4-8810-24be05e24f7e,,2323b76a-db98-4e03-aa37-e171cfbdd1a4,257a305e-4dd3-41f1-9824-dfe7e8bd59e1,,2015-12-26 00:00:00.000000,,,4ff171f7-1a96-47b4-a1ea-236b1f58dbb6
30293a39-8b1b-4934-a1d9-fe1227866423,cebd854f-f206-11e4-b46e-24be05e24f7e,true,892189e9-d712-4bdb-afa7-1ccab43fbed4,257a305e-4dd3-41f1-9824-dfe7e8bd59e1,true,2016-03-31 00:00:00.000000,,,2f9a36d4-d03d-4210-be72-448d22d2bb4f
28df87fe-5dab-40f6-9f25-6b02e37ee72b,caacb800-f206-11e4-81ab-24be05e24f7e,,2323b76a-db98-4e03-aa37-e171cfbdd1a4,257a305e-4dd3-41f1-9824-dfe7e8bd59e1,,2015-12-26 00:00:00.000000,,,eb81af65-4f34-4bd9-8859-7cb97b059af5
3e4fd2b3-8ab0-4d94-ab1c-0567787799ea,ce1dc2de-f206-11e4-a646-24be05e24f7e,,2323b76a-db98-4e03-aa37-e171cfbdd1a4,257a305e-4dd3-41f1-9824-dfe7e8bd59e1,,2015-12-26 00:00:00.000000,,,f54bb443-6554-47e8-adf6-515d03f265ef
af335161-84f4-4664-ab80-69a287bc297a,caacb800-f206-11e4-81ab-24be05e24f7e,,2323b76a-db98-4e03-aa37-e171cfbdd1a4,257a305e-4dd3-41f1-9824-dfe7e8bd59e1,,2015-12-26 00:00:00.000000,,,629a3c03-224f-4fd2-87f3-6f3b15c3f0da
7f3c4b6c-50b4-49fb-93d1-29309ff1b707,c7edbf0f-f206-11e4-aa52-24be05e24f7e,true,f72e0ef0-7c4a-4307-af78-8e38dac3fdba,1e473914-46e4-408d-af26-178fb115de76,true,2015-12-27 00:00:00.000000,,,b0fbb56f-c5ef-4eb4-bf43-d00d1618f34d
bf092a0c-42ec-4ccf-b03e-a930e236c7cd,c74c9d0f-f206-11e4-8330-24be05e24f7e,,2323b76a-db98-4e03-aa37-e171cfbdd1a4,257a305e-4dd3-41f1-9824-dfe7e8bd59e1,,2015-12-26 00:00:00.000000,,,e8b39436-4b73-41a4-baef-66d5f35af553
31735771-b75e-41a1-bcae-9c1ed8d1ebba,c7edbf0f-f206-11e4-aa52-24be05e24f7e,,f72e0ef0-7c4a-4307-af78-8e38dac3fdba,1e473914-46e4-408d-af26-178fb115de76,,2015-12-26 00:00:00.000000,,,
6eb08321-245d-41f9-8562-db340ddd74bd,c7edbf0f-f206-11e4-aa52-24be05e24f7e,,f72e0ef0-7c4a-4307-af78-8e38dac3fdba,1e473914-46e4-408d-af26-178fb115de76,,2015-12-26 00:00:00.000000,,,
ab7d172a-ede0-4b2d-a6d5-eaa7a9985e25,c7edbf0f-f206-11e4-aa52-24be05e24f7e,,f72e0ef0-7c4a-4307-af78-8e38dac3fdba,1e473914-46e4-408d-af26-178fb115de76,,2015-12-26 00:00:00.000000,,,ec3eef73-13e3-4d4b-a922-cc195109a842
f1383957-1ac3-4ea1-9a1b-57fb5d571395,cebd854f-f206-11e4-b46e-24be05e24f7e,,2323b76a-db98-4e03-aa37-e171cfbdd1a4,257a305e-4dd3-41f1-9824-dfe7e8bd59e1,,2015-12-26 00:00:00.000000,,,
860dae5c-fc3d-473d-af91-c37b8a289f07,cb914b9e-f206-11e4-b447-24be05e24f7e,,2323b76a-db98-4e03-aa37-e171cfbdd1a4,257a305e-4dd3-41f1-9824-dfe7e8bd59e1,,2015-12-26 00:00:00.000000,,,
36151aa1-396c-43e1-8218-d8ad959ea667,cdb934b0-f206-11e4-8810-24be05e24f7e,,2323b76a-db98-4e03-aa37-e171cfbdd1a4,257a305e-4dd3-41f1-9824-dfe7e8bd59e1,,2015-12-26 00:00:00.000000,,,bf4aa110-c309-4fe8-b507-9aaeb086ce5e
879ba8cd-6320-4e26-abd4-c60a6158599e,ca737f8f-f206-11e4-a7e2-24be05e24f7e,,2323b76a-db98-4e03-aa37-e171cfbdd1a4,257a305e-4dd3-41f1-9824-dfe7e8bd59e1,,2015-12-26 00:00:00.000000,,,
79d4d312-76b0-4b53-af52-efa411da6185,c7edbf0f-f206-11e4-aa52-24be05e24f7e,,f72e0ef0-7c4a-4307-af78-8e38dac3fdba,1e473914-46e4-408d-af26-178fb115de76,,2015-12-26 00:00:00.000000,,,9b1c13eb-5ca8-4695-b0da-3fe4859972b1
d70c123f-0683-4298-8203-cb3b23fe7430,c74c9d0f-f206-11e4-8330-24be05e24f7e,,2323b76a-db98-4e03-aa37-e171cfbdd1a4,257a305e-4dd3-41f1-9824-dfe7e8bd59e1,,2015-12-26 00:00:00.000000,,,
a582acd7-aea5-419d-b33c-566bb537f3b2,c7edbf0f-f206-11e4-aa52-24be05e24f7e,,f72e0ef0-7c4a-4307-af78-8e38dac3fdba,1e473914-46e4-408d-af26-178fb115de76,,2015-12-26 00:00:00.000000,,,cda95cfb-8ffd-4b83-98f3-4b082c07df3a
eced8418-35fc-4935-8d0b-87c69888e87d,cebd854f-f206-11e4-b46e-24be05e24f7e,,2323b76a-db98-4e03-aa37-e171cfbdd1a4,257a305e-4dd3-41f1-9824-dfe7e8bd59e1,,2015-12-26 00:00:00.000000,,,169e9792-d622-4a66-a709-895b4497de0a
17be390e-d6d0-4c99-94c3-a28bc26b2c08,cdee4e70-f206-11e4-87a2-24be05e24f7e,,2323b76a-db98-4e03-aa37-e171cfbdd1a4,257a305e-4dd3-41f1-9824-dfe7e8bd59e1,,2015-12-26 00:00:00.000000,,,
7d72b72e-3864-4039-a072-da1d288200b2,c7edbf0f-f206-11e4-aa52-24be05e24f7e,,f72e0ef0-7c4a-4307-af78-8e38dac3fdba,1e473914-46e4-408d-af26-178fb115de76,,2015-12-26 00:00:00.000000,,,
863019dc-4b0a-439f-bda0-64cb7a47f041,c7edbf0f-f206-11e4-aa52-24be05e24f7e,,f72e0ef0-7c4a-4307-af78-8e38dac3fdba,1e473914-46e4-408d-af26-178fb115de76,,2015-12-26 00:00:00.000000,,,
e7779208-0820-49fe-bd28-39d7845ea736,cebd854f-f206-11e4-b46e-24be05e24f7e,,2323b76a-db98-4e03-aa37-e171cfbdd1a4,257a305e-4dd3-41f1-9824-dfe7e8bd59e1,,2015-12-26 00:00:00.000000,,,
f343b9d3-3690-4e12-9843-b03713dd302e,cdee4e70-f206-11e4-87a2-24be05e24f7e,,2323b76a-db98-4e03-aa37-e171cfbdd1a4,257a305e-4dd3-41f1-9824-dfe7e8bd59e1,,2015-12-26 00:00:00.000000,,,
8ec14fab-f30a-4715-a742-c8c66500f2a2,cae999f0-f206-11e4-9835-24be05e24f7e,true,0e39ead4-383b-4452-bbd4-babb7becd82e,42f97cca-2cb4-497a-a0fd-ceef1ba46bcc,true,2016-03-02 00:00:00.000000,,,
6916b9b5-bce1-43d7-a698-9adf2698d8f1,cae999f0-f206-11e4-9835-24be05e24f7e,true,0e39ead4-383b-4452-bbd4-babb7becd82e,42f97cca-2cb4-497a-a0fd-ceef1ba46bcc,true,2016-04-11 00:00:00.000000,,,
15b1b0fd-5a8a-47ac-9eba-1e549fff9f82,c854e54f-f206-11e4-bddc-24be05e24f7e,true,b50c4dc2-6c86-4d79-aa8a-23a65da292c6,f6de5351-3797-41e9-8053-7fb111a3a1a0,true,2015-12-27 00:00:00.000000,,,
c793efa9-fbd0-42a5-8685-35d379ecf4b3,c7edbf0f-f206-11e4-aa52-24be05e24f7e,true,f72e0ef0-7c4a-4307-af78-8e38dac3fdba,1e473914-46e4-408d-af26-178fb115de76,true,2015-12-14 00:00:00.000000,,,
a0b6ea97-05c6-45ad-9d3c-b20778674134,c7edbf0f-f206-11e4-aa52-24be05e24f7e,true,f72e0ef0-7c4a-4307-af78-8e38dac3fdba,1e473914-46e4-408d-af26-178fb115de76,true,2016-01-18 00:00:00.000000,,,
ed95ad0f-04ea-44ca-a366-778f9b005d46,ca737f8f-f206-11e4-a7e2-24be05e24f7e,true,892189e9-d712-4bdb-afa7-1ccab43fbed4,257a305e-4dd3-41f1-9824-dfe7e8bd59e1,true,2016-03-31 00:00:00.000000,,,
a599e66f-b4b0-4f61-8dd3-7d728c8dd9d6,c7edbf0f-f206-11e4-aa52-24be05e24f7e,,f72e0ef0-7c4a-4307-af78-8e38dac3fdba,1e473914-46e4-408d-af26-178fb115de76,,2015-12-24 00:00:00.000000,,,ec3eef73-13e3-4d4b-a922-cc195109a842
c349dfc7-fe8a-4a02-bde0-0e219fe84405,c7edbf0f-f206-11e4-aa52-24be05e24f7e,,f72e0ef0-7c4a-4307-af78-8e38dac3fdba,1e473914-46e4-408d-af26-178fb115de76,,2015-12-24 00:00:00.000000,,,cda95cfb-8ffd-4b83-98f3-4b082c07df3a
e7656858-7085-418c-8b74-b14a22e30945,cb914b9e-f206-11e4-b447-24be05e24f7e,true,2323b76a-db98-4e03-aa37-e171cfbdd1a4,257a305e-4dd3-41f1-9824-dfe7e8bd59e1,true,2016-05-10 00:00:00.000000,,,
32866725-b213-4c18-9079-70d9a87341db,c7805740-f206-11e4-982c-24be05e24f7e,true,355dc154-9809-4edb-8ed4-fff910c6ae9c,dda182c5-4b50-4a0f-86f3-fcb5e0db4df3,true,2016-02-27 00:00:00.000000,,,
19ec3686-78e8-4dfd-9641-909416bf2dba,c89dae21-f206-11e4-a1c2-24be05e24f7e,true,0e39ead4-383b-4452-bbd4-babb7becd82e,42f97cca-2cb4-497a-a0fd-ceef1ba46bcc,true,2016-03-17 00:00:00.000000,,,
cc5df6b2-263a-4898-ba8b-e422b11bfba1,c7edbf0f-f206-11e4-aa52-24be05e24f7e,,f72e0ef0-7c4a-4307-af78-8e38dac3fdba,1e473914-46e4-408d-af26-178fb115de76,,2015-12-24 00:00:00.000000,,,9b1c13eb-5ca8-4695-b0da-3fe4859972b1
d8acd803-d565-4a6f-8a66-ca7995f659e5,c7edbf0f-f206-11e4-aa52-24be05e24f7e,,f72e0ef0-7c4a-4307-af78-8e38dac3fdba,1e473914-46e4-408d-af26-178fb115de76,,2015-12-24 00:00:00.000000,,,9b1c13eb-5ca8-4695-b0da-3fe4859972b1
149a2d71-3196-471f-a2d4-cced2555d3fa,cd844200-f206-11e4-9393-24be05e24f7e,true,2323b76a-db98-4e03-aa37-e171cfbdd1a4,257a305e-4dd3-41f1-9824-dfe7e8bd59e1,true,2016-04-05 00:00:00.000000,,,
32cc42d6-c8b5-48a7-9dd9-91418e870599,ce1dc2de-f206-11e4-a646-24be05e24f7e,true,2323b76a-db98-4e03-aa37-e171cfbdd1a4,257a305e-4dd3-41f1-9824-dfe7e8bd59e1,true,2016-04-10 00:00:00.000000,,,
4625db3d-96c4-43f9-a986-8ce08ca34552,caacb800-f206-11e4-81ab-24be05e24f7e,,c98949ae-60a8-43dc-85d7-0feb0b92e719,257a305e-4dd3-41f1-9824-dfe7e8bd59e1,,2015-12-24 00:00:00.000000,,,0769a242-7f34-420a-944d-b93d6dd91f65
27d403ba-6a5b-4683-b50e-667bb6894cea,c7edbf0f-f206-11e4-aa52-24be05e24f7e,,f72e0ef0-7c4a-4307-af78-8e38dac3fdba,1e473914-46e4-408d-af26-178fb115de76,,2015-12-24 00:00:00.000000,,,9b1c13eb-5ca8-4695-b0da-3fe4859972b1
b8c7cb9e-d49a-4edf-82f2-9c7098824d1b,c7edbf0f-f206-11e4-aa52-24be05e24f7e,,f72e0ef0-7c4a-4307-af78-8e38dac3fdba,1e473914-46e4-408d-af26-178fb115de76,,2015-12-24 00:00:00.000000,,,b0fbb56f-c5ef-4eb4-bf43-d00d1618f34d
bfea4f7e-bd2e-4d74-afb0-18c82efa3ae9,c7edbf0f-f206-11e4-aa52-24be05e24f7e,,f72e0ef0-7c4a-4307-af78-8e38dac3fdba,1e473914-46e4-408d-af26-178fb115de76,,2015-12-24 00:00:00.000000,,,9b1c13eb-5ca8-4695-b0da-3fe4859972b1
eaef1860-d752-4df7-a925-39c34dc27909,c7edbf0f-f206-11e4-aa52-24be05e24f7e,,f72e0ef0-7c4a-4307-af78-8e38dac3fdba,1e473914-46e4-408d-af26-178fb115de76,,2015-12-24 00:00:00.000000,,,9b1c13eb-5ca8-4695-b0da-3fe4859972b1
77828492-344f-4e4b-bfcd-fba26c4d9d07,c7edbf0f-f206-11e4-aa52-24be05e24f7e,,f72e0ef0-7c4a-4307-af78-8e38dac3fdba,1e473914-46e4-408d-af26-178fb115de76,,2015-12-24 00:00:00.000000,,,
7ddb8a62-35f9-4e2b-ad47-d73785199446,c7edbf0f-f206-11e4-aa52-24be05e24f7e,,f72e0ef0-7c4a-4307-af78-8e38dac3fdba,1e473914-46e4-408d-af26-178fb115de76,,2015-12-24 00:00:00.000000,,,cda95cfb-8ffd-4b83-98f3-4b082c07df3a
0eedeb83-f9da-46f3-8dbb-4948c3088dbf,c7edbf0f-f206-11e4-aa52-24be05e24f7e,,f72e0ef0-7c4a-4307-af78-8e38dac3fdba,1e473914-46e4-408d-af26-178fb115de76,,2015-12-24 00:00:00.000000,,,
8b877dcb-636f-46d9-9f6a-e82dce4943c1,c7edbf0f-f206-11e4-aa52-24be05e24f7e,,f72e0ef0-7c4a-4307-af78-8e38dac3fdba,1e473914-46e4-408d-af26-178fb115de76,,2015-12-24 00:00:00.000000,,,
f1e0cdc7-b0ab-43e6-ad00-a55ad70262ea,c7edbf0f-f206-11e4-aa52-24be05e24f7e,,f72e0ef0-7c4a-4307-af78-8e38dac3fdba,1e473914-46e4-408d-af26-178fb115de76,,2015-12-24 00:00:00.000000,,,
e53946d7-c46e-426a-98ee-034635151b29,caacb800-f206-11e4-81ab-24be05e24f7e,,c98949ae-60a8-43dc-85d7-0feb0b92e719,257a305e-4dd3-41f1-9824-dfe7e8bd59e1,,2015-12-24 00:00:00.000000,,,0769a242-7f34-420a-944d-b93d6dd91f65
40cf6a7a-ac86-4dcb-9fd7-36845b7189b2,c7edbf0f-f206-11e4-aa52-24be05e24f7e,,f72e0ef0-7c4a-4307-af78-8e38dac3fdba,1e473914-46e4-408d-af26-178fb115de76,,2015-12-24 00:00:00.000000,,,ec3eef73-13e3-4d4b-a922-cc195109a842
b90d7ca5-f825-40d1-806b-66454630b00a,c7edbf0f-f206-11e4-aa52-24be05e24f7e,,f72e0ef0-7c4a-4307-af78-8e38dac3fdba,1e473914-46e4-408d-af26-178fb115de76,,2015-12-24 00:00:00.000000,,,cda95cfb-8ffd-4b83-98f3-4b082c07df3a
dbf39c52-dffa-4c66-bbbe-b9ac710556f1,cc040aa1-f206-11e4-a3e0-24be05e24f7e,,c98949ae-60a8-43dc-85d7-0feb0b92e719,a2949322-dc84-45ab-8454-cf94fb28c189,,2015-12-24 00:00:00.000000,,,
21793028-cf13-4c35-b70c-6ce30b3bdcb5,ca737f8f-f206-11e4-a7e2-24be05e24f7e,,c98949ae-60a8-43dc-85d7-0feb0b92e719,1571fdac-e0b4-4ebc-a73a-6e13001b71d3,,2015-12-24 00:00:00.000000,,,
d2474d02-b011-4cc7-842c-df3804ac4786,c7edbf0f-f206-11e4-aa52-24be05e24f7e,,f72e0ef0-7c4a-4307-af78-8e38dac3fdba,1e473914-46e4-408d-af26-178fb115de76,,2015-12-24 00:00:00.000000,,,a413c632-2fad-4c4f-a2ec-9a07b8ba3e33
d06c1644-0ecd-4b9e-820c-eb5acaf0b993,c7edbf0f-f206-11e4-aa52-24be05e24f7e,,f72e0ef0-7c4a-4307-af78-8e38dac3fdba,1e473914-46e4-408d-af26-178fb115de76,,2015-12-24 00:00:00.000000,,,
686ed65b-c57d-416f-b9bc-04313ba4936c,c7edbf0f-f206-11e4-aa52-24be05e24f7e,,f72e0ef0-7c4a-4307-af78-8e38dac3fdba,1e473914-46e4-408d-af26-178fb115de76,,2015-12-24 00:00:00.000000,,,
ee68349f-c849-43d2-87fc-fb8e6f9f13cd,cebd854f-f206-11e4-b46e-24be05e24f7e,,c98949ae-60a8-43dc-85d7-0feb0b92e719,257a305e-4dd3-41f1-9824-dfe7e8bd59e1,,2015-12-24 00:00:00.000000,,,
b7b94086-a23c-4759-b255-bb6fbdacfca8,c7edbf0f-f206-11e4-aa52-24be05e24f7e,,f72e0ef0-7c4a-4307-af78-8e38dac3fdba,1e473914-46e4-408d-af26-178fb115de76,,2015-12-24 00:00:00.000000,,,
53b82a0b-aeec-444d-9254-235ba7a70112,c7edbf0f-f206-11e4-aa52-24be05e24f7e,,f72e0ef0-7c4a-4307-af78-8e38dac3fdba,1e473914-46e4-408d-af26-178fb115de76,,2015-12-24 00:00:00.000000,,,
53ea8a12-1dc2-47c5-ae0b-73f53ab7ed32,c7edbf0f-f206-11e4-aa52-24be05e24f7e,,f72e0ef0-7c4a-4307-af78-8e38dac3fdba,1e473914-46e4-408d-af26-178fb115de76,,2015-12-24 00:00:00.000000,,,
962db3c0-487c-444e-b706-bb58f13095b4,c7805740-f206-11e4-982c-24be05e24f7e,true,355dc154-9809-4edb-8ed4-fff910c6ae9c,dda182c5-4b50-4a0f-86f3-fcb5e0db4df3,true,2016-03-02 00:00:00.000000,,,
d0a52b8c-f445-44a0-a7a7-694ea41a3647,c74c9d0f-f206-11e4-8330-24be05e24f7e,true,2323b76a-db98-4e03-aa37-e171cfbdd1a4,257a305e-4dd3-41f1-9824-dfe7e8bd59e1,true,2016-05-10 00:00:00.000000,,,
85954397-fe2b-48d4-8215-774788f2b84c,c74c9d0f-f206-11e4-8330-24be05e24f7e,true,780cc101-005c-4fca-8ce7-6f36d7156ffe,65f033d2-1303-4748-bc26-ef62c38eced4,true,2016-02-27 00:00:00.000000,,,
d4c73e0c-1107-4c23-a35b-f930f983481b,c822b1c0-f206-11e4-9755-24be05e24f7e,true,0e39ead4-383b-4452-bbd4-babb7becd82e,42f97cca-2cb4-497a-a0fd-ceef1ba46bcc,true,2016-03-17 00:00:00.000000,,,
3c0414d6-4cf1-4805-91e2-66a3c49ca933,cdb934b0-f206-11e4-8810-24be05e24f7e,true,2323b76a-db98-4e03-aa37-e171cfbdd1a4,257a305e-4dd3-41f1-9824-dfe7e8bd59e1,true,2015-12-28 00:00:00.000000,,,
4b4cecaa-9024-444c-b66c-1dbc84cec1ae,c7b7baf0-f206-11e4-ae9a-24be05e24f7e,true,355dc154-9809-4edb-8ed4-fff910c6ae9c,dda182c5-4b50-4a0f-86f3-fcb5e0db4df3,true,2016-04-05 00:00:00.000000,,,
57f9967f-6674-4c41-b68f-fbaf8f35abb5,c7edbf0f-f206-11e4-aa52-24be05e24f7e,,f72e0ef0-7c4a-4307-af78-8e38dac3fdba,1e473914-46e4-408d-af26-178fb115de76,,2015-12-21 00:00:00.000000,,,ec3eef73-13e3-4d4b-a922-cc195109a842
72af2388-636e-4581-b743-f3d93a2b5368,cbcea2c0-f206-11e4-8c4a-24be05e24f7e,true,2323b76a-db98-4e03-aa37-e171cfbdd1a4,257a305e-4dd3-41f1-9824-dfe7e8bd59e1,true,2016-04-10 00:00:00.000000,,,
44f3646a-b56c-4e33-847d-11084623e809,cb914b9e-f206-11e4-b447-24be05e24f7e,true,2323b76a-db98-4e03-aa37-e171cfbdd1a4,257a305e-4dd3-41f1-9824-dfe7e8bd59e1,true,2016-04-16 00:00:00.000000,,,
3e4b8307-e327-42e3-b29a-4226ebc8b40b,ce1dc2de-f206-11e4-a646-24be05e24f7e,,2323b76a-db98-4e03-aa37-e171cfbdd1a4,257a305e-4dd3-41f1-9824-dfe7e8bd59e1,,2015-12-21 00:00:00.000000,,,f54bb443-6554-47e8-adf6-515d03f265ef
7044c00d-703e-456d-9b30-9b07b8383f0f,c7edbf0f-f206-11e4-aa52-24be05e24f7e,true,f72e0ef0-7c4a-4307-af78-8e38dac3fdba,1e473914-46e4-408d-af26-178fb115de76,true,2016-05-18 00:00:00.000000,,,
c2f4e3d0-df51-4b54-80e0-0edba6ccf01b,c854e54f-f206-11e4-bddc-24be05e24f7e,true,b50c4dc2-6c86-4d79-aa8a-23a65da292c6,f6de5351-3797-41e9-8053-7fb111a3a1a0,true,2016-01-17 00:00:00.000000,,,
038d28a3-a75d-4c86-95b6-3ae3b4f7772c,c7edbf0f-f206-11e4-aa52-24be05e24f7e,true,f72e0ef0-7c4a-4307-af78-8e38dac3fdba,1e473914-46e4-408d-af26-178fb115de76,true,2016-02-04 00:00:00.000000,,,
11c04dfb-b254-4f83-b62b-a6cde94ce54a,c7edbf0f-f206-11e4-aa52-24be05e24f7e,true,f72e0ef0-7c4a-4307-af78-8e38dac3fdba,1e473914-46e4-408d-af26-178fb115de76,true,2016-02-06 00:00:00.000000,,,
ac66457e-3f0b-437d-a00c-6b43175c254a,ca737f8f-f206-11e4-a7e2-24be05e24f7e,,d0766624-dbd7-4536-ba39-2d890a6143a9,257a305e-4dd3-41f1-9824-dfe7e8bd59e1,,2015-12-24 00:00:00.000000,,,83699ca2-2ecd-48f8-91c7-4dc5f24d074d
a05ac551-495d-405b-a19c-8277304c1bc4,cdb934b0-f206-11e4-8810-24be05e24f7e,,2323b76a-db98-4e03-aa37-e171cfbdd1a4,257a305e-4dd3-41f1-9824-dfe7e8bd59e1,,2015-12-21 00:00:00.000000,,,4ff171f7-1a96-47b4-a1ea-236b1f58dbb6
8a8d800c-565f-4557-8e83-596cba0b868e,cc040aa1-f206-11e4-a3e0-24be05e24f7e,,c98949ae-60a8-43dc-85d7-0feb0b92e719,a2949322-dc84-45ab-8454-cf94fb28c189,,2015-12-23 00:00:00.000000,,,240bc951-b49d-426d-8a10-23413c4e2f13
fb3e183f-7648-4420-b931-3c3421ed6265,cb914b9e-f206-11e4-b447-24be05e24f7e,,d0766624-dbd7-4536-ba39-2d890a6143a9,257a305e-4dd3-41f1-9824-dfe7e8bd59e1,,2015-12-23 00:00:00.000000,,,18d4f8d7-7060-4657-b301-4bb3af9feca5
4f30e18d-1efc-4c74-bec8-882152015d42,cdb934b0-f206-11e4-8810-24be05e24f7e,,2323b76a-db98-4e03-aa37-e171cfbdd1a4,257a305e-4dd3-41f1-9824-dfe7e8bd59e1,,2015-12-21 00:00:00.000000,,,bf4aa110-c309-4fe8-b507-9aaeb086ce5e
cc297dec-9597-4fd9-8134-fa3b936de68e,ce1dc2de-f206-11e4-a646-24be05e24f7e,,d0766624-dbd7-4536-ba39-2d890a6143a9,257a305e-4dd3-41f1-9824-dfe7e8bd59e1,,2015-12-24 00:00:00.000000,,,f29e4b62-0c50-48da-b84b-345b64d3176a
0451e977-95c9-4247-959c-96aca64ff95b,c7805740-f206-11e4-982c-24be05e24f7e,,bc0f8ad6-31e6-4a18-87d9-ad5a2dbc8212,257a305e-4dd3-41f1-9824-dfe7e8bd59e1,,2015-12-21 00:00:00.000000,,,a7cbd627-ea5a-4d14-9d8b-d50409edf354
f9cbcd79-1104-41b1-a075-6ddbbb665b38,cebd854f-f206-11e4-b46e-24be05e24f7e,,d0766624-dbd7-4536-ba39-2d890a6143a9,257a305e-4dd3-41f1-9824-dfe7e8bd59e1,,2015-12-24 00:00:00.000000,,,e58bf537-a9ec-4176-bcd0-45f6b63229ff
54469058-caa6-441d-92ac-09a9bfd786a6,ca737f8f-f206-11e4-a7e2-24be05e24f7e,,d0766624-dbd7-4536-ba39-2d890a6143a9,257a305e-4dd3-41f1-9824-dfe7e8bd59e1,,2015-12-23 00:00:00.000000,,,
cfb0c277-bf86-443b-af25-84ee7e074eb8,cd844200-f206-11e4-9393-24be05e24f7e,,d0766624-dbd7-4536-ba39-2d890a6143a9,257a305e-4dd3-41f1-9824-dfe7e8bd59e1,,2015-12-23 00:00:00.000000,,,
9a905796-86ef-4080-b0f7-d3ad75d79439,cd844200-f206-11e4-9393-24be05e24f7e,,d0766624-dbd7-4536-ba39-2d890a6143a9,257a305e-4dd3-41f1-9824-dfe7e8bd59e1,,2015-12-21 00:00:00.000000,,,
c09cc95d-c699-4800-8629-347da005b167,cdee4e70-f206-11e4-87a2-24be05e24f7e,,d0766624-dbd7-4536-ba39-2d890a6143a9,257a305e-4dd3-41f1-9824-dfe7e8bd59e1,,2015-12-24 00:00:00.000000,,,33ab0bf5-505d-43bf-9e26-60b62fb0260a
72d11f55-6115-46dc-9464-47083da4fae0,c7edbf0f-f206-11e4-aa52-24be05e24f7e,,f72e0ef0-7c4a-4307-af78-8e38dac3fdba,1e473914-46e4-408d-af26-178fb115de76,,2015-12-21 00:00:00.000000,,,9b1c13eb-5ca8-4695-b0da-3fe4859972b1
c894b6f5-b170-46b8-92b2-386f469e41eb,c7edbf0f-f206-11e4-aa52-24be05e24f7e,,f72e0ef0-7c4a-4307-af78-8e38dac3fdba,1e473914-46e4-408d-af26-178fb115de76,,2015-12-21 00:00:00.000000,,,
286db54c-8c1c-436d-adc1-56e939fdff6f,caacb800-f206-11e4-81ab-24be05e24f7e,,2323b76a-db98-4e03-aa37-e171cfbdd1a4,257a305e-4dd3-41f1-9824-dfe7e8bd59e1,,2015-12-21 00:00:00.000000,,,
dcf32f9e-7678-4df2-8099-7193ab8d720b,ce1dc2de-f206-11e4-a646-24be05e24f7e,,892189e9-d712-4bdb-afa7-1ccab43fbed4,257a305e-4dd3-41f1-9824-dfe7e8bd59e1,,2015-12-23 00:00:00.000000,,,a009080e-83ce-4d02-9ae8-43535ad3f6a9
d161460d-f08d-4e8c-9599-f5bcdd072fb9,cebd854f-f206-11e4-b46e-24be05e24f7e,,d0766624-dbd7-4536-ba39-2d890a6143a9,257a305e-4dd3-41f1-9824-dfe7e8bd59e1,,2015-12-21 00:00:00.000000,,,e58bf537-a9ec-4176-bcd0-45f6b63229ff
0fba54e4-56b6-4092-b2d6-da48dcb079d7,c74c9d0f-f206-11e4-8330-24be05e24f7e,,2323b76a-db98-4e03-aa37-e171cfbdd1a4,257a305e-4dd3-41f1-9824-dfe7e8bd59e1,,2015-12-21 00:00:00.000000,,,
d8493ee0-5507-4789-b0db-a3c0968006b5,ce1dc2de-f206-11e4-a646-24be05e24f7e,,892189e9-d712-4bdb-afa7-1ccab43fbed4,257a305e-4dd3-41f1-9824-dfe7e8bd59e1,,2015-12-23 00:00:00.000000,,,a009080e-83ce-4d02-9ae8-43535ad3f6a9
38683bd6-0a40-4b09-a224-c388ff39c786,c7edbf0f-f206-11e4-aa52-24be05e24f7e,,f72e0ef0-7c4a-4307-af78-8e38dac3fdba,1e473914-46e4-408d-af26-178fb115de76,,2015-12-24 00:00:00.000000,,,
6726d918-f6a6-4b3a-a1cc-5acf85ad221c,c7edbf0f-f206-11e4-aa52-24be05e24f7e,,f72e0ef0-7c4a-4307-af78-8e38dac3fdba,1e473914-46e4-408d-af26-178fb115de76,,2015-12-24 00:00:00.000000,,,
c2707714-042d-485b-9516-e89ae1c52f00,cb914b9e-f206-11e4-b447-24be05e24f7e,,d0766624-dbd7-4536-ba39-2d890a6143a9,257a305e-4dd3-41f1-9824-dfe7e8bd59e1,,2015-12-24 00:00:00.000000,,,
8fd7207f-a816-4bb9-9cc9-19ab547e0a21,caacb800-f206-11e4-81ab-24be05e24f7e,,c98949ae-60a8-43dc-85d7-0feb0b92e719,257a305e-4dd3-41f1-9824-dfe7e8bd59e1,,2015-12-23 00:00:00.000000,,,
5ef0175a-869e-4029-b7a4-e911463d09cd,cd844200-f206-11e4-9393-24be05e24f7e,true,c98949ae-60a8-43dc-85d7-0feb0b92e719,257a305e-4dd3-41f1-9824-dfe7e8bd59e1,true,2016-02-01 00:00:00.000000,,,637ad875-4b26-415e-9b11-e7ffd5e74084
8848a95b-b0d1-4c8e-9089-e7e98d04c3e9,cb251c51-f206-11e4-8541-24be05e24f7e,true,b50c4dc2-6c86-4d79-aa8a-23a65da292c6,f6de5351-3797-41e9-8053-7fb111a3a1a0,true,2016-03-02 00:00:00.000000,,,
94d4da35-16ac-405d-96ca-ed1956d01a22,c7edbf0f-f206-11e4-aa52-24be05e24f7e,true,f72e0ef0-7c4a-4307-af78-8e38dac3fdba,1e473914-46e4-408d-af26-178fb115de76,true,2016-01-08 00:00:00.000000,,,9b1c13eb-5ca8-4695-b0da-3fe4859972b1
6a625abb-ff81-4209-bd7b-286b7d59bbbc,ce1dc2de-f206-11e4-a646-24be05e24f7e,true,2323b76a-db98-4e03-aa37-e171cfbdd1a4,257a305e-4dd3-41f1-9824-dfe7e8bd59e1,true,2016-05-10 00:00:00.000000,,,
869d3b14-c021-4219-8294-4b0e6d08b13d,c7805740-f206-11e4-982c-24be05e24f7e,true,780cc101-005c-4fca-8ce7-6f36d7156ffe,8d4a3dbc-ef7a-405e-862b-34093ff582fd,true,2016-02-27 00:00:00.000000,,,
25dffc4b-083f-4970-9053-005ba4a7400a,5e130537-2275-40b5-9758-94b1986934ed,true,b50c4dc2-6c86-4d79-aa8a-23a65da292c6,f6de5351-3797-41e9-8053-7fb111a3a1a0,true,2016-04-11 00:00:00.000000,,,
6c58e84b-9b23-4c6c-8a49-8e1fb35097c8,c96ff240-f206-11e4-b581-24be05e24f7e,true,b50c4dc2-6c86-4d79-aa8a-23a65da292c6,f6de5351-3797-41e9-8053-7fb111a3a1a0,true,2015-12-27 00:00:00.000000,,,
393af7da-906e-4620-b3aa-cf525d8727e8,c7edbf0f-f206-11e4-aa52-24be05e24f7e,true,f72e0ef0-7c4a-4307-af78-8e38dac3fdba,1e473914-46e4-408d-af26-178fb115de76,true,2015-12-14 00:00:00.000000,,,
2a0cf22a-5648-423c-abc1-48c7ce5ae2df,cae999f0-f206-11e4-9835-24be05e24f7e,true,0e39ead4-383b-4452-bbd4-babb7becd82e,42f97cca-2cb4-497a-a0fd-ceef1ba46bcc,true,2016-03-17 00:00:00.000000,,,
1ccca487-6512-44cf-a3f3-7fb568913f63,ce1dc2de-f206-11e4-a646-24be05e24f7e,true,2323b76a-db98-4e03-aa37-e171cfbdd1a4,257a305e-4dd3-41f1-9824-dfe7e8bd59e1,true,2016-04-05 00:00:00.000000,,,
73037910-87c3-4d5a-aa3b-d16c7e2ae704,ce1dc2de-f206-11e4-a646-24be05e24f7e,true,2323b76a-db98-4e03-aa37-e171cfbdd1a4,257a305e-4dd3-41f1-9824-dfe7e8bd59e1,true,2016-04-10 00:00:00.000000,,,
38b89780-1db9-4b1c-9ba9-e5b589cdc1ac,c74c9d0f-f206-11e4-8330-24be05e24f7e,true,0bcf2be1-3168-4e42-9fb5-3551d7dbce77,8d4a3dbc-ef7a-405e-862b-34093ff582fd,true,2015-12-03 00:00:00.000000,,,
c9056eb6-674f-4b0b-bc41-b606908e78d1,cebd854f-f206-11e4-b46e-24be05e24f7e,true,c98949ae-60a8-43dc-85d7-0feb0b92e719,1e473914-46e4-408d-af26-178fb115de76,true,2016-01-22 00:00:00.000000,,,
9eefdfbd-7624-4c62-8dba-77f1b70412dc,cdb934b0-f206-11e4-8810-24be05e24f7e,true,2323b76a-db98-4e03-aa37-e171cfbdd1a4,257a305e-4dd3-41f1-9824-dfe7e8bd59e1,true,2016-04-16 00:00:00.000000,,,
596d2735-05fd-4706-9e1e-f552d206904c,c7edbf0f-f206-11e4-aa52-24be05e24f7e,true,f72e0ef0-7c4a-4307-af78-8e38dac3fdba,1e473914-46e4-408d-af26-178fb115de76,true,2016-05-18 00:00:00.000000,,,
01c2bfb0-32ab-4b43-9a78-fd378f81a513,cdee4e70-f206-11e4-87a2-24be05e24f7e,true,2323b76a-db98-4e03-aa37-e171cfbdd1a4,257a305e-4dd3-41f1-9824-dfe7e8bd59e1,true,2016-03-12 00:00:00.000000,,,f0cb01e6-5567-45b8-b641-24d870462328
671986e9-48a4-4b0c-8fc4-c8da72fc1276,c74c9d0f-f206-11e4-8330-24be05e24f7e,,2323b76a-db98-4e03-aa37-e171cfbdd1a4,257a305e-4dd3-41f1-9824-dfe7e8bd59e1,,2015-12-19 00:00:00.000000,,,
a4176aa8-f02d-46e0-b0db-1d802a55a8f3,c7b7baf0-f206-11e4-ae9a-24be05e24f7e,true,780cc101-005c-4fca-8ce7-6f36d7156ffe,b45854a7-e6e1-4a9c-9104-139934511779,true,2016-01-27 00:00:00.000000,,,
aa562628-7221-4e48-ac2f-5ade679e1870,ce1dc2de-f206-11e4-a646-24be05e24f7e,,5728f612-3f20-4459-98bd-3478c79c4861,257a305e-4dd3-41f1-9824-dfe7e8bd59e1,,2015-12-17 00:00:00.000000,,,
41b97ade-6fb8-4556-af8b-8e8d8a69c502,c7edbf0f-f206-11e4-aa52-24be05e24f7e,true,f72e0ef0-7c4a-4307-af78-8e38dac3fdba,1e473914-46e4-408d-af26-178fb115de76,true,2015-12-09 00:00:00.000000,,,344d090c-db17-4f87-885f-c9652ff6feec
bdd4b4f4-be30-4238-8728-9356bfa2313a,c7edbf0f-f206-11e4-aa52-24be05e24f7e,,f72e0ef0-7c4a-4307-af78-8e38dac3fdba,1e473914-46e4-408d-af26-178fb115de76,,2015-12-19 00:00:00.000000,,,
956cead5-e4ac-4943-a4c5-6ff7d0affa12,c7edbf0f-f206-11e4-aa52-24be05e24f7e,true,f72e0ef0-7c4a-4307-af78-8e38dac3fdba,1e473914-46e4-408d-af26-178fb115de76,true,2016-03-18 00:00:00.000000,,,
e54a3329-a1f5-46b2-a739-48c41d165721,cdee4e70-f206-11e4-87a2-24be05e24f7e,true,892189e9-d712-4bdb-afa7-1ccab43fbed4,257a305e-4dd3-41f1-9824-dfe7e8bd59e1,true,2016-01-17 00:00:00.000000,,,
e39f6f8a-86e9-45e5-b150-1af130a0bd1f,c7edbf0f-f206-11e4-aa52-24be05e24f7e,true,f72e0ef0-7c4a-4307-af78-8e38dac3fdba,1e473914-46e4-408d-af26-178fb115de76,true,2016-01-18 00:00:00.000000,,,9b1c13eb-5ca8-4695-b0da-3fe4859972b1
a2c09a4f-40a9-4129-99c3-ef82489e56ed,cdee4e70-f206-11e4-87a2-24be05e24f7e,,892189e9-d712-4bdb-afa7-1ccab43fbed4,257a305e-4dd3-41f1-9824-dfe7e8bd59e1,,2015-12-21 00:00:00.000000,,,
211324cb-646f-4cac-a782-0e8119482328,cd844200-f206-11e4-9393-24be05e24f7e,,892189e9-d712-4bdb-afa7-1ccab43fbed4,257a305e-4dd3-41f1-9824-dfe7e8bd59e1,,2015-12-21 00:00:00.000000,,,
8ee4ac9d-0588-49e1-90fe-1dc9ea430b38,ce1dc2de-f206-11e4-a646-24be05e24f7e,true,892189e9-d712-4bdb-afa7-1ccab43fbed4,257a305e-4dd3-41f1-9824-dfe7e8bd59e1,true,2015-12-11 00:00:00.000000,,,d6009d5e-e31b-4f40-b69f-53ca3c87be21
b68fa074-3c4a-477c-aace-0dfbe58aa89e,cd844200-f206-11e4-9393-24be05e24f7e,true,c98949ae-60a8-43dc-85d7-0feb0b92e719,257a305e-4dd3-41f1-9824-dfe7e8bd59e1,true,2016-04-05 00:00:00.000000,,,ebc10a42-7814-46d1-8085-a53e237286b4
dc2466a8-0590-4a26-8258-314bbb17ff00,c7edbf0f-f206-11e4-aa52-24be05e24f7e,true,f72e0ef0-7c4a-4307-af78-8e38dac3fdba,1e473914-46e4-408d-af26-178fb115de76,true,2016-03-16 00:00:00.000000,,,da64c889-7e59-4bc2-868f-afdb57009016
6d4137a5-7501-4074-9336-574845a6009d,cc040aa1-f206-11e4-a3e0-24be05e24f7e,true,2323b76a-db98-4e03-aa37-e171cfbdd1a4,257a305e-4dd3-41f1-9824-dfe7e8bd59e1,true,2016-04-30 00:00:00.000000,,,103af72f-046c-45e1-97ac-cc476c9f45f6
3f54256a-153e-421d-a3bd-c88c97c2a48b,c7edbf0f-f206-11e4-aa52-24be05e24f7e,,f72e0ef0-7c4a-4307-af78-8e38dac3fdba,1e473914-46e4-408d-af26-178fb115de76,,2015-12-19 00:00:00.000000,,,a413c632-2fad-4c4f-a2ec-9a07b8ba3e33
b60e4d5b-9fef-49fc-86b8-2110a8f271c8,c7edbf0f-f206-11e4-aa52-24be05e24f7e,true,f72e0ef0-7c4a-4307-af78-8e38dac3fdba,1e473914-46e4-408d-af26-178fb115de76,true,2016-03-31 00:00:00.000000,,,da64c889-7e59-4bc2-868f-afdb57009016
21310c76-6410-4a7f-9bf5-74100cd483b6,caacb800-f206-11e4-81ab-24be05e24f7e,true,5728f612-3f20-4459-98bd-3478c79c4861,257a305e-4dd3-41f1-9824-dfe7e8bd59e1,true,2015-11-15 00:00:00.000000,,,bfad9071-41b3-4a89-a112-c5f019f295e9
5d75a59b-17a2-443d-b361-d91ec29f2bf4,cd844200-f206-11e4-9393-24be05e24f7e,true,f27a65eb-2d11-4965-aa9c-daa088fa5c9c,257a305e-4dd3-41f1-9824-dfe7e8bd59e1,true,2015-11-04 00:00:00.000000,,,47117469-8cc9-4aa4-bf0b-bbc3b6a4a021
3f2b331a-1945-4629-9885-c3ef66a0a65c,caacb800-f206-11e4-81ab-24be05e24f7e,true,2323b76a-db98-4e03-aa37-e171cfbdd1a4,257a305e-4dd3-41f1-9824-dfe7e8bd59e1,true,2015-12-28 00:00:00.000000,,,eb81af65-4f34-4bd9-8859-7cb97b059af5
b597b599-8fa6-4446-8a50-9f5fccd5b82d,cb914b9e-f206-11e4-b447-24be05e24f7e,,892189e9-d712-4bdb-afa7-1ccab43fbed4,257a305e-4dd3-41f1-9824-dfe7e8bd59e1,,2015-12-21 00:00:00.000000,,,e0b720de-5477-489c-b254-45a7012f0232
70e81c71-72f1-4783-a2f3-03dbf546c337,c7edbf0f-f206-11e4-aa52-24be05e24f7e,,f72e0ef0-7c4a-4307-af78-8e38dac3fdba,1e473914-46e4-408d-af26-178fb115de76,,2015-12-19 00:00:00.000000,,,9b1c13eb-5ca8-4695-b0da-3fe4859972b1
c3779b2a-ea65-47db-bb55-d12072a0ae95,c7805740-f206-11e4-982c-24be05e24f7e,true,f72e0ef0-7c4a-4307-af78-8e38dac3fdba,1e473914-46e4-408d-af26-178fb115de76,true,2016-03-20 00:00:00.000000,,,81acef57-a5dc-41b5-bb1d-cb2e637a6185
712f2150-4c90-4ad3-9112-fb89938c0ec6,c74c9d0f-f206-11e4-8330-24be05e24f7e,true,2323b76a-db98-4e03-aa37-e171cfbdd1a4,257a305e-4dd3-41f1-9824-dfe7e8bd59e1,true,2015-12-28 00:00:00.000000,,,
ef7c4a48-2b57-4ed0-85f1-27534373cdcf,cd844200-f206-11e4-9393-24be05e24f7e,,c98949ae-60a8-43dc-85d7-0feb0b92e719,257a305e-4dd3-41f1-9824-dfe7e8bd59e1,,2015-12-17 00:00:00.000000,,,d41f76d6-ab61-4a8f-babc-b2f5ddbdb477
cb8a1b31-c386-43b8-a8e1-8017598ac73a,cdb934b0-f206-11e4-8810-24be05e24f7e,true,2323b76a-db98-4e03-aa37-e171cfbdd1a4,257a305e-4dd3-41f1-9824-dfe7e8bd59e1,true,2016-05-10 00:00:00.000000,,,
1851c066-e132-4075-9bf7-72b1851628fd,ce1dc2de-f206-11e4-a646-24be05e24f7e,,5728f612-3f20-4459-98bd-3478c79c4861,257a305e-4dd3-41f1-9824-dfe7e8bd59e1,,2015-12-16 00:00:00.000000,,,d9abec6a-4d36-4ecc-97da-6e5f7a4adb98
4a938a94-afe7-465e-a659-6f9bdb5792b1,5e130537-2275-40b5-9758-94b1986934ed,true,b50c4dc2-6c86-4d79-aa8a-23a65da292c6,f6de5351-3797-41e9-8053-7fb111a3a1a0,true,2016-04-11 00:00:00.000000,,,
64c41f76-25d4-420a-a8af-7c2d39db1635,c7805740-f206-11e4-982c-24be05e24f7e,true,780cc101-005c-4fca-8ce7-6f36d7156ffe,65f033d2-1303-4748-bc26-ef62c38eced4,true,2016-02-27 00:00:00.000000,,,
cb0f4a49-6069-4199-8922-4327628e8d09,cb251c51-f206-11e4-8541-24be05e24f7e,true,b50c4dc2-6c86-4d79-aa8a-23a65da292c6,f6de5351-3797-41e9-8053-7fb111a3a1a0,true,2015-12-27 00:00:00.000000,,,
0c3dc28e-502d-4b68-b5bb-eb68f380f5cd,c822b1c0-f206-11e4-9755-24be05e24f7e,true,0e39ead4-383b-4452-bbd4-babb7becd82e,42f97cca-2cb4-497a-a0fd-ceef1ba46bcc,true,2016-03-17 00:00:00.000000,,,
ed5a8321-4400-4c79-88b6-b84e7c3f6e58,cbcea2c0-f206-11e4-8c4a-24be05e24f7e,true,2323b76a-db98-4e03-aa37-e171cfbdd1a4,257a305e-4dd3-41f1-9824-dfe7e8bd59e1,true,2016-04-05 00:00:00.000000,,,
72c37768-d0da-4beb-a0c4-9eb4167f143a,ca737f8f-f206-11e4-a7e2-24be05e24f7e,true,2323b76a-db98-4e03-aa37-e171cfbdd1a4,257a305e-4dd3-41f1-9824-dfe7e8bd59e1,true,2016-04-10 00:00:00.000000,,,
23bd2a7a-b6f1-424d-8a78-ab05c48998df,cdee4e70-f206-11e4-87a2-24be05e24f7e,true,2323b76a-db98-4e03-aa37-e171cfbdd1a4,257a305e-4dd3-41f1-9824-dfe7e8bd59e1,true,2016-04-16 00:00:00.000000,,,
68f19555-9e16-4dad-b487-a59d69f4dcdc,ce1dc2de-f206-11e4-a646-24be05e24f7e,,2323b76a-db98-4e03-aa37-e171cfbdd1a4,257a305e-4dd3-41f1-9824-dfe7e8bd59e1,,2015-12-17 00:00:00.000000,,,f54bb443-6554-47e8-adf6-515d03f265ef
0c4352c7-a5b1-4c78-b1a5-05e5da4ac913,c7edbf0f-f206-11e4-aa52-24be05e24f7e,true,f72e0ef0-7c4a-4307-af78-8e38dac3fdba,1e473914-46e4-408d-af26-178fb115de76,true,2016-05-18 00:00:00.000000,,,
1eab29fb-724a-47c8-8443-8d3ed0e9e63b,cdee4e70-f206-11e4-87a2-24be05e24f7e,,c98949ae-60a8-43dc-85d7-0feb0b92e719,1e473914-46e4-408d-af26-178fb115de76,,2015-12-17 00:00:00.000000,,,46548e14-85aa-4191-b312-cfeefce95d57
38eabc18-900a-4517-a7f5-40fb6fae5bc4,c7edbf0f-f206-11e4-aa52-24be05e24f7e,true,f72e0ef0-7c4a-4307-af78-8e38dac3fdba,1e473914-46e4-408d-af26-178fb115de76,true,2016-01-17 00:00:00.000000,,,
bb8eeb0e-1ec5-4196-9847-5cb2ec6f675e,cebd854f-f206-11e4-b46e-24be05e24f7e,,c98949ae-60a8-43dc-85d7-0feb0b92e719,1e473914-46e4-408d-af26-178fb115de76,,2015-12-17 00:00:00.000000,,,fffc437b-2fd9-46f0-a60a-be9afc80ca54
1e64c211-4cda-445f-92b1-49fe3b3c25af,cdb934b0-f206-11e4-8810-24be05e24f7e,,2323b76a-db98-4e03-aa37-e171cfbdd1a4,257a305e-4dd3-41f1-9824-dfe7e8bd59e1,,2015-12-16 00:00:00.000000,,,4ff171f7-1a96-47b4-a1ea-236b1f58dbb6
b7de46ae-86b1-4f45-a71c-1c39826aa2d1,c7edbf0f-f206-11e4-aa52-24be05e24f7e,,f72e0ef0-7c4a-4307-af78-8e38dac3fdba,1e473914-46e4-408d-af26-178fb115de76,,2015-12-17 00:00:00.000000,,,b0fbb56f-c5ef-4eb4-bf43-d00d1618f34d
073391cc-af01-4f18-8a3b-5cfa3a4d0b3e,cb914b9e-f206-11e4-b447-24be05e24f7e,,5728f612-3f20-4459-98bd-3478c79c4861,257a305e-4dd3-41f1-9824-dfe7e8bd59e1,,2015-12-17 00:00:00.000000,,,
2400b6a2-9423-4851-b462-7d36ef10a294,cdb934b0-f206-11e4-8810-24be05e24f7e,,5728f612-3f20-4459-98bd-3478c79c4861,257a305e-4dd3-41f1-9824-dfe7e8bd59e1,,2015-12-17 00:00:00.000000,,,
9c7714db-1fbc-420a-a3fc-731c13731dfe,ce1dc2de-f206-11e4-a646-24be05e24f7e,,5728f612-3f20-4459-98bd-3478c79c4861,257a305e-4dd3-41f1-9824-dfe7e8bd59e1,,2015-12-17 00:00:00.000000,,,
bc193d38-bbab-4dfa-936b-064e75c99093,cb914b9e-f206-11e4-b447-24be05e24f7e,,2323b76a-db98-4e03-aa37-e171cfbdd1a4,257a305e-4dd3-41f1-9824-dfe7e8bd59e1,,2015-12-16 00:00:00.000000,,,19d7118f-b758-454c-9bc8-90426641f6f1
1bea54a1-3696-4da8-b46f-bf3554bfd9fb,caacb800-f206-11e4-81ab-24be05e24f7e,,5728f612-3f20-4459-98bd-3478c79c4861,257a305e-4dd3-41f1-9824-dfe7e8bd59e1,,2015-12-16 00:00:00.000000,,,
bc122f49-982a-4c36-b0cb-73a54d994cee,caacb800-f206-11e4-81ab-24be05e24f7e,,5728f612-3f20-4459-98bd-3478c79c4861,257a305e-4dd3-41f1-9824-dfe7e8bd59e1,,2015-12-16 00:00:00.000000,,,
d203a15a-5dcd-44d4-9f76-bced53d72869,c7805740-f206-11e4-982c-24be05e24f7e,true,355dc154-9809-4edb-8ed4-fff910c6ae9c,dda182c5-4b50-4a0f-86f3-fcb5e0db4df3,true,2016-03-02 00:00:00.000000,,,b7ddf39c-f6e6-4c77-8037-faad1e462880
33f57045-bf51-4844-941c-13969ad35373,cebd854f-f206-11e4-b46e-24be05e24f7e,,c98949ae-60a8-43dc-85d7-0feb0b92e719,a2949322-dc84-45ab-8454-cf94fb28c189,,2015-12-17 00:00:00.000000,,,2112be27-f463-4def-bd41-9c8f6789b18c
5d9797e8-c72f-4ba9-a3d0-95622b16a4df,cc040aa1-f206-11e4-a3e0-24be05e24f7e,,c98949ae-60a8-43dc-85d7-0feb0b92e719,1e473914-46e4-408d-af26-178fb115de76,,2015-12-17 00:00:00.000000,,,9aa053ce-97a4-4b0c-9011-08b88e89f916
03cdc1e9-3372-443c-8bfd-03c35a8c3634,caacb800-f206-11e4-81ab-24be05e24f7e,,2323b76a-db98-4e03-aa37-e171cfbdd1a4,257a305e-4dd3-41f1-9824-dfe7e8bd59e1,,2015-12-16 00:00:00.000000,,,
330bf296-0583-4689-8c94-44ce3ebdc5c7,cdee4e70-f206-11e4-87a2-24be05e24f7e,,c98949ae-60a8-43dc-85d7-0feb0b92e719,1e473914-46e4-408d-af26-178fb115de76,,2015-12-17 00:00:00.000000,,,
90048886-3599-41a0-812d-3d2138a13816,cdee4e70-f206-11e4-87a2-24be05e24f7e,,c98949ae-60a8-43dc-85d7-0feb0b92e719,1e473914-46e4-408d-af26-178fb115de76,,2015-12-17 00:00:00.000000,,,
c48f599c-3741-4f1f-bd4a-9e61b89d3d33,cc040aa1-f206-11e4-a3e0-24be05e24f7e,,c98949ae-60a8-43dc-85d7-0feb0b92e719,1e473914-46e4-408d-af26-178fb115de76,,2015-12-17 00:00:00.000000,,,
1eb87498-941f-4e9a-841b-401a98baef58,cb914b9e-f206-11e4-b447-24be05e24f7e,,2323b76a-db98-4e03-aa37-e171cfbdd1a4,257a305e-4dd3-41f1-9824-dfe7e8bd59e1,,2015-12-17 00:00:00.000000,,,
69d93706-8b20-4197-ac0e-32eb236090d9,ce1dc2de-f206-11e4-a646-24be05e24f7e,,2323b76a-db98-4e03-aa37-e171cfbdd1a4,257a305e-4dd3-41f1-9824-dfe7e8bd59e1,,2015-12-17 00:00:00.000000,,,
0dea6e9e-6488-49db-801b-a43fbcb587c5,c7edbf0f-f206-11e4-aa52-24be05e24f7e,,f72e0ef0-7c4a-4307-af78-8e38dac3fdba,1e473914-46e4-408d-af26-178fb115de76,,2015-12-18 00:00:00.000000,,,
d1043c31-8f53-4348-8365-a794f5e045ee,cd844200-f206-11e4-9393-24be05e24f7e,,5728f612-3f20-4459-98bd-3478c79c4861,257a305e-4dd3-41f1-9824-dfe7e8bd59e1,,2015-12-18 00:00:00.000000,,,
d49bb0ed-a163-40cb-ba34-6fd0018d0186,ce1dc2de-f206-11e4-a646-24be05e24f7e,,5728f612-3f20-4459-98bd-3478c79c4861,257a305e-4dd3-41f1-9824-dfe7e8bd59e1,,2015-12-18 00:00:00.000000,,,
359c6a24-6a7c-4440-9d48-48d6452c6f18,ce1dc2de-f206-11e4-a646-24be05e24f7e,,5728f612-3f20-4459-98bd-3478c79c4861,257a305e-4dd3-41f1-9824-dfe7e8bd59e1,,2015-12-17 00:00:00.000000,,,
b1594414-f6b5-479f-af6e-9fdb8d8cc4a5,cdb934b0-f206-11e4-8810-24be05e24f7e,,892189e9-d712-4bdb-afa7-1ccab43fbed4,257a305e-4dd3-41f1-9824-dfe7e8bd59e1,,2015-12-15 00:00:00.000000,,,4f8a35b4-e62c-4102-9dfb-a40c8f0651b3
42323aaf-66b4-4d91-8406-00dcb0507c02,ce89a40f-f206-11e4-b83f-24be05e24f7e,true,2323b76a-db98-4e03-aa37-e171cfbdd1a4,257a305e-4dd3-41f1-9824-dfe7e8bd59e1,true,2016-05-10 00:00:00.000000,,,
70cc41fd-b301-42af-8fc8-0a6518ba5e5c,cebd854f-f206-11e4-b46e-24be05e24f7e,true,892189e9-d712-4bdb-afa7-1ccab43fbed4,257a305e-4dd3-41f1-9824-dfe7e8bd59e1,true,2016-02-28 00:00:00.000000,,,
ed3325aa-fba8-4796-9092-2d8e3141493c,c7805740-f206-11e4-982c-24be05e24f7e,true,355dc154-9809-4edb-8ed4-fff910c6ae9c,dda182c5-4b50-4a0f-86f3-fcb5e0db4df3,true,2016-03-02 00:00:00.000000,,,
6a3e4e73-f86f-478e-9280-a393c8761975,c8d69870-f206-11e4-b477-24be05e24f7e,true,b50c4dc2-6c86-4d79-aa8a-23a65da292c6,f6de5351-3797-41e9-8053-7fb111a3a1a0,true,2016-04-11 00:00:00.000000,,,
171a04b4-2728-48ca-89c3-a2c6df1d3982,c96ff240-f206-11e4-b581-24be05e24f7e,true,b50c4dc2-6c86-4d79-aa8a-23a65da292c6,f6de5351-3797-41e9-8053-7fb111a3a1a0,true,2015-12-27 00:00:00.000000,,,
c68879b5-ed54-4cd6-a8b4-b197192c7bd7,c7edbf0f-f206-11e4-aa52-24be05e24f7e,true,f72e0ef0-7c4a-4307-af78-8e38dac3fdba,1e473914-46e4-408d-af26-178fb115de76,true,2016-01-18 00:00:00.000000,,,
7911e605-197e-4db0-8c0e-bad3f8617b04,c7edbf0f-f206-11e4-aa52-24be05e24f7e,true,f72e0ef0-7c4a-4307-af78-8e38dac3fdba,1e473914-46e4-408d-af26-178fb115de76,true,2016-03-31 00:00:00.000000,,,
f3cd76ca-fe62-4006-a424-46627214be68,cae999f0-f206-11e4-9835-24be05e24f7e,true,0e39ead4-383b-4452-bbd4-babb7becd82e,42f97cca-2cb4-497a-a0fd-ceef1ba46bcc,true,2016-03-17 00:00:00.000000,,,
a679f8b6-7e46-4b63-aa2f-29e51ee0ad38,caacb800-f206-11e4-81ab-24be05e24f7e,true,2323b76a-db98-4e03-aa37-e171cfbdd1a4,257a305e-4dd3-41f1-9824-dfe7e8bd59e1,true,2016-04-05 00:00:00.000000,,,
11df3653-12e4-4dff-b31d-d187c7793220,caacb800-f206-11e4-81ab-24be05e24f7e,true,2323b76a-db98-4e03-aa37-e171cfbdd1a4,257a305e-4dd3-41f1-9824-dfe7e8bd59e1,true,2016-04-11 00:00:00.000000,,,
165c24fc-0ee7-43ed-b95b-e3b2df58dc07,ce1dc2de-f206-11e4-a646-24be05e24f7e,,7b7e892c-d9b7-4b03-bef8-c6a071df28ef,257a305e-4dd3-41f1-9824-dfe7e8bd59e1,,2015-12-15 00:00:00.000000,,,f3925b76-4ee4-488d-a961-9fe48e2a95dc
22fd6cd4-59de-4ceb-b0d3-289d40b9666a,cbcea2c0-f206-11e4-8c4a-24be05e24f7e,true,2323b76a-db98-4e03-aa37-e171cfbdd1a4,257a305e-4dd3-41f1-9824-dfe7e8bd59e1,true,2016-04-16 00:00:00.000000,,,
881b4146-14d8-4150-a86c-ec8b9f46f40a,c7edbf0f-f206-11e4-aa52-24be05e24f7e,true,f72e0ef0-7c4a-4307-af78-8e38dac3fdba,1e473914-46e4-408d-af26-178fb115de76,true,2016-05-18 00:00:00.000000,,,
1fbf74a1-7ddb-401b-a9ac-77312ae88ef0,c7edbf0f-f206-11e4-aa52-24be05e24f7e,true,f72e0ef0-7c4a-4307-af78-8e38dac3fdba,1e473914-46e4-408d-af26-178fb115de76,true,2015-12-14 00:00:00.000000,,,225749f5-17ff-4718-b20e-2717b4ff1f7b
5e5feb83-8f3c-4ce4-b942-0a2225e355dd,c7edbf0f-f206-11e4-aa52-24be05e24f7e,true,f72e0ef0-7c4a-4307-af78-8e38dac3fdba,1e473914-46e4-408d-af26-178fb115de76,true,2016-01-17 00:00:00.000000,,,
276a9f02-50f8-42b7-82d8-bf80f1432434,cc040aa1-f206-11e4-a3e0-24be05e24f7e,,2323b76a-db98-4e03-aa37-e171cfbdd1a4,257a305e-4dd3-41f1-9824-dfe7e8bd59e1,,2015-12-16 00:00:00.000000,,,7c772cbf-673d-4ed6-830d-cb01a950f3d3
07e7ea18-1a95-4a90-85e3-0db366900aae,cdb934b0-f206-11e4-8810-24be05e24f7e,true,f72e0ef0-7c4a-4307-af78-8e38dac3fdba,1e473914-46e4-408d-af26-178fb115de76,true,2016-02-04 00:00:00.000000,,,
76640c88-d4dd-4c37-8164-c0d9c0ca589c,cc040aa1-f206-11e4-a3e0-24be05e24f7e,,892189e9-d712-4bdb-afa7-1ccab43fbed4,257a305e-4dd3-41f1-9824-dfe7e8bd59e1,,2015-12-15 00:00:00.000000,,,
d770d5fe-3399-46a7-82aa-8d5944814351,c7edbf0f-f206-11e4-aa52-24be05e24f7e,,f72e0ef0-7c4a-4307-af78-8e38dac3fdba,1e473914-46e4-408d-af26-178fb115de76,,2015-12-15 00:00:00.000000,,,8a57deb0-79fe-4218-8e39-ee31f8a642eb
7eaaa75a-0271-4b07-ae3a-235154a677d2,c7edbf0f-f206-11e4-aa52-24be05e24f7e,,f72e0ef0-7c4a-4307-af78-8e38dac3fdba,1e473914-46e4-408d-af26-178fb115de76,,2015-12-15 00:00:00.000000,,,
b94d46dc-ac1f-4c95-9d19-0cc2e5478a80,c7edbf0f-f206-11e4-aa52-24be05e24f7e,,f72e0ef0-7c4a-4307-af78-8e38dac3fdba,1e473914-46e4-408d-af26-178fb115de76,,2015-12-15 00:00:00.000000,,,
214a61d5-552f-4bc9-828d-42b4cd9e88de,cdee4e70-f206-11e4-87a2-24be05e24f7e,,c98949ae-60a8-43dc-85d7-0feb0b92e719,257a305e-4dd3-41f1-9824-dfe7e8bd59e1,,2015-12-15 00:00:00.000000,,,2f0951dc-209f-4847-bf09-e57878e9afcf
cb221048-22e4-40b0-bb44-c7b2c7f6c9de,cdee4e70-f206-11e4-87a2-24be05e24f7e,,c98949ae-60a8-43dc-85d7-0feb0b92e719,257a305e-4dd3-41f1-9824-dfe7e8bd59e1,,2015-12-15 00:00:00.000000,,,
23536953-4168-4d4b-bc6d-8b7eb8527064,cb914b9e-f206-11e4-b447-24be05e24f7e,,c98949ae-60a8-43dc-85d7-0feb0b92e719,1571fdac-e0b4-4ebc-a73a-6e13001b71d3,,2015-12-15 00:00:00.000000,,,
a419ead0-f966-4cd1-8cc9-3e94c3d505c7,cb914b9e-f206-11e4-b447-24be05e24f7e,,892189e9-d712-4bdb-afa7-1ccab43fbed4,257a305e-4dd3-41f1-9824-dfe7e8bd59e1,,2015-12-15 00:00:00.000000,,,bd66be37-4dcc-4f54-9d2a-e0b7093231b4
88122921-d4b9-42e6-9041-1cebb4a98bbe,c7edbf0f-f206-11e4-aa52-24be05e24f7e,,f72e0ef0-7c4a-4307-af78-8e38dac3fdba,1e473914-46e4-408d-af26-178fb115de76,,2015-12-15 00:00:00.000000,,,
b2bc319a-25e8-4694-8ef9-cc70e846e7ce,cc74f4e1-f206-11e4-ad66-24be05e24f7e,true,2323b76a-db98-4e03-aa37-e171cfbdd1a4,257a305e-4dd3-41f1-9824-dfe7e8bd59e1,true,2016-04-30 00:00:00.000000,,,3317b04b-f92c-425d-9fb0-03921c332bbd
14375b2c-f5c8-46f1-913f-2563b92546af,c7edbf0f-f206-11e4-aa52-24be05e24f7e,,f72e0ef0-7c4a-4307-af78-8e38dac3fdba,1e473914-46e4-408d-af26-178fb115de76,,2015-12-15 00:00:00.000000,,,
84326343-9198-460d-82f4-24b2b3a453cc,c7edbf0f-f206-11e4-aa52-24be05e24f7e,,f72e0ef0-7c4a-4307-af78-8e38dac3fdba,1e473914-46e4-408d-af26-178fb115de76,,2015-12-15 00:00:00.000000,,,225749f5-17ff-4718-b20e-2717b4ff1f7b
c1fe684c-f1bb-4cee-b189-7904e0d15bc0,c7edbf0f-f206-11e4-aa52-24be05e24f7e,,f72e0ef0-7c4a-4307-af78-8e38dac3fdba,1e473914-46e4-408d-af26-178fb115de76,,2015-12-15 00:00:00.000000,,,
b7ac80ed-6337-456e-bf32-16c1211ed976,c7edbf0f-f206-11e4-aa52-24be05e24f7e,,f72e0ef0-7c4a-4307-af78-8e38dac3fdba,1e473914-46e4-408d-af26-178fb115de76,,2015-12-15 00:00:00.000000,,,
e345d8b9-7839-4bbf-b158-514bd98302c1,c7edbf0f-f206-11e4-aa52-24be05e24f7e,,f72e0ef0-7c4a-4307-af78-8e38dac3fdba,1e473914-46e4-408d-af26-178fb115de76,,2015-12-15 00:00:00.000000,,,
0648326e-2302-45c7-8393-f0dc791c4d9b,c7edbf0f-f206-11e4-aa52-24be05e24f7e,,f72e0ef0-7c4a-4307-af78-8e38dac3fdba,1e473914-46e4-408d-af26-178fb115de76,,2015-12-16 00:00:00.000000,,,
d7111f1d-e483-4e22-b56c-16baa1b89863,cdb934b0-f206-11e4-8810-24be05e24f7e,,f27a65eb-2d11-4965-aa9c-daa088fa5c9c,257a305e-4dd3-41f1-9824-dfe7e8bd59e1,,2015-12-15 00:00:00.000000,,,7e9d76f7-cf9a-4acd-803c-1d2c126678ce
849be0c4-ab4c-40d2-b05f-a98464f1f14e,cc040aa1-f206-11e4-a3e0-24be05e24f7e,,f27a65eb-2d11-4965-aa9c-daa088fa5c9c,257a305e-4dd3-41f1-9824-dfe7e8bd59e1,,2015-12-15 00:00:00.000000,,,
6008a894-25e5-4533-ba86-524ac5b3ceb3,cd844200-f206-11e4-9393-24be05e24f7e,,892189e9-d712-4bdb-afa7-1ccab43fbed4,257a305e-4dd3-41f1-9824-dfe7e8bd59e1,,2015-12-15 00:00:00.000000,,,
ff1561a8-0ff8-4b73-bcdd-e7eca8e8786c,ce1dc2de-f206-11e4-a646-24be05e24f7e,,2323b76a-db98-4e03-aa37-e171cfbdd1a4,257a305e-4dd3-41f1-9824-dfe7e8bd59e1,,2015-12-16 00:00:00.000000,,,
6a0b947a-ad8c-43e7-a2a5-1c67dd9a3ee2,c7edbf0f-f206-11e4-aa52-24be05e24f7e,,f72e0ef0-7c4a-4307-af78-8e38dac3fdba,1e473914-46e4-408d-af26-178fb115de76,,2015-12-16 00:00:00.000000,,,
5bac6d71-404e-4233-ba93-06dc8e490cc3,cc040aa1-f206-11e4-a3e0-24be05e24f7e,,7b7e892c-d9b7-4b03-bef8-c6a071df28ef,257a305e-4dd3-41f1-9824-dfe7e8bd59e1,,2015-12-13 00:00:00.000000,,,e208a19a-6c99-4949-bb44-c29dc2fa6cf9
50e5349b-6da6-4497-88ad-6e269e438e50,ce1dc2de-f206-11e4-a646-24be05e24f7e,,892189e9-d712-4bdb-afa7-1ccab43fbed4,257a305e-4dd3-41f1-9824-dfe7e8bd59e1,,2015-12-15 00:00:00.000000,,,d6009d5e-e31b-4f40-b69f-53ca3c87be21
aad1e757-2a28-4812-8053-a9037136aaf0,cdee4e70-f206-11e4-87a2-24be05e24f7e,true,2323b76a-db98-4e03-aa37-e171cfbdd1a4,257a305e-4dd3-41f1-9824-dfe7e8bd59e1,true,2016-05-10 00:00:00.000000,,,
2503f166-efbb-4f44-808d-f513b6f805f1,c74c9d0f-f206-11e4-8330-24be05e24f7e,true,780cc101-005c-4fca-8ce7-6f36d7156ffe,65f033d2-1303-4748-bc26-ef62c38eced4,true,2016-02-28 00:00:00.000000,,,
8bc37e6f-ac32-4d8e-b963-f576633c8aca,c89dae21-f206-11e4-a1c2-24be05e24f7e,true,0e39ead4-383b-4452-bbd4-babb7becd82e,42f97cca-2cb4-497a-a0fd-ceef1ba46bcc,true,2016-03-17 00:00:00.000000,,,
8096f0a1-01f4-44e1-bd87-3feb83fb5a98,cc040aa1-f206-11e4-a3e0-24be05e24f7e,true,2323b76a-db98-4e03-aa37-e171cfbdd1a4,257a305e-4dd3-41f1-9824-dfe7e8bd59e1,true,2016-04-05 00:00:00.000000,,,
ee3c13aa-0e19-46da-8fc9-61f137dce30d,c7edbf0f-f206-11e4-aa52-24be05e24f7e,,f72e0ef0-7c4a-4307-af78-8e38dac3fdba,1e473914-46e4-408d-af26-178fb115de76,,2015-12-11 00:00:00.000000,,,
cdaf1cf6-9f69-487d-8b88-5f85983da393,c96ff240-f206-11e4-b581-24be05e24f7e,true,b50c4dc2-6c86-4d79-aa8a-23a65da292c6,f6de5351-3797-41e9-8053-7fb111a3a1a0,true,2016-04-10 00:00:00.000000,,,
58b24b85-f9e0-4947-acd7-623d87ea7304,cb914b9e-f206-11e4-b447-24be05e24f7e,true,2323b76a-db98-4e03-aa37-e171cfbdd1a4,257a305e-4dd3-41f1-9824-dfe7e8bd59e1,true,2016-04-11 00:00:00.000000,,,
96a04712-55c1-41f5-b702-bb6b83e36dd6,c7edbf0f-f206-11e4-aa52-24be05e24f7e,true,f72e0ef0-7c4a-4307-af78-8e38dac3fdba,1e473914-46e4-408d-af26-178fb115de76,true,2015-12-28 00:00:00.000000,,,a413c632-2fad-4c4f-a2ec-9a07b8ba3e33
224e8b4b-fc34-4bd9-a6ef-8c9f8e8abddd,cb914b9e-f206-11e4-b447-24be05e24f7e,,f27a65eb-2d11-4965-aa9c-daa088fa5c9c,257a305e-4dd3-41f1-9824-dfe7e8bd59e1,,2015-12-12 00:00:00.000000,,,83de54a3-51f6-48fe-ac0a-c9bb39a6ee27
398876a4-bc6f-4714-9498-c94c2cbb821e,cae999f0-f206-11e4-9835-24be05e24f7e,true,0e39ead4-383b-4452-bbd4-babb7becd82e,42f97cca-2cb4-497a-a0fd-ceef1ba46bcc,true,2016-04-16 00:00:00.000000,,,
a16187de-13fa-409e-98ad-ef5576dfe5f9,c7edbf0f-f206-11e4-aa52-24be05e24f7e,,f72e0ef0-7c4a-4307-af78-8e38dac3fdba,1e473914-46e4-408d-af26-178fb115de76,,2015-12-11 00:00:00.000000,,,3083ada3-1de7-46c7-8f28-bf9a3bcc2f40
90e4537c-786b-4945-9f8c-d3354dcaefde,caacb800-f206-11e4-81ab-24be05e24f7e,,4b12472e-2a06-4235-ba58-f376be6c1b39,1e473914-46e4-408d-af26-178fb115de76,,2015-12-12 00:00:00.000000,,,2a3063cf-5bd2-40f2-aacc-bfa0d81748e6
234f1ae1-5f85-46ff-83a5-7dada846d3b1,c7edbf0f-f206-11e4-aa52-24be05e24f7e,,f72e0ef0-7c4a-4307-af78-8e38dac3fdba,1e473914-46e4-408d-af26-178fb115de76,,2015-12-11 00:00:00.000000,,,
6df690f7-59fa-475e-bd15-c78d5725f5ad,c7805740-f206-11e4-982c-24be05e24f7e,true,355dc154-9809-4edb-8ed4-fff910c6ae9c,dda182c5-4b50-4a0f-86f3-fcb5e0db4df3,true,2016-03-02 00:00:00.000000,,,b7ddf39c-f6e6-4c77-8037-faad1e462880
b1912b2e-a051-45c5-82ea-cd776f1f3b54,caacb800-f206-11e4-81ab-24be05e24f7e,,f27a65eb-2d11-4965-aa9c-daa088fa5c9c,257a305e-4dd3-41f1-9824-dfe7e8bd59e1,,2015-12-14 00:00:00.000000,,,04f51174-9f34-4d84-947f-97b9d7afa718
beb2d1cc-4a6f-405c-a286-7e503779438f,cd844200-f206-11e4-9393-24be05e24f7e,,7b7e892c-d9b7-4b03-bef8-c6a071df28ef,257a305e-4dd3-41f1-9824-dfe7e8bd59e1,,2015-12-11 00:00:00.000000,,,61e53e5e-f381-4a4a-b443-645113f6477d
7dec1e7c-a193-41ce-ae4d-ee1a35354060,cd844200-f206-11e4-9393-24be05e24f7e,,7b7e892c-d9b7-4b03-bef8-c6a071df28ef,257a305e-4dd3-41f1-9824-dfe7e8bd59e1,,2015-12-11 00:00:00.000000,,,
a4124a34-12fd-4ef6-8625-42b067d80639,cdee4e70-f206-11e4-87a2-24be05e24f7e,,f27a65eb-2d11-4965-aa9c-daa088fa5c9c,257a305e-4dd3-41f1-9824-dfe7e8bd59e1,,2015-12-12 00:00:00.000000,,,df5a05c8-8c61-47ed-9a35-20d682857576
15c5b9c3-cb25-425b-97a6-fe7d264f6e4c,cebd854f-f206-11e4-b46e-24be05e24f7e,,f27a65eb-2d11-4965-aa9c-daa088fa5c9c,257a305e-4dd3-41f1-9824-dfe7e8bd59e1,,2015-12-12 00:00:00.000000,,,afd2d3ec-3bd7-4ddd-bf0e-b9687573f1f2
776daa49-2da6-45ed-beba-8614fbfec590,caacb800-f206-11e4-81ab-24be05e24f7e,,f27a65eb-2d11-4965-aa9c-daa088fa5c9c,257a305e-4dd3-41f1-9824-dfe7e8bd59e1,,2015-12-12 00:00:00.000000,,,04f51174-9f34-4d84-947f-97b9d7afa718
d82aae1e-5699-4e96-baa7-ff512eeef02a,cc040aa1-f206-11e4-a3e0-24be05e24f7e,,7b7e892c-d9b7-4b03-bef8-c6a071df28ef,257a305e-4dd3-41f1-9824-dfe7e8bd59e1,,2015-12-12 00:00:00.000000,,,e208a19a-6c99-4949-bb44-c29dc2fa6cf9
57ebb557-0c7a-4eb2-ba6f-be6936dcdaa8,c7edbf0f-f206-11e4-aa52-24be05e24f7e,,f72e0ef0-7c4a-4307-af78-8e38dac3fdba,1e473914-46e4-408d-af26-178fb115de76,,2015-12-12 00:00:00.000000,,,225749f5-17ff-4718-b20e-2717b4ff1f7b
bfcf7d1c-06f4-4a87-872b-fae785fd6753,cebd854f-f206-11e4-b46e-24be05e24f7e,,7b7e892c-d9b7-4b03-bef8-c6a071df28ef,257a305e-4dd3-41f1-9824-dfe7e8bd59e1,,2015-12-13 00:00:00.000000,,,808039e8-12e2-4da0-9cd2-3e7d37434c6a
dba44446-6c7d-46db-b796-6e5cc2a764fd,c7edbf0f-f206-11e4-aa52-24be05e24f7e,,f72e0ef0-7c4a-4307-af78-8e38dac3fdba,1e473914-46e4-408d-af26-178fb115de76,,2015-12-14 00:00:00.000000,,,8a57deb0-79fe-4218-8e39-ee31f8a642eb
ac9a6297-ccaa-4067-ad36-78d4576f0ad2,cebd854f-f206-11e4-b46e-24be05e24f7e,,f27a65eb-2d11-4965-aa9c-daa088fa5c9c,257a305e-4dd3-41f1-9824-dfe7e8bd59e1,,2015-12-12 00:00:00.000000,,,
fa2fa07b-cebb-411d-aaa1-e0a339423ed1,c74c9d0f-f206-11e4-8330-24be05e24f7e,,f27a65eb-2d11-4965-aa9c-daa088fa5c9c,257a305e-4dd3-41f1-9824-dfe7e8bd59e1,,2015-12-12 00:00:00.000000,,,
da04a3fb-cb02-4d19-a9c7-7fc18fdd45ec,cdb934b0-f206-11e4-8810-24be05e24f7e,,f27a65eb-2d11-4965-aa9c-daa088fa5c9c,257a305e-4dd3-41f1-9824-dfe7e8bd59e1,,2015-12-12 00:00:00.000000,,,
2b3aca3d-5e81-4cbe-9757-a7f4aab4e0a3,cb914b9e-f206-11e4-b447-24be05e24f7e,,7b7e892c-d9b7-4b03-bef8-c6a071df28ef,257a305e-4dd3-41f1-9824-dfe7e8bd59e1,,2015-12-12 00:00:00.000000,,,
5fe6ccfc-63a1-444f-93b7-7d8f839670ea,c74c9d0f-f206-11e4-8330-24be05e24f7e,,7b7e892c-d9b7-4b03-bef8-c6a071df28ef,257a305e-4dd3-41f1-9824-dfe7e8bd59e1,,2015-12-12 00:00:00.000000,,,
783bc836-8b9f-4f91-a863-d087954b048d,cd844200-f206-11e4-9393-24be05e24f7e,,7b7e892c-d9b7-4b03-bef8-c6a071df28ef,257a305e-4dd3-41f1-9824-dfe7e8bd59e1,,2015-12-12 00:00:00.000000,,,
24affe17-e02f-4bc8-9fa2-3a9c768701ba,cdb934b0-f206-11e4-8810-24be05e24f7e,,7b7e892c-d9b7-4b03-bef8-c6a071df28ef,257a305e-4dd3-41f1-9824-dfe7e8bd59e1,,2015-12-13 00:00:00.000000,,,
14179d7d-6ea5-46c5-85ea-547f4170aa7b,c74c9d0f-f206-11e4-8330-24be05e24f7e,,7b7e892c-d9b7-4b03-bef8-c6a071df28ef,257a305e-4dd3-41f1-9824-dfe7e8bd59e1,,2015-12-13 00:00:00.000000,,,
9c08fd38-3f16-4843-b351-ff6e8a4d6261,cdee4e70-f206-11e4-87a2-24be05e24f7e,,7b7e892c-d9b7-4b03-bef8-c6a071df28ef,257a305e-4dd3-41f1-9824-dfe7e8bd59e1,,2015-12-13 00:00:00.000000,,,
02324b94-4707-46ad-9dba-1ac672fd78b8,cd844200-f206-11e4-9393-24be05e24f7e,,7b7e892c-d9b7-4b03-bef8-c6a071df28ef,257a305e-4dd3-41f1-9824-dfe7e8bd59e1,,2015-12-13 00:00:00.000000,,,
1193109c-0f25-4c3a-bcd4-6c478586f013,c7edbf0f-f206-11e4-aa52-24be05e24f7e,,f72e0ef0-7c4a-4307-af78-8e38dac3fdba,1e473914-46e4-408d-af26-178fb115de76,,2015-12-12 00:00:00.000000,,,
e94cdb8d-f729-48dd-ace7-55663704cd3a,c7edbf0f-f206-11e4-aa52-24be05e24f7e,true,f72e0ef0-7c4a-4307-af78-8e38dac3fdba,1e473914-46e4-408d-af26-178fb115de76,true,2015-12-28 00:00:00.000000,,,
b881059d-de13-4089-a479-856a7cd99145,c7edbf0f-f206-11e4-aa52-24be05e24f7e,,f72e0ef0-7c4a-4307-af78-8e38dac3fdba,1e473914-46e4-408d-af26-178fb115de76,,2015-12-11 00:00:00.000000,,,344d090c-db17-4f87-885f-c9652ff6feec
04fa07b0-d3eb-4487-8687-4862a0d6f7f8,cdb934b0-f206-11e4-8810-24be05e24f7e,true,2323b76a-db98-4e03-aa37-e171cfbdd1a4,257a305e-4dd3-41f1-9824-dfe7e8bd59e1,true,2016-03-02 00:00:00.000000,,,3e95324a-28e1-43a8-a616-c3ab5800a886
fd3f34c5-0bab-4ffe-9f2a-77a3a144ee18,caacb800-f206-11e4-81ab-24be05e24f7e,,f27a65eb-2d11-4965-aa9c-daa088fa5c9c,257a305e-4dd3-41f1-9824-dfe7e8bd59e1,,2015-12-11 00:00:00.000000,,,04f51174-9f34-4d84-947f-97b9d7afa718
b332a327-cab2-4e16-a667-c93a34d10cec,c7edbf0f-f206-11e4-aa52-24be05e24f7e,,f72e0ef0-7c4a-4307-af78-8e38dac3fdba,1e473914-46e4-408d-af26-178fb115de76,,2015-12-11 00:00:00.000000,,,225749f5-17ff-4718-b20e-2717b4ff1f7b
9fd7b187-e4ab-4c61-8a1b-551675bde78a,c854e54f-f206-11e4-bddc-24be05e24f7e,true,b50c4dc2-6c86-4d79-aa8a-23a65da292c6,f6de5351-3797-41e9-8053-7fb111a3a1a0,true,2016-04-10 00:00:00.000000,,,
e1d5e5bf-0c17-4d6e-baed-7108c4f1e591,c7805740-f206-11e4-982c-24be05e24f7e,true,780cc101-005c-4fca-8ce7-6f36d7156ffe,8d4a3dbc-ef7a-405e-862b-34093ff582fd,true,2016-02-28 00:00:00.000000,,,
5393dfc6-9215-4c21-88cf-d39f00c83214,c7edbf0f-f206-11e4-aa52-24be05e24f7e,,f72e0ef0-7c4a-4307-af78-8e38dac3fdba,1e473914-46e4-408d-af26-178fb115de76,,2015-12-10 00:00:00.000000,,,
c78069db-9c06-478a-b5c6-4276100ebf21,c7edbf0f-f206-11e4-aa52-24be05e24f7e,,f72e0ef0-7c4a-4307-af78-8e38dac3fdba,1e473914-46e4-408d-af26-178fb115de76,,2015-12-10 00:00:00.000000,,,5d59bd48-ce20-44bb-b697-4a5b404e35ba
3aed1d42-db9a-44bb-b5ad-27036ef9dc2a,c7edbf0f-f206-11e4-aa52-24be05e24f7e,,f72e0ef0-7c4a-4307-af78-8e38dac3fdba,1e473914-46e4-408d-af26-178fb115de76,,2015-12-10 00:00:00.000000,,,225749f5-17ff-4718-b20e-2717b4ff1f7b
38fa7ea2-6c10-4f11-a286-42f5e2a3edc8,c7edbf0f-f206-11e4-aa52-24be05e24f7e,,f72e0ef0-7c4a-4307-af78-8e38dac3fdba,1e473914-46e4-408d-af26-178fb115de76,,2015-12-11 00:00:00.000000,,,3083ada3-1de7-46c7-8f28-bf9a3bcc2f40
141138b4-d5f0-4aae-859f-50fa595d5682,cae999f0-f206-11e4-9835-24be05e24f7e,true,0e39ead4-383b-4452-bbd4-babb7becd82e,42f97cca-2cb4-497a-a0fd-ceef1ba46bcc,true,2016-03-17 00:00:00.000000,,,
c2bc884e-b2de-4982-9e89-61ad4c67ca8c,c7edbf0f-f206-11e4-aa52-24be05e24f7e,,f72e0ef0-7c4a-4307-af78-8e38dac3fdba,1e473914-46e4-408d-af26-178fb115de76,,2015-12-11 00:00:00.000000,,,3083ada3-1de7-46c7-8f28-bf9a3bcc2f40
aa855417-6107-48ec-b684-896e090d21e5,cb914b9e-f206-11e4-b447-24be05e24f7e,,7b7e892c-d9b7-4b03-bef8-c6a071df28ef,257a305e-4dd3-41f1-9824-dfe7e8bd59e1,,2015-12-11 00:00:00.000000,,,
1794a90a-beb5-4be5-b38a-2a79e3658dab,cdb934b0-f206-11e4-8810-24be05e24f7e,,7b7e892c-d9b7-4b03-bef8-c6a071df28ef,257a305e-4dd3-41f1-9824-dfe7e8bd59e1,,2015-12-11 00:00:00.000000,,,
b5f5a2c3-0c18-4ef0-b263-fef4ce42ef69,c7edbf0f-f206-11e4-aa52-24be05e24f7e,,f72e0ef0-7c4a-4307-af78-8e38dac3fdba,1e473914-46e4-408d-af26-178fb115de76,,2015-12-10 00:00:00.000000,,,
4e346f90-c5e6-45dc-b068-ca6f108498f9,c7edbf0f-f206-11e4-aa52-24be05e24f7e,,f72e0ef0-7c4a-4307-af78-8e38dac3fdba,1e473914-46e4-408d-af26-178fb115de76,,2015-12-10 00:00:00.000000,,,8a57deb0-79fe-4218-8e39-ee31f8a642eb
3a4a4ef8-bed7-432f-b837-314308e862b6,cdb934b0-f206-11e4-8810-24be05e24f7e,,f27a65eb-2d11-4965-aa9c-daa088fa5c9c,257a305e-4dd3-41f1-9824-dfe7e8bd59e1,,2015-12-11 00:00:00.000000,,,021227af-6ad1-4b26-83a0-d824bcbf1856
81785b8f-b614-4c2b-a278-a039e0b1a2c9,cdee4e70-f206-11e4-87a2-24be05e24f7e,,7b7e892c-d9b7-4b03-bef8-c6a071df28ef,257a305e-4dd3-41f1-9824-dfe7e8bd59e1,,2015-12-11 00:00:00.000000,,,ec0a3ede-881c-41fe-be50-d972a72c3446
b62d531d-916a-4858-9f54-14142f00640f,c7edbf0f-f206-11e4-aa52-24be05e24f7e,,f72e0ef0-7c4a-4307-af78-8e38dac3fdba,1e473914-46e4-408d-af26-178fb115de76,,2015-12-06 00:00:00.000000,,,
b286f7ec-fcd4-4e0c-aa31-627b18647a4f,c7edbf0f-f206-11e4-aa52-24be05e24f7e,,f72e0ef0-7c4a-4307-af78-8e38dac3fdba,1e473914-46e4-408d-af26-178fb115de76,,2015-12-11 00:00:00.000000,,,3083ada3-1de7-46c7-8f28-bf9a3bcc2f40
6258fe3f-2665-4407-ba68-bf638ffae4b8,c7edbf0f-f206-11e4-aa52-24be05e24f7e,,f72e0ef0-7c4a-4307-af78-8e38dac3fdba,1e473914-46e4-408d-af26-178fb115de76,,2015-12-10 00:00:00.000000,,,225749f5-17ff-4718-b20e-2717b4ff1f7b
47db5efe-3a41-4b3a-9aef-b7ef47d77976,c7edbf0f-f206-11e4-aa52-24be05e24f7e,,f72e0ef0-7c4a-4307-af78-8e38dac3fdba,1e473914-46e4-408d-af26-178fb115de76,,2015-12-11 00:00:00.000000,,,344d090c-db17-4f87-885f-c9652ff6feec
4438f464-acb3-4833-bd32-bd28638ede3b,c74c9d0f-f206-11e4-8330-24be05e24f7e,,f27a65eb-2d11-4965-aa9c-daa088fa5c9c,257a305e-4dd3-41f1-9824-dfe7e8bd59e1,,2015-12-11 00:00:00.000000,,,e4179d94-c0a7-4fcb-b5e1-a34c60d5d44c
c23c806a-2a51-41a8-ba50-555263484760,c7edbf0f-f206-11e4-aa52-24be05e24f7e,,f72e0ef0-7c4a-4307-af78-8e38dac3fdba,1e473914-46e4-408d-af26-178fb115de76,,2015-12-11 00:00:00.000000,,,5d59bd48-ce20-44bb-b697-4a5b404e35ba
432bd79c-6abd-416a-a6ae-5757d7a787af,c7edbf0f-f206-11e4-aa52-24be05e24f7e,,f72e0ef0-7c4a-4307-af78-8e38dac3fdba,1e473914-46e4-408d-af26-178fb115de76,,2015-12-10 00:00:00.000000,,,
a03c2fc6-3dc2-46b6-8c79-b8ddcd332c58,c7edbf0f-f206-11e4-aa52-24be05e24f7e,,f72e0ef0-7c4a-4307-af78-8e38dac3fdba,1e473914-46e4-408d-af26-178fb115de76,,2015-12-10 00:00:00.000000,,,8a57deb0-79fe-4218-8e39-ee31f8a642eb
83c98220-b604-4d2d-aa4d-9ae2d7db99c3,cd844200-f206-11e4-9393-24be05e24f7e,,f27a65eb-2d11-4965-aa9c-daa088fa5c9c,257a305e-4dd3-41f1-9824-dfe7e8bd59e1,,2015-12-11 00:00:00.000000,,,
e90da3a2-0003-4e07-aacb-bed3663835b1,c7edbf0f-f206-11e4-aa52-24be05e24f7e,,f72e0ef0-7c4a-4307-af78-8e38dac3fdba,1e473914-46e4-408d-af26-178fb115de76,,2015-12-11 00:00:00.000000,,,
785c8e90-84ce-4e97-bda5-2bd2f72ab6f2,c7edbf0f-f206-11e4-aa52-24be05e24f7e,,f72e0ef0-7c4a-4307-af78-8e38dac3fdba,1e473914-46e4-408d-af26-178fb115de76,,2015-12-11 00:00:00.000000,,,
f92d8df8-3af1-4d94-8c2e-e00c28a0f7d2,c7edbf0f-f206-11e4-aa52-24be05e24f7e,,f72e0ef0-7c4a-4307-af78-8e38dac3fdba,1e473914-46e4-408d-af26-178fb115de76,,2015-12-11 00:00:00.000000,,,
2d6e4749-3e77-4845-bcf5-74331940a834,cdee4e70-f206-11e4-87a2-24be05e24f7e,,7b7e892c-d9b7-4b03-bef8-c6a071df28ef,257a305e-4dd3-41f1-9824-dfe7e8bd59e1,,2015-12-11 00:00:00.000000,,,
328bfff0-2fa3-4a3f-b3fd-09bbe9e5e1b1,c7edbf0f-f206-11e4-aa52-24be05e24f7e,,f72e0ef0-7c4a-4307-af78-8e38dac3fdba,1e473914-46e4-408d-af26-178fb115de76,,2015-12-11 00:00:00.000000,,,
95f4a296-165f-4f10-babb-30c25230b80f,cdb934b0-f206-11e4-8810-24be05e24f7e,,f27a65eb-2d11-4965-aa9c-daa088fa5c9c,257a305e-4dd3-41f1-9824-dfe7e8bd59e1,,2015-12-11 00:00:00.000000,,,
91783bf9-af93-40a8-aead-5b0d175a5ebc,cdb934b0-f206-11e4-8810-24be05e24f7e,,f27a65eb-2d11-4965-aa9c-daa088fa5c9c,257a305e-4dd3-41f1-9824-dfe7e8bd59e1,,2015-12-11 00:00:00.000000,,,
447fc3e1-cf1d-42e4-be50-4121830a23ba,cc040aa1-f206-11e4-a3e0-24be05e24f7e,,f27a65eb-2d11-4965-aa9c-daa088fa5c9c,257a305e-4dd3-41f1-9824-dfe7e8bd59e1,,2015-12-11 00:00:00.000000,,,
edbcac0a-f559-495d-addf-de29a1142581,cebd854f-f206-11e4-b46e-24be05e24f7e,,f27a65eb-2d11-4965-aa9c-daa088fa5c9c,257a305e-4dd3-41f1-9824-dfe7e8bd59e1,,2015-12-11 00:00:00.000000,,,
63e96df4-a89a-41ad-8a24-c73319249072,cc040aa1-f206-11e4-a3e0-24be05e24f7e,true,2323b76a-db98-4e03-aa37-e171cfbdd1a4,257a305e-4dd3-41f1-9824-dfe7e8bd59e1,true,2016-03-02 00:00:00.000000,,,
4f65208b-cbf1-4383-9caa-04a857211965,c7edbf0f-f206-11e4-aa52-24be05e24f7e,,f72e0ef0-7c4a-4307-af78-8e38dac3fdba,1e473914-46e4-408d-af26-178fb115de76,,2015-12-08 00:00:00.000000,,,3083ada3-1de7-46c7-8f28-bf9a3bcc2f40
7b7bf5a9-7743-4121-8c4a-c5c1cfb3d9c4,ce1dc2de-f206-11e4-a646-24be05e24f7e,true,2323b76a-db98-4e03-aa37-e171cfbdd1a4,257a305e-4dd3-41f1-9824-dfe7e8bd59e1,true,2016-05-10 00:00:00.000000,,,
eccc3470-bd58-4a75-b454-23247766fc5a,cc040aa1-f206-11e4-a3e0-24be05e24f7e,,f27a65eb-2d11-4965-aa9c-daa088fa5c9c,257a305e-4dd3-41f1-9824-dfe7e8bd59e1,,2015-12-10 00:00:00.000000,,,07aee020-e250-4489-8f46-2040d61d4a90
dbe6b16f-ebf9-48e8-b594-8854a6d63602,c74c9d0f-f206-11e4-8330-24be05e24f7e,true,780cc101-005c-4fca-8ce7-6f36d7156ffe,65f033d2-1303-4748-bc26-ef62c38eced4,true,2016-02-28 00:00:00.000000,,,
db3d44d2-1e90-4f12-8053-3cfaa85ed820,c89dae21-f206-11e4-a1c2-24be05e24f7e,true,0e39ead4-383b-4452-bbd4-babb7becd82e,42f97cca-2cb4-497a-a0fd-ceef1ba46bcc,true,2016-03-17 00:00:00.000000,,,
2fd87d0f-14b9-40f6-abcc-155b9de68f94,cc040aa1-f206-11e4-a3e0-24be05e24f7e,true,2323b76a-db98-4e03-aa37-e171cfbdd1a4,257a305e-4dd3-41f1-9824-dfe7e8bd59e1,true,2016-04-05 00:00:00.000000,,,
62744db9-3586-499d-bb13-986f68a6877e,ce1dc2de-f206-11e4-a646-24be05e24f7e,true,2323b76a-db98-4e03-aa37-e171cfbdd1a4,257a305e-4dd3-41f1-9824-dfe7e8bd59e1,true,2016-04-11 00:00:00.000000,,,
50faafec-7882-4e3c-afd5-a2a3ce4447c3,cd844200-f206-11e4-9393-24be05e24f7e,,f27a65eb-2d11-4965-aa9c-daa088fa5c9c,257a305e-4dd3-41f1-9824-dfe7e8bd59e1,,2015-12-10 00:00:00.000000,,,4f6a8de2-7ff4-4107-8f38-640e9673223c
987f6938-c5f5-4b83-b9f7-5f3c6a3fe519,cdb934b0-f206-11e4-8810-24be05e24f7e,true,2323b76a-db98-4e03-aa37-e171cfbdd1a4,257a305e-4dd3-41f1-9824-dfe7e8bd59e1,true,2016-04-17 00:00:00.000000,,,
0fceccd1-03a3-4569-bf7f-f3999e1a8c07,cdb934b0-f206-11e4-8810-24be05e24f7e,,f27a65eb-2d11-4965-aa9c-daa088fa5c9c,257a305e-4dd3-41f1-9824-dfe7e8bd59e1,,2015-12-07 00:00:00.000000,,,7e9d76f7-cf9a-4acd-803c-1d2c126678ce
667f6edf-6248-4f33-aac0-203b5656872b,c7edbf0f-f206-11e4-aa52-24be05e24f7e,true,f72e0ef0-7c4a-4307-af78-8e38dac3fdba,1e473914-46e4-408d-af26-178fb115de76,true,2016-05-18 00:00:00.000000,,,
22ca5ee7-a5fc-4f8c-b3cb-4aba12e9299f,c7edbf0f-f206-11e4-aa52-24be05e24f7e,true,f72e0ef0-7c4a-4307-af78-8e38dac3fdba,1e473914-46e4-408d-af26-178fb115de76,true,2016-01-17 00:00:00.000000,,,
035416e2-bc97-43e1-b570-eb1fcfc8ef3b,c7edbf0f-f206-11e4-aa52-24be05e24f7e,,f72e0ef0-7c4a-4307-af78-8e38dac3fdba,1e473914-46e4-408d-af26-178fb115de76,,2015-12-08 00:00:00.000000,,,3083ada3-1de7-46c7-8f28-bf9a3bcc2f40
159e7564-4e82-4762-909f-e1efe315c9a5,cc040aa1-f206-11e4-a3e0-24be05e24f7e,,892189e9-d712-4bdb-afa7-1ccab43fbed4,257a305e-4dd3-41f1-9824-dfe7e8bd59e1,,2015-12-07 00:00:00.000000,,,c02d69e9-5426-49be-8af7-829cd08f624a
60b23948-ff52-4a9c-8bca-b91685aeefb4,c7edbf0f-f206-11e4-aa52-24be05e24f7e,,f72e0ef0-7c4a-4307-af78-8e38dac3fdba,1e473914-46e4-408d-af26-178fb115de76,,2015-12-08 00:00:00.000000,,,
c6d5896b-b797-4b3b-b0bc-5449ffb68725,caacb800-f206-11e4-81ab-24be05e24f7e,,f27a65eb-2d11-4965-aa9c-daa088fa5c9c,257a305e-4dd3-41f1-9824-dfe7e8bd59e1,,2015-12-08 00:00:00.000000,,,
59e436b3-464e-4180-9590-f785531abe55,c74c9d0f-f206-11e4-8330-24be05e24f7e,,f27a65eb-2d11-4965-aa9c-daa088fa5c9c,257a305e-4dd3-41f1-9824-dfe7e8bd59e1,,2015-12-08 00:00:00.000000,,,
d94da84f-cf34-4258-bebe-3f2936ce5b43,c7edbf0f-f206-11e4-aa52-24be05e24f7e,,f72e0ef0-7c4a-4307-af78-8e38dac3fdba,1e473914-46e4-408d-af26-178fb115de76,,2015-12-08 00:00:00.000000,,,225749f5-17ff-4718-b20e-2717b4ff1f7b
9eb674c8-9cfd-444f-af11-1be758c0dd65,cebd854f-f206-11e4-b46e-24be05e24f7e,,f27a65eb-2d11-4965-aa9c-daa088fa5c9c,257a305e-4dd3-41f1-9824-dfe7e8bd59e1,,2015-12-10 00:00:00.000000,,,70a12653-34c2-43c5-bb24-cb46dfb409a5
2b80aa89-47ca-4a04-b079-80ceee409940,cdb934b0-f206-11e4-8810-24be05e24f7e,,c98949ae-60a8-43dc-85d7-0feb0b92e719,257a305e-4dd3-41f1-9824-dfe7e8bd59e1,,2015-12-10 00:00:00.000000,,,4317baed-7a78-4bb6-b84a-d42028534a5b
966c048f-5102-4a08-a6fc-ea42aa7302a3,cdee4e70-f206-11e4-87a2-24be05e24f7e,,f27a65eb-2d11-4965-aa9c-daa088fa5c9c,257a305e-4dd3-41f1-9824-dfe7e8bd59e1,,2015-12-07 00:00:00.000000,,,df5a05c8-8c61-47ed-9a35-20d682857576
60ec9faa-c814-4d45-bf1d-c59476a94700,cd844200-f206-11e4-9393-24be05e24f7e,,c98949ae-60a8-43dc-85d7-0feb0b92e719,257a305e-4dd3-41f1-9824-dfe7e8bd59e1,,2015-12-07 00:00:00.000000,,,89b22cbf-19d6-435e-b671-fba88b76010a
f7a3bfd4-ac59-45e4-b3af-ea09482c0c9e,cd844200-f206-11e4-9393-24be05e24f7e,,892189e9-d712-4bdb-afa7-1ccab43fbed4,257a305e-4dd3-41f1-9824-dfe7e8bd59e1,,2015-12-07 00:00:00.000000,,,8c48bddc-9cfc-4d55-86fd-9b317c0a2650
01975b3b-dafe-4ab2-8ac5-005ef14878e9,cd844200-f206-11e4-9393-24be05e24f7e,,f27a65eb-2d11-4965-aa9c-daa088fa5c9c,257a305e-4dd3-41f1-9824-dfe7e8bd59e1,,2015-12-07 00:00:00.000000,,,2d35a0af-a8a9-44f8-8193-0c758d94f66c
f29b4b0d-39b2-4b0e-ae30-cf033bd2db94,cdee4e70-f206-11e4-87a2-24be05e24f7e,,7b7e892c-d9b7-4b03-bef8-c6a071df28ef,257a305e-4dd3-41f1-9824-dfe7e8bd59e1,,2015-12-07 00:00:00.000000,,,
402403bc-2145-48eb-8f3f-3c6bc00039d0,cebd854f-f206-11e4-b46e-24be05e24f7e,,c98949ae-60a8-43dc-85d7-0feb0b92e719,a2949322-dc84-45ab-8454-cf94fb28c189,,2015-12-10 00:00:00.000000,,,
780e60a3-987d-41bf-b893-bffc42d614ae,c7edbf0f-f206-11e4-aa52-24be05e24f7e,,f72e0ef0-7c4a-4307-af78-8e38dac3fdba,1e473914-46e4-408d-af26-178fb115de76,,2015-12-10 00:00:00.000000,,,
ebbb00d7-5c29-448c-8b23-3a058f51f0fa,c7edbf0f-f206-11e4-aa52-24be05e24f7e,,f72e0ef0-7c4a-4307-af78-8e38dac3fdba,1e473914-46e4-408d-af26-178fb115de76,,2015-12-10 00:00:00.000000,,,
0dc669ba-dd69-4654-b804-11dd0729db1f,c7edbf0f-f206-11e4-aa52-24be05e24f7e,,f72e0ef0-7c4a-4307-af78-8e38dac3fdba,1e473914-46e4-408d-af26-178fb115de76,,2015-12-10 00:00:00.000000,,,
8a72271c-a0dd-40c3-82a9-8076142e3f40,c74c9d0f-f206-11e4-8330-24be05e24f7e,,f27a65eb-2d11-4965-aa9c-daa088fa5c9c,257a305e-4dd3-41f1-9824-dfe7e8bd59e1,,2015-12-08 00:00:00.000000,,,
6600f162-531c-4e0a-aed0-b017f06fd44f,cc040aa1-f206-11e4-a3e0-24be05e24f7e,,f27a65eb-2d11-4965-aa9c-daa088fa5c9c,257a305e-4dd3-41f1-9824-dfe7e8bd59e1,,2015-12-08 00:00:00.000000,,,
2728659c-2d48-4148-9090-951ac947adfe,cdb934b0-f206-11e4-8810-24be05e24f7e,,f27a65eb-2d11-4965-aa9c-daa088fa5c9c,257a305e-4dd3-41f1-9824-dfe7e8bd59e1,,2015-12-08 00:00:00.000000,,,
a0241a15-924f-4aa0-b82b-8e37dedfa3a4,c7edbf0f-f206-11e4-aa52-24be05e24f7e,,f72e0ef0-7c4a-4307-af78-8e38dac3fdba,1e473914-46e4-408d-af26-178fb115de76,,2015-12-08 00:00:00.000000,,,
5f763b5b-8b03-4439-871f-8b0737420e1d,c7edbf0f-f206-11e4-aa52-24be05e24f7e,,f72e0ef0-7c4a-4307-af78-8e38dac3fdba,1e473914-46e4-408d-af26-178fb115de76,,2015-12-08 00:00:00.000000,,,
2cf331e4-c968-445d-83f4-572c8c592729,cebd854f-f206-11e4-b46e-24be05e24f7e,,f27a65eb-2d11-4965-aa9c-daa088fa5c9c,257a305e-4dd3-41f1-9824-dfe7e8bd59e1,,2015-12-10 00:00:00.000000,,,
a1f00f9b-598f-44a9-b237-e3fa7b7ff212,ce1dc2de-f206-11e4-a646-24be05e24f7e,,f27a65eb-2d11-4965-aa9c-daa088fa5c9c,257a305e-4dd3-41f1-9824-dfe7e8bd59e1,,2015-12-10 00:00:00.000000,,,
b0c9234e-7aec-4cb6-9697-e174d8726413,cb914b9e-f206-11e4-b447-24be05e24f7e,,f27a65eb-2d11-4965-aa9c-daa088fa5c9c,257a305e-4dd3-41f1-9824-dfe7e8bd59e1,,2015-12-10 00:00:00.000000,,,
e6f26f5e-8f57-4067-9bad-e1f89255fc58,cdee4e70-f206-11e4-87a2-24be05e24f7e,,7385b4a1-86bf-4aec-b9c2-411a6aa48633,257a305e-4dd3-41f1-9824-dfe7e8bd59e1,,2015-12-06 00:00:00.000000,,,ce078b84-e144-412d-9e7f-ae76946c6c94
659fcd12-8aae-4a70-ab96-fed02b711e40,c7edbf0f-f206-11e4-aa52-24be05e24f7e,,f72e0ef0-7c4a-4307-af78-8e38dac3fdba,1e473914-46e4-408d-af26-178fb115de76,,2015-12-06 00:00:00.000000,,,8a57deb0-79fe-4218-8e39-ee31f8a642eb
3cd4369a-b415-42ab-b58d-a5ea36f9adce,cc74f4e1-f206-11e4-ad66-24be05e24f7e,true,2323b76a-db98-4e03-aa37-e171cfbdd1a4,257a305e-4dd3-41f1-9824-dfe7e8bd59e1,true,2016-05-09 00:00:00.000000,,,
d9780cc1-b5fb-45d6-a194-f7806e769519,c74c9d0f-f206-11e4-8330-24be05e24f7e,true,780cc101-005c-4fca-8ce7-6f36d7156ffe,8d4a3dbc-ef7a-405e-862b-34093ff582fd,true,2016-02-28 00:00:00.000000,,,
fe8ddb2d-64df-4417-9a8a-11bb5081ec4c,cae999f0-f206-11e4-9835-24be05e24f7e,true,0e39ead4-383b-4452-bbd4-babb7becd82e,42f97cca-2cb4-497a-a0fd-ceef1ba46bcc,true,2016-03-17 00:00:00.000000,,,
0c5e307e-4c4a-4723-ade5-aebf03dbdc12,ca737f8f-f206-11e4-a7e2-24be05e24f7e,true,2323b76a-db98-4e03-aa37-e171cfbdd1a4,257a305e-4dd3-41f1-9824-dfe7e8bd59e1,true,2016-04-05 00:00:00.000000,,,
32bb6cd3-577e-4c7c-a48f-6898920abdc7,cebd854f-f206-11e4-b46e-24be05e24f7e,true,2323b76a-db98-4e03-aa37-e171cfbdd1a4,257a305e-4dd3-41f1-9824-dfe7e8bd59e1,true,2016-04-11 00:00:00.000000,,,
0a01d657-ccf9-4204-9176-6d53c6c4ff70,cb914b9e-f206-11e4-b447-24be05e24f7e,true,2323b76a-db98-4e03-aa37-e171cfbdd1a4,257a305e-4dd3-41f1-9824-dfe7e8bd59e1,true,2016-04-17 00:00:00.000000,,,
f22d01a2-928d-4994-b664-74ddbf317d27,c7edbf0f-f206-11e4-aa52-24be05e24f7e,true,f72e0ef0-7c4a-4307-af78-8e38dac3fdba,1e473914-46e4-408d-af26-178fb115de76,true,2016-05-17 00:00:00.000000,,,
a1fd3577-ffa5-4421-854d-618badef3f9c,c96ff240-f206-11e4-b581-24be05e24f7e,true,b50c4dc2-6c86-4d79-aa8a-23a65da292c6,f6de5351-3797-41e9-8053-7fb111a3a1a0,true,2016-04-10 00:00:00.000000,,,
121fdaae-36fa-452b-9741-b34500a57f40,c7edbf0f-f206-11e4-aa52-24be05e24f7e,true,f72e0ef0-7c4a-4307-af78-8e38dac3fdba,1e473914-46e4-408d-af26-178fb115de76,true,2016-01-17 00:00:00.000000,,,
f70524e7-ed6c-4992-93f8-77663564bb5f,cb251c51-f206-11e4-8541-24be05e24f7e,true,b50c4dc2-6c86-4d79-aa8a-23a65da292c6,f6de5351-3797-41e9-8053-7fb111a3a1a0,true,2016-02-03 00:00:00.000000,,,
97660721-323c-4769-8ca3-feced89b4663,c7edbf0f-f206-11e4-aa52-24be05e24f7e,true,f72e0ef0-7c4a-4307-af78-8e38dac3fdba,1e473914-46e4-408d-af26-178fb115de76,true,2016-02-06 00:00:00.000000,,,
08f8f2e7-3e5d-47fe-94d0-af90c6af37d6,c7edbf0f-f206-11e4-aa52-24be05e24f7e,true,f72e0ef0-7c4a-4307-af78-8e38dac3fdba,1e473914-46e4-408d-af26-178fb115de76,true,2016-02-06 00:00:00.000000,,,
2dec9592-37f8-46c8-9c78-343548ffd294,c74c9d0f-f206-11e4-8330-24be05e24f7e,,0bcf2be1-3168-4e42-9fb5-3551d7dbce77,65f033d2-1303-4748-bc26-ef62c38eced4,,2015-12-06 00:00:00.000000,,,3a22d98b-b871-46ee-b57e-0f8c66451440
35fb3039-6bb9-455a-81b4-578a76f97c87,c7edbf0f-f206-11e4-aa52-24be05e24f7e,,f72e0ef0-7c4a-4307-af78-8e38dac3fdba,1e473914-46e4-408d-af26-178fb115de76,,2015-12-06 00:00:00.000000,,,5d59bd48-ce20-44bb-b697-4a5b404e35ba
fdef673e-7ca9-4c3e-ada9-66bfc67ad40a,cc040aa1-f206-11e4-a3e0-24be05e24f7e,,7385b4a1-86bf-4aec-b9c2-411a6aa48633,257a305e-4dd3-41f1-9824-dfe7e8bd59e1,,2015-12-06 00:00:00.000000,,,
d6a5bd96-70af-455d-8e65-2bb037b25191,cd844200-f206-11e4-9393-24be05e24f7e,,c98949ae-60a8-43dc-85d7-0feb0b92e719,257a305e-4dd3-41f1-9824-dfe7e8bd59e1,,2015-12-06 00:00:00.000000,,,
bd43981c-56d5-4263-9377-0ae7812f0940,caacb800-f206-11e4-81ab-24be05e24f7e,,c98949ae-60a8-43dc-85d7-0feb0b92e719,257a305e-4dd3-41f1-9824-dfe7e8bd59e1,,2015-12-06 00:00:00.000000,,,
adbfa73e-235f-4ad4-8b0f-7fa248d24c26,c7edbf0f-f206-11e4-aa52-24be05e24f7e,true,f72e0ef0-7c4a-4307-af78-8e38dac3fdba,1e473914-46e4-408d-af26-178fb115de76,true,2016-02-08 00:00:00.000000,,,
616c8b3c-1130-4477-8587-86a3abfbe248,c74c9d0f-f206-11e4-8330-24be05e24f7e,,f27a65eb-2d11-4965-aa9c-daa088fa5c9c,257a305e-4dd3-41f1-9824-dfe7e8bd59e1,,2015-12-06 00:00:00.000000,,,da110708-68f4-4d4b-95a0-d7d2d3363ef0
c130104c-6d15-478f-99ca-92806bf82ae9,c7edbf0f-f206-11e4-aa52-24be05e24f7e,,f72e0ef0-7c4a-4307-af78-8e38dac3fdba,1e473914-46e4-408d-af26-178fb115de76,,2015-12-06 00:00:00.000000,,,
98486ebe-7554-4799-b26f-d61b35b22410,c7edbf0f-f206-11e4-aa52-24be05e24f7e,,f72e0ef0-7c4a-4307-af78-8e38dac3fdba,1e473914-46e4-408d-af26-178fb115de76,,2015-12-06 00:00:00.000000,,,
bcfe0201-6c62-4f7b-a48b-f48031e85880,c7edbf0f-f206-11e4-aa52-24be05e24f7e,,f72e0ef0-7c4a-4307-af78-8e38dac3fdba,1e473914-46e4-408d-af26-178fb115de76,,2015-12-06 00:00:00.000000,,,
11dc64dd-650e-43ec-9df0-575350c16391,c7edbf0f-f206-11e4-aa52-24be05e24f7e,,f72e0ef0-7c4a-4307-af78-8e38dac3fdba,1e473914-46e4-408d-af26-178fb115de76,,2015-12-06 00:00:00.000000,,,8a57deb0-79fe-4218-8e39-ee31f8a642eb
d59381c2-0b8b-4051-895d-d2f24d3a6e5e,cd844200-f206-11e4-9393-24be05e24f7e,,f27a65eb-2d11-4965-aa9c-daa088fa5c9c,257a305e-4dd3-41f1-9824-dfe7e8bd59e1,,2015-12-06 00:00:00.000000,,,4f6a8de2-7ff4-4107-8f38-640e9673223c
50ecad79-c5b6-46dc-adc8-ae406d93a717,c7edbf0f-f206-11e4-aa52-24be05e24f7e,,f72e0ef0-7c4a-4307-af78-8e38dac3fdba,1e473914-46e4-408d-af26-178fb115de76,,2015-12-06 00:00:00.000000,,,225749f5-17ff-4718-b20e-2717b4ff1f7b
4355b094-c8e2-4fa4-a211-0c69ba71d84a,c7edbf0f-f206-11e4-aa52-24be05e24f7e,,f72e0ef0-7c4a-4307-af78-8e38dac3fdba,1e473914-46e4-408d-af26-178fb115de76,,2015-12-06 00:00:00.000000,,,225749f5-17ff-4718-b20e-2717b4ff1f7b
002fc2b1-a921-4986-83f5-993f23a4079d,cebd854f-f206-11e4-b46e-24be05e24f7e,,f27a65eb-2d11-4965-aa9c-daa088fa5c9c,257a305e-4dd3-41f1-9824-dfe7e8bd59e1,,2015-12-06 00:00:00.000000,,,70a12653-34c2-43c5-bb24-cb46dfb409a5
43aebab0-ffd0-4c34-8928-f2b51856ac65,c74c9d0f-f206-11e4-8330-24be05e24f7e,,f27a65eb-2d11-4965-aa9c-daa088fa5c9c,257a305e-4dd3-41f1-9824-dfe7e8bd59e1,,2015-12-06 00:00:00.000000,,,da110708-68f4-4d4b-95a0-d7d2d3363ef0
1d8b246f-3b2e-42fb-88a1-1ba770d87783,c7edbf0f-f206-11e4-aa52-24be05e24f7e,,f72e0ef0-7c4a-4307-af78-8e38dac3fdba,1e473914-46e4-408d-af26-178fb115de76,,2015-12-06 00:00:00.000000,,,
3b29d73f-fd26-4989-9483-2a5292759845,c7edbf0f-f206-11e4-aa52-24be05e24f7e,,f72e0ef0-7c4a-4307-af78-8e38dac3fdba,1e473914-46e4-408d-af26-178fb115de76,,2015-12-06 00:00:00.000000,,,225749f5-17ff-4718-b20e-2717b4ff1f7b
fc779c4f-2fa1-4209-beef-a328fb9f8cf1,c7edbf0f-f206-11e4-aa52-24be05e24f7e,,f72e0ef0-7c4a-4307-af78-8e38dac3fdba,1e473914-46e4-408d-af26-178fb115de76,,2015-12-06 00:00:00.000000,,,344d090c-db17-4f87-885f-c9652ff6feec
2016f070-e444-4e86-9100-f557cbe36be4,c7edbf0f-f206-11e4-aa52-24be05e24f7e,,f72e0ef0-7c4a-4307-af78-8e38dac3fdba,1e473914-46e4-408d-af26-178fb115de76,,2015-12-06 00:00:00.000000,,,5d59bd48-ce20-44bb-b697-4a5b404e35ba
42fd1732-041f-4524-8ccb-adf2b0b75048,c7edbf0f-f206-11e4-aa52-24be05e24f7e,,f72e0ef0-7c4a-4307-af78-8e38dac3fdba,1e473914-46e4-408d-af26-178fb115de76,,2015-12-06 00:00:00.000000,,,3083ada3-1de7-46c7-8f28-bf9a3bcc2f40
235f782e-b61c-449f-8d59-d5422879edbd,c7edbf0f-f206-11e4-aa52-24be05e24f7e,,f72e0ef0-7c4a-4307-af78-8e38dac3fdba,1e473914-46e4-408d-af26-178fb115de76,,2015-12-06 00:00:00.000000,,,344d090c-db17-4f87-885f-c9652ff6feec
1815942e-9045-4039-a806-f18cac2e9dd1,c7edbf0f-f206-11e4-aa52-24be05e24f7e,,f72e0ef0-7c4a-4307-af78-8e38dac3fdba,1e473914-46e4-408d-af26-178fb115de76,,2015-12-06 00:00:00.000000,,,
edc04617-a9b4-4177-b93d-885a563f6256,cdb934b0-f206-11e4-8810-24be05e24f7e,true,2323b76a-db98-4e03-aa37-e171cfbdd1a4,257a305e-4dd3-41f1-9824-dfe7e8bd59e1,true,2016-05-09 00:00:00.000000,,,
cb2690e5-4622-42f3-997e-6c30605b321b,c854e54f-f206-11e4-bddc-24be05e24f7e,true,b50c4dc2-6c86-4d79-aa8a-23a65da292c6,f6de5351-3797-41e9-8053-7fb111a3a1a0,true,2016-02-27 00:00:00.000000,,,
883966f9-5056-4358-b2d6-80e8c260520d,c74c9d0f-f206-11e4-8330-24be05e24f7e,true,2323b76a-db98-4e03-aa37-e171cfbdd1a4,257a305e-4dd3-41f1-9824-dfe7e8bd59e1,true,2016-03-02 00:00:00.000000,,,
7f11fda9-441f-4ea6-b6f5-7e7340a860bc,c7edbf0f-f206-11e4-aa52-24be05e24f7e,,f72e0ef0-7c4a-4307-af78-8e38dac3fdba,1e473914-46e4-408d-af26-178fb115de76,,2015-12-06 00:00:00.000000,,,3083ada3-1de7-46c7-8f28-bf9a3bcc2f40
08bae96b-71da-4603-8708-06a6b0621cb6,c822b1c0-f206-11e4-9755-24be05e24f7e,true,0e39ead4-383b-4452-bbd4-babb7becd82e,42f97cca-2cb4-497a-a0fd-ceef1ba46bcc,true,2016-03-17 00:00:00.000000,,,
35dd8e4f-6a95-4195-bfa3-83f0a45e262d,ce1dc2de-f206-11e4-a646-24be05e24f7e,true,2323b76a-db98-4e03-aa37-e171cfbdd1a4,257a305e-4dd3-41f1-9824-dfe7e8bd59e1,true,2016-04-05 00:00:00.000000,,,
343735d3-c9d9-4452-acdb-8023759d3cbe,cc74f4e1-f206-11e4-ad66-24be05e24f7e,true,2323b76a-db98-4e03-aa37-e171cfbdd1a4,257a305e-4dd3-41f1-9824-dfe7e8bd59e1,true,2016-04-11 00:00:00.000000,,,
89235392-d77c-4376-a407-3f4aa2b1d74d,c7edbf0f-f206-11e4-aa52-24be05e24f7e,,f72e0ef0-7c4a-4307-af78-8e38dac3fdba,1e473914-46e4-408d-af26-178fb115de76,,2015-12-03 00:00:00.000000,,,225749f5-17ff-4718-b20e-2717b4ff1f7b
fedf73c8-2612-49db-8a89-28e76cf19bdd,c74c9d0f-f206-11e4-8330-24be05e24f7e,,f27a65eb-2d11-4965-aa9c-daa088fa5c9c,257a305e-4dd3-41f1-9824-dfe7e8bd59e1,,2015-12-04 00:00:00.000000,,,da110708-68f4-4d4b-95a0-d7d2d3363ef0
3a1b1360-ee6a-466c-94b6-4c1e98eb9319,cd844200-f206-11e4-9393-24be05e24f7e,,7385b4a1-86bf-4aec-b9c2-411a6aa48633,257a305e-4dd3-41f1-9824-dfe7e8bd59e1,,2015-12-06 00:00:00.000000,,,44e768e1-f7b5-4147-ac18-e772888dec72
fbfa213f-7e82-402d-9c1c-2b1faf1f1379,cb914b9e-f206-11e4-b447-24be05e24f7e,,7385b4a1-86bf-4aec-b9c2-411a6aa48633,257a305e-4dd3-41f1-9824-dfe7e8bd59e1,,2015-12-05 00:00:00.000000,,,018b4dcc-c624-4c4e-b7a4-82c725f43170
45ecd72e-772f-490f-a3b5-9ee024eb8f00,c7edbf0f-f206-11e4-aa52-24be05e24f7e,,f72e0ef0-7c4a-4307-af78-8e38dac3fdba,1e473914-46e4-408d-af26-178fb115de76,,2015-12-03 00:00:00.000000,,,5d59bd48-ce20-44bb-b697-4a5b404e35ba
6a1c7daa-fbc0-47f7-b773-756373978495,cd844200-f206-11e4-9393-24be05e24f7e,,c98949ae-60a8-43dc-85d7-0feb0b92e719,257a305e-4dd3-41f1-9824-dfe7e8bd59e1,,2015-10-28 00:00:00.000000,,,b1eca01c-12c2-4cfe-96b7-a3a5216549df
56ec14e5-e0bf-4a72-97d8-2b415b994722,c7edbf0f-f206-11e4-aa52-24be05e24f7e,,f72e0ef0-7c4a-4307-af78-8e38dac3fdba,1e473914-46e4-408d-af26-178fb115de76,,2015-12-03 00:00:00.000000,,,
4400c3fe-bf35-4652-820e-ae5cd206e654,c7edbf0f-f206-11e4-aa52-24be05e24f7e,,f72e0ef0-7c4a-4307-af78-8e38dac3fdba,1e473914-46e4-408d-af26-178fb115de76,,2015-12-03 00:00:00.000000,,,
f4a4d2d0-3154-4da9-8496-08bfd62286db,c7edbf0f-f206-11e4-aa52-24be05e24f7e,,f72e0ef0-7c4a-4307-af78-8e38dac3fdba,1e473914-46e4-408d-af26-178fb115de76,,2015-12-03 00:00:00.000000,,,
0ef0282d-b25e-4670-a3f9-7117806b136a,cebd854f-f206-11e4-b46e-24be05e24f7e,,7385b4a1-86bf-4aec-b9c2-411a6aa48633,257a305e-4dd3-41f1-9824-dfe7e8bd59e1,,2015-12-05 00:00:00.000000,,,2362699e-6711-4fe8-bd86-9663ac9da03c
86c12dc9-24ee-4b62-80d9-a5fe1d3fc112,c74c9d0f-f206-11e4-8330-24be05e24f7e,,7b7e892c-d9b7-4b03-bef8-c6a071df28ef,257a305e-4dd3-41f1-9824-dfe7e8bd59e1,,2015-12-04 00:00:00.000000,,,7651fb3f-5289-400b-aae7-e72cd11d4280
3a5ba9bd-ebc3-4533-b503-dc923b1c64a2,c7805740-f206-11e4-982c-24be05e24f7e,,0bcf2be1-3168-4e42-9fb5-3551d7dbce77,65f033d2-1303-4748-bc26-ef62c38eced4,,2015-12-04 00:00:00.000000,,,502755d4-e7c1-4ccb-ae6f-03e26a7f1ba8
cda15838-1fa4-4967-9ed7-6830ebe41452,caacb800-f206-11e4-81ab-24be05e24f7e,,f27a65eb-2d11-4965-aa9c-daa088fa5c9c,257a305e-4dd3-41f1-9824-dfe7e8bd59e1,,2015-12-03 00:00:00.000000,,,
92a4df1d-7a9a-443c-ae1b-4de8e5c26556,caacb800-f206-11e4-81ab-24be05e24f7e,,7b7e892c-d9b7-4b03-bef8-c6a071df28ef,257a305e-4dd3-41f1-9824-dfe7e8bd59e1,,2015-12-04 00:00:00.000000,,,20930fb4-b69f-4e7e-a456-1bfb503634e0
ac84cc9f-f302-4f49-890c-b6fac66af43c,c74c9d0f-f206-11e4-8330-24be05e24f7e,,0bcf2be1-3168-4e42-9fb5-3551d7dbce77,8d4a3dbc-ef7a-405e-862b-34093ff582fd,,2015-11-22 00:00:00.000000,,,
0e5fbff1-9abb-4470-b77e-2cbff00aba25,cb914b9e-f206-11e4-b447-24be05e24f7e,,f27a65eb-2d11-4965-aa9c-daa088fa5c9c,257a305e-4dd3-41f1-9824-dfe7e8bd59e1,,2015-12-03 00:00:00.000000,,,e849a011-27a0-4d89-ba79-e679bbe83168
04277683-c5b8-4330-851e-e7b0be83f3d5,cebd854f-f206-11e4-b46e-24be05e24f7e,,c98949ae-60a8-43dc-85d7-0feb0b92e719,257a305e-4dd3-41f1-9824-dfe7e8bd59e1,,2015-12-04 00:00:00.000000,,,c39096cb-613f-43d6-994b-cfc3d3ee57b3
8033c8c0-f552-4e40-b86c-a6700c6050fe,cc040aa1-f206-11e4-a3e0-24be05e24f7e,,7385b4a1-86bf-4aec-b9c2-411a6aa48633,257a305e-4dd3-41f1-9824-dfe7e8bd59e1,,2015-12-05 00:00:00.000000,,,
a5318076-2106-487a-83f9-5efe0d5cbd67,cdee4e70-f206-11e4-87a2-24be05e24f7e,,7385b4a1-86bf-4aec-b9c2-411a6aa48633,257a305e-4dd3-41f1-9824-dfe7e8bd59e1,,2015-12-05 00:00:00.000000,,,
0d02189a-9593-40cc-866d-8b8888d2c522,c7edbf0f-f206-11e4-aa52-24be05e24f7e,,f72e0ef0-7c4a-4307-af78-8e38dac3fdba,1e473914-46e4-408d-af26-178fb115de76,,2015-12-03 00:00:00.000000,,,5d59bd48-ce20-44bb-b697-4a5b404e35ba
1026857d-3216-433f-9655-60050409d618,ce1dc2de-f206-11e4-a646-24be05e24f7e,,7385b4a1-86bf-4aec-b9c2-411a6aa48633,257a305e-4dd3-41f1-9824-dfe7e8bd59e1,,2015-12-05 00:00:00.000000,,,
d233a9ae-26a8-4c38-b011-0ee3a2b8ad39,cdb934b0-f206-11e4-8810-24be05e24f7e,,7b7e892c-d9b7-4b03-bef8-c6a071df28ef,257a305e-4dd3-41f1-9824-dfe7e8bd59e1,,2015-12-04 00:00:00.000000,,,
aa4f9fed-414d-4fea-8e42-22e00352ce3c,c7edbf0f-f206-11e4-aa52-24be05e24f7e,,f72e0ef0-7c4a-4307-af78-8e38dac3fdba,1e473914-46e4-408d-af26-178fb115de76,,2015-12-04 00:00:00.000000,,,8a57deb0-79fe-4218-8e39-ee31f8a642eb
b4556a3e-79db-4e3c-bdaa-89d4581836ba,cd844200-f206-11e4-9393-24be05e24f7e,,7385b4a1-86bf-4aec-b9c2-411a6aa48633,257a305e-4dd3-41f1-9824-dfe7e8bd59e1,,2015-12-06 00:00:00.000000,,,44e768e1-f7b5-4147-ac18-e772888dec72
c8634190-827c-4021-af19-f230e05c4100,caacb800-f206-11e4-81ab-24be05e24f7e,,892189e9-d712-4bdb-afa7-1ccab43fbed4,257a305e-4dd3-41f1-9824-dfe7e8bd59e1,,2015-12-04 00:00:00.000000,,,
267f3388-f1d5-4cce-9be6-5cb0f048196f,cebd854f-f206-11e4-b46e-24be05e24f7e,,7385b4a1-86bf-4aec-b9c2-411a6aa48633,257a305e-4dd3-41f1-9824-dfe7e8bd59e1,,2015-12-05 00:00:00.000000,,,2362699e-6711-4fe8-bd86-9663ac9da03c
b32b5881-05ac-423f-b77f-03181012a164,caacb800-f206-11e4-81ab-24be05e24f7e,,7385b4a1-86bf-4aec-b9c2-411a6aa48633,257a305e-4dd3-41f1-9824-dfe7e8bd59e1,,2015-12-05 00:00:00.000000,,,6184cb07-ad06-4aa5-863e-9037dcf15f76
2b2e1759-bdd6-4dd8-ad0f-4b832bd01cdc,c7edbf0f-f206-11e4-aa52-24be05e24f7e,,f72e0ef0-7c4a-4307-af78-8e38dac3fdba,1e473914-46e4-408d-af26-178fb115de76,,2015-12-03 00:00:00.000000,,,5d59bd48-ce20-44bb-b697-4a5b404e35ba
42a375a6-1c76-4076-b8d1-6f1e7f02fbc3,cd844200-f206-11e4-9393-24be05e24f7e,,f27a65eb-2d11-4965-aa9c-daa088fa5c9c,257a305e-4dd3-41f1-9824-dfe7e8bd59e1,,2015-12-03 00:00:00.000000,,,
bb7b53d3-c3f6-4c3e-908b-e175b927900c,caacb800-f206-11e4-81ab-24be05e24f7e,,7385b4a1-86bf-4aec-b9c2-411a6aa48633,257a305e-4dd3-41f1-9824-dfe7e8bd59e1,,2015-12-06 00:00:00.000000,,,
b2152fad-b48d-4b7f-b38b-7c19a81ddb6b,caacb800-f206-11e4-81ab-24be05e24f7e,,f27a65eb-2d11-4965-aa9c-daa088fa5c9c,257a305e-4dd3-41f1-9824-dfe7e8bd59e1,,2015-12-06 00:00:00.000000,,,
c9cdf738-0dbe-4b8b-a1e4-bcef38d174ec,cdb934b0-f206-11e4-8810-24be05e24f7e,true,2323b76a-db98-4e03-aa37-e171cfbdd1a4,257a305e-4dd3-41f1-9824-dfe7e8bd59e1,true,2016-05-09 00:00:00.000000,,,
363c559b-a4c4-46f4-bfaa-3196b7312fd6,c7805740-f206-11e4-982c-24be05e24f7e,true,780cc101-005c-4fca-8ce7-6f36d7156ffe,65f033d2-1303-4748-bc26-ef62c38eced4,true,2016-03-02 00:00:00.000000,,,
a1bff303-2f60-4b21-aee2-a3221756f656,cb251c51-f206-11e4-8541-24be05e24f7e,true,b50c4dc2-6c86-4d79-aa8a-23a65da292c6,f6de5351-3797-41e9-8053-7fb111a3a1a0,true,2016-04-12 00:00:00.000000,,,
010d21d8-bf9f-4fd8-927c-3c658ddfb808,c8d69870-f206-11e4-b477-24be05e24f7e,true,b50c4dc2-6c86-4d79-aa8a-23a65da292c6,f6de5351-3797-41e9-8053-7fb111a3a1a0,true,2016-02-27 00:00:00.000000,,,
628c50f8-ce95-45a5-a008-61d77e266127,c8d69870-f206-11e4-b477-24be05e24f7e,true,b50c4dc2-6c86-4d79-aa8a-23a65da292c6,f6de5351-3797-41e9-8053-7fb111a3a1a0,true,2016-03-17 00:00:00.000000,,,
8c9ebd41-d65b-42cd-94fe-e1d5f91604f6,cebd854f-f206-11e4-b46e-24be05e24f7e,true,2323b76a-db98-4e03-aa37-e171cfbdd1a4,257a305e-4dd3-41f1-9824-dfe7e8bd59e1,true,2016-04-05 00:00:00.000000,,,
86c5b111-cd04-4d13-80f3-95bc8da587cb,ca737f8f-f206-11e4-a7e2-24be05e24f7e,true,2323b76a-db98-4e03-aa37-e171cfbdd1a4,257a305e-4dd3-41f1-9824-dfe7e8bd59e1,true,2016-04-11 00:00:00.000000,,,
7d00bf98-41b2-404e-a846-2487dedeb6f8,cc040aa1-f206-11e4-a3e0-24be05e24f7e,true,2323b76a-db98-4e03-aa37-e171cfbdd1a4,257a305e-4dd3-41f1-9824-dfe7e8bd59e1,true,2016-04-17 00:00:00.000000,,,
bd2f6cab-c3e6-47ad-ab8a-1cf9236eae35,cb251c51-f206-11e4-8541-24be05e24f7e,true,b50c4dc2-6c86-4d79-aa8a-23a65da292c6,f6de5351-3797-41e9-8053-7fb111a3a1a0,true,2015-12-27 00:00:00.000000,,,
ae4d1556-6ccd-456d-a25a-344b5992f18d,cd844200-f206-11e4-9393-24be05e24f7e,,892189e9-d712-4bdb-afa7-1ccab43fbed4,257a305e-4dd3-41f1-9824-dfe7e8bd59e1,,2015-11-27 00:00:00.000000,,,8c48bddc-9cfc-4d55-86fd-9b317c0a2650
e9cf2f52-76cd-42f7-8348-9b21cdc74af3,c7edbf0f-f206-11e4-aa52-24be05e24f7e,true,f72e0ef0-7c4a-4307-af78-8e38dac3fdba,1e473914-46e4-408d-af26-178fb115de76,true,2016-05-17 00:00:00.000000,,,
4fb4388d-4c61-47a9-968c-d4d4c4c18d95,c7edbf0f-f206-11e4-aa52-24be05e24f7e,true,f72e0ef0-7c4a-4307-af78-8e38dac3fdba,1e473914-46e4-408d-af26-178fb115de76,true,2016-01-17 00:00:00.000000,,,
84b69f18-a394-45e6-94f8-d21b6c82e6cc,c7edbf0f-f206-11e4-aa52-24be05e24f7e,true,f72e0ef0-7c4a-4307-af78-8e38dac3fdba,1e473914-46e4-408d-af26-178fb115de76,true,2016-02-03 00:00:00.000000,,,
3d3cdc7e-7b25-4b3d-8160-ce5ffe64ef3f,c7805740-f206-11e4-982c-24be05e24f7e,true,f72e0ef0-7c4a-4307-af78-8e38dac3fdba,1e473914-46e4-408d-af26-178fb115de76,true,2016-02-08 00:00:00.000000,,,
a29eab07-9332-446c-82ae-26b4b45c65b1,c7edbf0f-f206-11e4-aa52-24be05e24f7e,true,f72e0ef0-7c4a-4307-af78-8e38dac3fdba,1e473914-46e4-408d-af26-178fb115de76,true,2015-12-14 00:00:00.000000,,,225749f5-17ff-4718-b20e-2717b4ff1f7b
4b16b2b2-a501-46af-86c9-d43862ded0be,c7edbf0f-f206-11e4-aa52-24be05e24f7e,true,f72e0ef0-7c4a-4307-af78-8e38dac3fdba,1e473914-46e4-408d-af26-178fb115de76,true,2016-02-08 00:00:00.000000,,,
872a7f48-36f5-410f-906a-9d12b1bbb12c,c7edbf0f-f206-11e4-aa52-24be05e24f7e,true,f72e0ef0-7c4a-4307-af78-8e38dac3fdba,1e473914-46e4-408d-af26-178fb115de76,true,2016-02-09 00:00:00.000000,,,
a159a01f-75a5-4c1a-8c77-f20ff24ed2c5,c7edbf0f-f206-11e4-aa52-24be05e24f7e,true,f72e0ef0-7c4a-4307-af78-8e38dac3fdba,1e473914-46e4-408d-af26-178fb115de76,true,2016-02-09 00:00:00.000000,,,
4625721c-1830-49a4-927d-1ee33509f62e,c74c9d0f-f206-11e4-8330-24be05e24f7e,,0bcf2be1-3168-4e42-9fb5-3551d7dbce77,8d4a3dbc-ef7a-405e-862b-34093ff582fd,,2015-11-27 00:00:00.000000,,,3c71dc5b-4a8c-4f03-a1a9-8fe38282e9d1
3e8bace4-daaa-4ac3-9ee1-11d1f7326e23,c7edbf0f-f206-11e4-aa52-24be05e24f7e,,f72e0ef0-7c4a-4307-af78-8e38dac3fdba,1e473914-46e4-408d-af26-178fb115de76,,2015-11-22 00:00:00.000000,,,5d59bd48-ce20-44bb-b697-4a5b404e35ba
6caa97f4-4aee-43e3-8976-91b5a8639877,c74c9d0f-f206-11e4-8330-24be05e24f7e,,0bcf2be1-3168-4e42-9fb5-3551d7dbce77,b45854a7-e6e1-4a9c-9104-139934511779,,2015-11-27 00:00:00.000000,,,14d68eaa-6ba6-4f72-b03f-0bd7cdedd350
88cd0888-cbb6-40bb-859e-3ff54f0eeb84,c7805740-f206-11e4-982c-24be05e24f7e,,0bcf2be1-3168-4e42-9fb5-3551d7dbce77,8d4a3dbc-ef7a-405e-862b-34093ff582fd,,2015-11-22 00:00:00.000000,,,
6e643475-36f2-40d6-a90f-b82de1fc6b53,c74c9d0f-f206-11e4-8330-24be05e24f7e,,0bcf2be1-3168-4e42-9fb5-3551d7dbce77,65f033d2-1303-4748-bc26-ef62c38eced4,,2015-11-22 00:00:00.000000,,,
9b7a2c24-70dd-47f0-95e4-a6a0ba55e53c,c74c9d0f-f206-11e4-8330-24be05e24f7e,,0bcf2be1-3168-4e42-9fb5-3551d7dbce77,b45854a7-e6e1-4a9c-9104-139934511779,,2015-11-22 00:00:00.000000,,,
41ea04f2-e888-4976-acd6-17a5be954104,cb914b9e-f206-11e4-b447-24be05e24f7e,,88b7de19-113c-4beb-af7f-8553aeda3f4c,257a305e-4dd3-41f1-9824-dfe7e8bd59e1,,2015-11-27 00:00:00.000000,,,5d3cd3fb-fb99-4690-9ffb-15aa1aa845c0
46e04f1e-90cf-40a2-8e01-48844b69eac1,c7edbf0f-f206-11e4-aa52-24be05e24f7e,,f72e0ef0-7c4a-4307-af78-8e38dac3fdba,1e473914-46e4-408d-af26-178fb115de76,,2015-11-22 00:00:00.000000,,,
777914cd-a3a1-4543-a02d-5d839c4177f9,cdb934b0-f206-11e4-8810-24be05e24f7e,,892189e9-d712-4bdb-afa7-1ccab43fbed4,257a305e-4dd3-41f1-9824-dfe7e8bd59e1,,2015-11-27 00:00:00.000000,,,4f8a35b4-e62c-4102-9dfb-a40c8f0651b3
614ef046-9e72-4d92-9111-2206fd844f39,c7edbf0f-f206-11e4-aa52-24be05e24f7e,,f72e0ef0-7c4a-4307-af78-8e38dac3fdba,1e473914-46e4-408d-af26-178fb115de76,,2015-11-22 00:00:00.000000,,,
05819c4e-37dd-49bd-96f0-c25feb02968f,cd844200-f206-11e4-9393-24be05e24f7e,,892189e9-d712-4bdb-afa7-1ccab43fbed4,257a305e-4dd3-41f1-9824-dfe7e8bd59e1,,2015-12-02 00:00:00.000000,,,
36133d86-79b7-4e97-8b72-e30edd5c720f,cdee4e70-f206-11e4-87a2-24be05e24f7e,,892189e9-d712-4bdb-afa7-1ccab43fbed4,257a305e-4dd3-41f1-9824-dfe7e8bd59e1,,2015-12-02 00:00:00.000000,,,
798a32f5-cf74-4baf-9500-10e49e38cb04,c7805740-f206-11e4-982c-24be05e24f7e,,0bcf2be1-3168-4e42-9fb5-3551d7dbce77,65f033d2-1303-4748-bc26-ef62c38eced4,,2015-11-22 00:00:00.000000,,,502755d4-e7c1-4ccb-ae6f-03e26a7f1ba8
421c1a86-72e5-4e40-a99d-3553cc90d6c5,cc040aa1-f206-11e4-a3e0-24be05e24f7e,,892189e9-d712-4bdb-afa7-1ccab43fbed4,257a305e-4dd3-41f1-9824-dfe7e8bd59e1,,2015-12-02 00:00:00.000000,,,c02d69e9-5426-49be-8af7-829cd08f624a
85121853-430a-4d6a-a2e8-4d61388a18eb,cb914b9e-f206-11e4-b447-24be05e24f7e,,88b7de19-113c-4beb-af7f-8553aeda3f4c,257a305e-4dd3-41f1-9824-dfe7e8bd59e1,,2015-11-27 00:00:00.000000,,,
1e387c1f-8ab6-4bc7-b565-6b971ddd1a8c,c7edbf0f-f206-11e4-aa52-24be05e24f7e,,f72e0ef0-7c4a-4307-af78-8e38dac3fdba,1e473914-46e4-408d-af26-178fb115de76,,2015-11-22 00:00:00.000000,,,344d090c-db17-4f87-885f-c9652ff6feec
f3e0236f-f979-4392-9278-8a2956618227,c74c9d0f-f206-11e4-8330-24be05e24f7e,,88b7de19-113c-4beb-af7f-8553aeda3f4c,257a305e-4dd3-41f1-9824-dfe7e8bd59e1,,2015-11-27 00:00:00.000000,,,
0646c958-9218-4700-ac6c-4dadaf7d6e7d,ce1dc2de-f206-11e4-a646-24be05e24f7e,,f27a65eb-2d11-4965-aa9c-daa088fa5c9c,257a305e-4dd3-41f1-9824-dfe7e8bd59e1,,2015-12-03 00:00:00.000000,,,
b6aa5fcf-0eb8-4842-bc51-a63d75c78fb2,cc040aa1-f206-11e4-a3e0-24be05e24f7e,,7b7e892c-d9b7-4b03-bef8-c6a071df28ef,257a305e-4dd3-41f1-9824-dfe7e8bd59e1,,2015-12-02 00:00:00.000000,,,
f579ee4c-cd99-49f9-944e-d9e1414cb66a,cb914b9e-f206-11e4-b447-24be05e24f7e,,f27a65eb-2d11-4965-aa9c-daa088fa5c9c,257a305e-4dd3-41f1-9824-dfe7e8bd59e1,,2015-11-22 00:00:00.000000,,,e849a011-27a0-4d89-ba79-e679bbe83168
c4a53ca5-f15f-49d5-8ef1-3da6796f7d73,caacb800-f206-11e4-81ab-24be05e24f7e,,f27a65eb-2d11-4965-aa9c-daa088fa5c9c,257a305e-4dd3-41f1-9824-dfe7e8bd59e1,,2015-11-22 00:00:00.000000,,,3157abdf-06ca-4557-a073-851dbc0369e6
aeb093b4-1c09-41b4-9495-70872d622d0c,c74c9d0f-f206-11e4-8330-24be05e24f7e,,f27a65eb-2d11-4965-aa9c-daa088fa5c9c,257a305e-4dd3-41f1-9824-dfe7e8bd59e1,,2015-11-11 00:00:00.000000,,,fc2a4fb8-913a-4a15-be9f-2d0d421f719a
1af4a0f5-1c10-4240-be96-c8d81f69dd06,caacb800-f206-11e4-81ab-24be05e24f7e,true,892189e9-d712-4bdb-afa7-1ccab43fbed4,257a305e-4dd3-41f1-9824-dfe7e8bd59e1,true,2016-05-09 00:00:00.000000,,,
372c6910-a7ae-446a-bb3e-daae76a84902,c854e54f-f206-11e4-bddc-24be05e24f7e,true,b50c4dc2-6c86-4d79-aa8a-23a65da292c6,f6de5351-3797-41e9-8053-7fb111a3a1a0,true,2016-02-27 00:00:00.000000,,,
da1a1f80-b153-4e9e-82fe-34e6d25d4bd9,cc74f4e1-f206-11e4-ad66-24be05e24f7e,true,2323b76a-db98-4e03-aa37-e171cfbdd1a4,257a305e-4dd3-41f1-9824-dfe7e8bd59e1,true,2016-03-18 00:00:00.000000,,,
e6ab8827-40c8-42d8-9510-12529b37e42d,cae999f0-f206-11e4-9835-24be05e24f7e,true,0e39ead4-383b-4452-bbd4-babb7becd82e,42f97cca-2cb4-497a-a0fd-ceef1ba46bcc,true,2016-04-12 00:00:00.000000,,,
24995014-42bc-40d1-91a6-351fd9595b86,cb251c51-f206-11e4-8541-24be05e24f7e,true,b50c4dc2-6c86-4d79-aa8a-23a65da292c6,f6de5351-3797-41e9-8053-7fb111a3a1a0,true,2015-12-27 00:00:00.000000,,,
48f1915b-6fca-4caf-86eb-64affcca0bab,cb914b9e-f206-11e4-b447-24be05e24f7e,,7b7e892c-d9b7-4b03-bef8-c6a071df28ef,257a305e-4dd3-41f1-9824-dfe7e8bd59e1,,2015-11-11 00:00:00.000000,,,cc83acb8-7829-415f-bc7b-549bf9415703
5b8da6fd-a1cc-499e-83fd-36e912b6bc57,cebd854f-f206-11e4-b46e-24be05e24f7e,,f27a65eb-2d11-4965-aa9c-daa088fa5c9c,257a305e-4dd3-41f1-9824-dfe7e8bd59e1,,2015-11-11 00:00:00.000000,,,b69aced6-2a84-467a-8af8-7c916baae2d1
b459bd1b-7b4c-4505-a6f3-bca3db3166a2,c7edbf0f-f206-11e4-aa52-24be05e24f7e,true,f72e0ef0-7c4a-4307-af78-8e38dac3fdba,1e473914-46e4-408d-af26-178fb115de76,true,2015-12-23 00:00:00.000000,,,
695ba560-0df3-487d-9ca2-d9ddb2a2ad4e,c7805740-f206-11e4-982c-24be05e24f7e,,0bcf2be1-3168-4e42-9fb5-3551d7dbce77,b45854a7-e6e1-4a9c-9104-139934511779,,2015-11-22 00:00:00.000000,,,a72c6f2e-9972-4a21-882e-775c92059f23
17393331-5b44-48f4-ab5a-ad9803346389,cebd854f-f206-11e4-b46e-24be05e24f7e,,f27a65eb-2d11-4965-aa9c-daa088fa5c9c,257a305e-4dd3-41f1-9824-dfe7e8bd59e1,,2015-11-09 00:00:00.000000,,,b69aced6-2a84-467a-8af8-7c916baae2d1
bda2895c-fb94-4761-b810-abb87517a010,caacb800-f206-11e4-81ab-24be05e24f7e,true,2323b76a-db98-4e03-aa37-e171cfbdd1a4,257a305e-4dd3-41f1-9824-dfe7e8bd59e1,true,2016-04-05 00:00:00.000000,,,
c87461d0-dd31-4d8d-971e-da17f61848d1,cc040aa1-f206-11e4-a3e0-24be05e24f7e,true,2323b76a-db98-4e03-aa37-e171cfbdd1a4,257a305e-4dd3-41f1-9824-dfe7e8bd59e1,true,2016-04-11 00:00:00.000000,,,
3f05eda6-dacd-4ac7-afb0-7e1a9eb3725b,caacb800-f206-11e4-81ab-24be05e24f7e,,f27a65eb-2d11-4965-aa9c-daa088fa5c9c,257a305e-4dd3-41f1-9824-dfe7e8bd59e1,,2015-11-22 00:00:00.000000,,,04f51174-9f34-4d84-947f-97b9d7afa718
40bc5a53-6a17-4f57-a669-8a92a1123e0e,cdb934b0-f206-11e4-8810-24be05e24f7e,,892189e9-d712-4bdb-afa7-1ccab43fbed4,257a305e-4dd3-41f1-9824-dfe7e8bd59e1,,2015-11-22 00:00:00.000000,,,
842aed4a-4043-40b9-a80e-b26ce6380f15,c74c9d0f-f206-11e4-8330-24be05e24f7e,,0bcf2be1-3168-4e42-9fb5-3551d7dbce77,65f033d2-1303-4748-bc26-ef62c38eced4,,2015-11-22 00:00:00.000000,,,c82d391e-2aee-4ac6-b732-facf9d889a03
88628746-a9cf-4b56-9cf4-c3bc37059fcb,c74c9d0f-f206-11e4-8330-24be05e24f7e,,f27a65eb-2d11-4965-aa9c-daa088fa5c9c,257a305e-4dd3-41f1-9824-dfe7e8bd59e1,,2015-10-28 00:00:00.000000,,,
86a3929b-d86e-4f8e-a158-4a7f608e39e4,cdb934b0-f206-11e4-8810-24be05e24f7e,,892189e9-d712-4bdb-afa7-1ccab43fbed4,257a305e-4dd3-41f1-9824-dfe7e8bd59e1,,2015-11-12 00:00:00.000000,,,
5092887d-41c1-4d00-a709-cf3fcda49d1c,cebd854f-f206-11e4-b46e-24be05e24f7e,,892189e9-d712-4bdb-afa7-1ccab43fbed4,257a305e-4dd3-41f1-9824-dfe7e8bd59e1,,2015-11-12 00:00:00.000000,,,
a30009f3-519c-4b86-bfdf-b4c137c0cf64,cd844200-f206-11e4-9393-24be05e24f7e,,f27a65eb-2d11-4965-aa9c-daa088fa5c9c,257a305e-4dd3-41f1-9824-dfe7e8bd59e1,,2015-11-11 00:00:00.000000,,,4b74f123-1fda-4bda-9869-a16a015c9551
4cf7ecfa-402c-413d-b190-1b5235566c73,c7edbf0f-f206-11e4-aa52-24be05e24f7e,,f72e0ef0-7c4a-4307-af78-8e38dac3fdba,1e473914-46e4-408d-af26-178fb115de76,,2015-11-11 00:00:00.000000,,,947a82c6-a431-4a4f-955d-2192d2013d25
e47f366e-2413-4b87-8ac0-371990f84733,cebd854f-f206-11e4-b46e-24be05e24f7e,,f27a65eb-2d11-4965-aa9c-daa088fa5c9c,257a305e-4dd3-41f1-9824-dfe7e8bd59e1,,2015-11-11 00:00:00.000000,,,b69aced6-2a84-467a-8af8-7c916baae2d1
406b2b4f-0aa4-4b6c-ba5a-cffac373764d,c74c9d0f-f206-11e4-8330-24be05e24f7e,,0bcf2be1-3168-4e42-9fb5-3551d7dbce77,b45854a7-e6e1-4a9c-9104-139934511779,,2015-11-22 00:00:00.000000,,,3dafe0fd-4d8e-4d10-9cbd-1e8d22d4b3b5
29b7d960-88f2-4c2c-91c5-f30249e02625,c7edbf0f-f206-11e4-aa52-24be05e24f7e,,f72e0ef0-7c4a-4307-af78-8e38dac3fdba,1e473914-46e4-408d-af26-178fb115de76,,2015-11-22 00:00:00.000000,,,8a57deb0-79fe-4218-8e39-ee31f8a642eb
6b07f721-c73f-4463-8a11-caaa1810472b,ce1dc2de-f206-11e4-a646-24be05e24f7e,,f27a65eb-2d11-4965-aa9c-daa088fa5c9c,257a305e-4dd3-41f1-9824-dfe7e8bd59e1,,2015-11-11 00:00:00.000000,,,
b2328d74-5bcb-402f-93c5-e5ef4ce513fd,c74c9d0f-f206-11e4-8330-24be05e24f7e,,0bcf2be1-3168-4e42-9fb5-3551d7dbce77,8d4a3dbc-ef7a-405e-862b-34093ff582fd,,2015-11-22 00:00:00.000000,,,980966da-4f46-4cf5-ab20-4607cda74a9e
25088828-8cff-4c52-acc5-a79841e11782,cdee4e70-f206-11e4-87a2-24be05e24f7e,,7b7e892c-d9b7-4b03-bef8-c6a071df28ef,257a305e-4dd3-41f1-9824-dfe7e8bd59e1,,2015-11-11 00:00:00.000000,,,53be5db6-3d44-4290-b8f8-753acf51d7ad
699f7cf6-0086-4a30-ba87-85f2c2210baf,ce1dc2de-f206-11e4-a646-24be05e24f7e,,f27a65eb-2d11-4965-aa9c-daa088fa5c9c,257a305e-4dd3-41f1-9824-dfe7e8bd59e1,,2015-11-22 00:00:00.000000,,,
ae2000a1-90b5-4603-afbe-72feb927f9fd,cebd854f-f206-11e4-b46e-24be05e24f7e,,f27a65eb-2d11-4965-aa9c-daa088fa5c9c,257a305e-4dd3-41f1-9824-dfe7e8bd59e1,,2015-11-22 00:00:00.000000,,,
0db207f2-5b49-49ff-9705-203c149645dc,cdee4e70-f206-11e4-87a2-24be05e24f7e,,f27a65eb-2d11-4965-aa9c-daa088fa5c9c,257a305e-4dd3-41f1-9824-dfe7e8bd59e1,,2015-11-22 00:00:00.000000,,,
c04959ab-3880-4905-b1ac-44ccf20a3fa4,caacb800-f206-11e4-81ab-24be05e24f7e,,f27a65eb-2d11-4965-aa9c-daa088fa5c9c,257a305e-4dd3-41f1-9824-dfe7e8bd59e1,,2015-11-22 00:00:00.000000,,,
ea077500-ca90-47ed-b76d-aeac6be4f0e0,cb914b9e-f206-11e4-b447-24be05e24f7e,,f27a65eb-2d11-4965-aa9c-daa088fa5c9c,257a305e-4dd3-41f1-9824-dfe7e8bd59e1,,2015-11-22 00:00:00.000000,,,
9262ccf4-eb11-48cb-99ee-319b8500a026,c7805740-f206-11e4-982c-24be05e24f7e,,0bcf2be1-3168-4e42-9fb5-3551d7dbce77,65f033d2-1303-4748-bc26-ef62c38eced4,,2015-11-22 00:00:00.000000,,,
52bae744-94f7-48a8-83c0-855d3fc2661d,c74c9d0f-f206-11e4-8330-24be05e24f7e,,0bcf2be1-3168-4e42-9fb5-3551d7dbce77,8d4a3dbc-ef7a-405e-862b-34093ff582fd,,2015-11-22 00:00:00.000000,,,
1a186c75-73f2-47ea-bac1-b91410af43a7,c74c9d0f-f206-11e4-8330-24be05e24f7e,,0bcf2be1-3168-4e42-9fb5-3551d7dbce77,b45854a7-e6e1-4a9c-9104-139934511779,,2015-11-22 00:00:00.000000,,,
2266d6da-cf6e-4c0a-854a-0866345a5286,cb914b9e-f206-11e4-b447-24be05e24f7e,,7b7e892c-d9b7-4b03-bef8-c6a071df28ef,257a305e-4dd3-41f1-9824-dfe7e8bd59e1,,2015-11-09 00:00:00.000000,,,cc83acb8-7829-415f-bc7b-549bf9415703
cce86997-102e-4c2a-ae33-e7798cd0c363,ce1dc2de-f206-11e4-a646-24be05e24f7e,,892189e9-d712-4bdb-afa7-1ccab43fbed4,257a305e-4dd3-41f1-9824-dfe7e8bd59e1,,2015-11-09 00:00:00.000000,,,a44373ee-9f63-4733-befd-5cd8fbb1b44a
ac0dbceb-e9c1-419c-8a06-656fc30029f4,c822b1c0-f206-11e4-9755-24be05e24f7e,true,0e39ead4-383b-4452-bbd4-babb7becd82e,42f97cca-2cb4-497a-a0fd-ceef1ba46bcc,true,2016-03-01 00:00:00.000000,,,
9428a481-39f7-4c91-a197-2de5acf9304f,c89dae21-f206-11e4-a1c2-24be05e24f7e,true,0e39ead4-383b-4452-bbd4-babb7becd82e,42f97cca-2cb4-497a-a0fd-ceef1ba46bcc,true,2016-04-12 00:00:00.000000,,,
c714976b-b5d2-49fb-9a7d-f6f334a4200d,ce1dc2de-f206-11e4-a646-24be05e24f7e,,c98949ae-60a8-43dc-85d7-0feb0b92e719,a2949322-dc84-45ab-8454-cf94fb28c189,,2015-11-09 00:00:00.000000,,,5d4b3d82-e6b3-4af4-a560-9ca5e6012ea7
31ba5949-83a2-40de-9791-ef52dcabbe53,c7edbf0f-f206-11e4-aa52-24be05e24f7e,true,f72e0ef0-7c4a-4307-af78-8e38dac3fdba,1e473914-46e4-408d-af26-178fb115de76,true,2016-05-09 00:00:00.000000,,,
879aab89-61f9-46cf-9e99-0cb9cdd2b39d,c96ff240-f206-11e4-b581-24be05e24f7e,true,b50c4dc2-6c86-4d79-aa8a-23a65da292c6,f6de5351-3797-41e9-8053-7fb111a3a1a0,true,2016-02-27 00:00:00.000000,,,
f7632797-6164-4f57-8a44-97ca4c330f44,cd844200-f206-11e4-9393-24be05e24f7e,true,2323b76a-db98-4e03-aa37-e171cfbdd1a4,257a305e-4dd3-41f1-9824-dfe7e8bd59e1,true,2016-03-18 00:00:00.000000,,,
8fa8ca05-a1bb-478e-a2cc-2f26303412c0,c74c9d0f-f206-11e4-8330-24be05e24f7e,true,780cc101-005c-4fca-8ce7-6f36d7156ffe,b45854a7-e6e1-4a9c-9104-139934511779,true,2015-12-23 00:00:00.000000,,,
4569684c-692b-46e0-a216-24140068a847,cebd854f-f206-11e4-b46e-24be05e24f7e,true,2323b76a-db98-4e03-aa37-e171cfbdd1a4,257a305e-4dd3-41f1-9824-dfe7e8bd59e1,true,2016-04-05 00:00:00.000000,,,
4a56dad4-f295-4f12-84f8-df6c7a4e2586,c74c9d0f-f206-11e4-8330-24be05e24f7e,true,0bcf2be1-3168-4e42-9fb5-3551d7dbce77,b45854a7-e6e1-4a9c-9104-139934511779,true,2015-12-03 00:00:00.000000,,,
648bb659-e280-48c6-8d99-f73b7f993c9d,c74c9d0f-f206-11e4-8330-24be05e24f7e,true,2323b76a-db98-4e03-aa37-e171cfbdd1a4,257a305e-4dd3-41f1-9824-dfe7e8bd59e1,true,2016-04-11 00:00:00.000000,,,
04b02214-5e06-4be4-b68d-8705d1a13968,ce1dc2de-f206-11e4-a646-24be05e24f7e,true,2323b76a-db98-4e03-aa37-e171cfbdd1a4,257a305e-4dd3-41f1-9824-dfe7e8bd59e1,true,2016-04-17 00:00:00.000000,,,
a751dbe6-387d-45a1-8e20-2abe79762cdb,cd844200-f206-11e4-9393-24be05e24f7e,true,5728f612-3f20-4459-98bd-3478c79c4861,257a305e-4dd3-41f1-9824-dfe7e8bd59e1,true,2015-11-15 00:00:00.000000,,,8ff6e451-7df0-4ea0-8b93-8ec1a1ac4f1e
db0bfb70-c9de-47ba-a81a-f8ba927df5ce,c74c9d0f-f206-11e4-8330-24be05e24f7e,,f27a65eb-2d11-4965-aa9c-daa088fa5c9c,257a305e-4dd3-41f1-9824-dfe7e8bd59e1,,2015-11-09 00:00:00.000000,,,fc2a4fb8-913a-4a15-be9f-2d0d421f719a
4088f0ee-4918-4c83-bcf3-9ebf79d78507,cdb934b0-f206-11e4-8810-24be05e24f7e,true,f72e0ef0-7c4a-4307-af78-8e38dac3fdba,1e473914-46e4-408d-af26-178fb115de76,true,2016-01-22 00:00:00.000000,,,
8be34d14-c864-4f4c-9ace-8d22444dff79,c7edbf0f-f206-11e4-aa52-24be05e24f7e,true,f72e0ef0-7c4a-4307-af78-8e38dac3fdba,1e473914-46e4-408d-af26-178fb115de76,true,2016-05-17 00:00:00.000000,,,
d3c7384b-d8c3-467e-8014-f77bdc7528f8,cdee4e70-f206-11e4-87a2-24be05e24f7e,,892189e9-d712-4bdb-afa7-1ccab43fbed4,257a305e-4dd3-41f1-9824-dfe7e8bd59e1,,2015-11-08 00:00:00.000000,,,
cf5afc07-2a98-484f-a3fa-7b13b6c7337e,cebd854f-f206-11e4-b46e-24be05e24f7e,true,2323b76a-db98-4e03-aa37-e171cfbdd1a4,257a305e-4dd3-41f1-9824-dfe7e8bd59e1,true,2016-04-30 00:00:00.000000,,,eb032133-0a09-4ba1-8536-132d51033df0
7e62436c-6cc6-46b7-882f-c7f5e18e1c0f,ce1dc2de-f206-11e4-a646-24be05e24f7e,,819eb188-1a1c-48b4-9af3-283d2447ff6f,257a305e-4dd3-41f1-9824-dfe7e8bd59e1,,2015-11-08 00:00:00.000000,,,
43db01a7-9e0e-4f01-8ec7-62c23b0209cc,ce1dc2de-f206-11e4-a646-24be05e24f7e,,7b7e892c-d9b7-4b03-bef8-c6a071df28ef,257a305e-4dd3-41f1-9824-dfe7e8bd59e1,,2015-11-09 00:00:00.000000,,,
5df67ab7-2395-4a1a-9002-8f2f8327a77d,c7edbf0f-f206-11e4-aa52-24be05e24f7e,,c98949ae-60a8-43dc-85d7-0feb0b92e719,1e473914-46e4-408d-af26-178fb115de76,,2015-11-08 00:00:00.000000,,,
1252c0f1-562b-4906-bfb4-a5ecb686b7ae,c7edbf0f-f206-11e4-aa52-24be05e24f7e,,c98949ae-60a8-43dc-85d7-0feb0b92e719,1e473914-46e4-408d-af26-178fb115de76,,2015-11-09 00:00:00.000000,,,2b9b521b-ec6c-4b53-833b-9f0bd2f6c2a0
a9a4a5b0-f487-4003-b6af-099736d5a129,cc040aa1-f206-11e4-a3e0-24be05e24f7e,,892189e9-d712-4bdb-afa7-1ccab43fbed4,257a305e-4dd3-41f1-9824-dfe7e8bd59e1,,2015-11-09 00:00:00.000000,,,b8ea3f4c-e37b-4ede-b2fb-500d7a464d7f
b892b29d-b324-46cb-940d-b0ac3fab7661,cb914b9e-f206-11e4-b447-24be05e24f7e,,7b7e892c-d9b7-4b03-bef8-c6a071df28ef,257a305e-4dd3-41f1-9824-dfe7e8bd59e1,,2015-11-09 00:00:00.000000,,,cc83acb8-7829-415f-bc7b-549bf9415703
86b68109-e548-4b0d-9b0b-1a040d469676,c7edbf0f-f206-11e4-aa52-24be05e24f7e,true,f72e0ef0-7c4a-4307-af78-8e38dac3fdba,1e473914-46e4-408d-af26-178fb115de76,true,2016-02-13 00:00:00.000000,,,
5355a7c8-690a-40f8-9c2c-f44ddac8f5ff,caacb800-f206-11e4-81ab-24be05e24f7e,,7b7e892c-d9b7-4b03-bef8-c6a071df28ef,257a305e-4dd3-41f1-9824-dfe7e8bd59e1,,2015-11-09 00:00:00.000000,,,5de556d8-16b4-4097-9902-0f2a2ac4e67c
aa6072ba-218d-4567-88f6-8c1e1e196991,cebd854f-f206-11e4-b46e-24be05e24f7e,,7b7e892c-d9b7-4b03-bef8-c6a071df28ef,257a305e-4dd3-41f1-9824-dfe7e8bd59e1,,2015-11-09 00:00:00.000000,,,b69aced6-2a84-467a-8af8-7c916baae2d1
250e1aac-bd6f-440c-9678-ccbee2cd522c,cc040aa1-f206-11e4-a3e0-24be05e24f7e,true,892189e9-d712-4bdb-afa7-1ccab43fbed4,257a305e-4dd3-41f1-9824-dfe7e8bd59e1,true,2015-11-04 00:00:00.000000,,,b8ea3f4c-e37b-4ede-b2fb-500d7a464d7f
ab4d9b34-95cf-4eb2-8d30-d8c3e46a8ff5,ce1dc2de-f206-11e4-a646-24be05e24f7e,,c98949ae-60a8-43dc-85d7-0feb0b92e719,a2949322-dc84-45ab-8454-cf94fb28c189,,2015-11-09 00:00:00.000000,,,
4550d3b0-2ca0-47a9-9f95-29c99c1d2957,c7edbf0f-f206-11e4-aa52-24be05e24f7e,true,f72e0ef0-7c4a-4307-af78-8e38dac3fdba,1e473914-46e4-408d-af26-178fb115de76,true,2015-12-27 00:00:00.000000,,,9b1c13eb-5ca8-4695-b0da-3fe4859972b1
00925e62-5074-4f7b-a377-09b916ea4dcf,caacb800-f206-11e4-81ab-24be05e24f7e,,f27a65eb-2d11-4965-aa9c-daa088fa5c9c,257a305e-4dd3-41f1-9824-dfe7e8bd59e1,,2015-11-09 00:00:00.000000,,,
54ec1ce5-8d57-457c-8407-de4f96ca2adf,cdee4e70-f206-11e4-87a2-24be05e24f7e,,7b7e892c-d9b7-4b03-bef8-c6a071df28ef,257a305e-4dd3-41f1-9824-dfe7e8bd59e1,,2015-11-09 00:00:00.000000,,,
605b9b93-d1bc-4f8e-9300-787e1fe8adba,c74c9d0f-f206-11e4-8330-24be05e24f7e,,7b7e892c-d9b7-4b03-bef8-c6a071df28ef,257a305e-4dd3-41f1-9824-dfe7e8bd59e1,,2015-11-09 00:00:00.000000,,,
7d1ff2af-87c2-4fe8-9156-c7b63d81e285,cb914b9e-f206-11e4-b447-24be05e24f7e,,f27a65eb-2d11-4965-aa9c-daa088fa5c9c,257a305e-4dd3-41f1-9824-dfe7e8bd59e1,,2015-11-09 00:00:00.000000,,,
664abb01-f48d-46e2-a2c3-091543811f32,cd844200-f206-11e4-9393-24be05e24f7e,,f27a65eb-2d11-4965-aa9c-daa088fa5c9c,257a305e-4dd3-41f1-9824-dfe7e8bd59e1,,2015-11-09 00:00:00.000000,,,
3114dc9d-ed31-45f6-acf3-21c887102df4,ce1dc2de-f206-11e4-a646-24be05e24f7e,,c98949ae-60a8-43dc-85d7-0feb0b92e719,a2949322-dc84-45ab-8454-cf94fb28c189,,2015-11-09 00:00:00.000000,,,
ad575da3-17d7-40a0-8865-8e2d59a64c4f,cebd854f-f206-11e4-b46e-24be05e24f7e,,c98949ae-60a8-43dc-85d7-0feb0b92e719,257a305e-4dd3-41f1-9824-dfe7e8bd59e1,,2015-11-09 00:00:00.000000,,,
bc328761-a373-4c85-a0c1-8c2194c07169,cd844200-f206-11e4-9393-24be05e24f7e,,c98949ae-60a8-43dc-85d7-0feb0b92e719,1571fdac-e0b4-4ebc-a73a-6e13001b71d3,,2015-11-09 00:00:00.000000,,,
b26a6fdd-2c08-470a-94b0-419184e634a3,cebd854f-f206-11e4-b46e-24be05e24f7e,,819eb188-1a1c-48b4-9af3-283d2447ff6f,257a305e-4dd3-41f1-9824-dfe7e8bd59e1,,2015-11-07 00:00:00.000000,,,d4e95888-e540-4039-84b0-805449640d55
b3eceef1-f002-4329-8864-9eba82068871,cd844200-f206-11e4-9393-24be05e24f7e,,f27a65eb-2d11-4965-aa9c-daa088fa5c9c,257a305e-4dd3-41f1-9824-dfe7e8bd59e1,,2015-11-05 00:00:00.000000,,,4b74f123-1fda-4bda-9869-a16a015c9551
26a153b0-99c4-447b-bdc8-5c6466133fb6,c7edbf0f-f206-11e4-aa52-24be05e24f7e,true,f72e0ef0-7c4a-4307-af78-8e38dac3fdba,1e473914-46e4-408d-af26-178fb115de76,true,2016-05-09 00:00:00.000000,,,
d90a48e9-b65e-4908-8018-3736c2f158cd,c93d708f-f206-11e4-a815-24be05e24f7e,true,0e39ead4-383b-4452-bbd4-babb7becd82e,42f97cca-2cb4-497a-a0fd-ceef1ba46bcc,true,2016-03-01 00:00:00.000000,,,
ced7f16c-7458-42a6-b271-c5803dc92ccc,cd844200-f206-11e4-9393-24be05e24f7e,,f27a65eb-2d11-4965-aa9c-daa088fa5c9c,257a305e-4dd3-41f1-9824-dfe7e8bd59e1,,2015-11-05 00:00:00.000000,,,47117469-8cc9-4aa4-bf0b-bbc3b6a4a021
8a0b1077-1fde-45b4-96eb-1c2152d35c74,c74c9d0f-f206-11e4-8330-24be05e24f7e,,f27a65eb-2d11-4965-aa9c-daa088fa5c9c,257a305e-4dd3-41f1-9824-dfe7e8bd59e1,,2015-11-05 00:00:00.000000,,,
56932ed9-2658-445c-89c3-d49525a3c428,caacb800-f206-11e4-81ab-24be05e24f7e,,f27a65eb-2d11-4965-aa9c-daa088fa5c9c,257a305e-4dd3-41f1-9824-dfe7e8bd59e1,,2015-11-05 00:00:00.000000,,,
4f2647a2-732b-480c-9606-bf742a9fe80c,c8d69870-f206-11e4-b477-24be05e24f7e,true,b50c4dc2-6c86-4d79-aa8a-23a65da292c6,f6de5351-3797-41e9-8053-7fb111a3a1a0,true,2016-02-27 00:00:00.000000,,,
155cfd23-4f97-4f1b-b491-02cb5e7563b3,caacb800-f206-11e4-81ab-24be05e24f7e,,f27a65eb-2d11-4965-aa9c-daa088fa5c9c,257a305e-4dd3-41f1-9824-dfe7e8bd59e1,,2015-11-05 00:00:00.000000,,,
8b708704-a14c-4332-a2a1-89d33422389b,caacb800-f206-11e4-81ab-24be05e24f7e,,7b7e892c-d9b7-4b03-bef8-c6a071df28ef,257a305e-4dd3-41f1-9824-dfe7e8bd59e1,,2015-11-05 00:00:00.000000,,,5de556d8-16b4-4097-9902-0f2a2ac4e67c
d030358e-c1fc-4c15-bc31-8fa2105a3f05,cebd854f-f206-11e4-b46e-24be05e24f7e,,c98949ae-60a8-43dc-85d7-0feb0b92e719,257a305e-4dd3-41f1-9824-dfe7e8bd59e1,,2015-11-05 00:00:00.000000,,,
2ce002f5-4b15-4b4e-a790-4382a610ef94,cb251c51-f206-11e4-8541-24be05e24f7e,true,b50c4dc2-6c86-4d79-aa8a-23a65da292c6,f6de5351-3797-41e9-8053-7fb111a3a1a0,true,2016-04-12 00:00:00.000000,,,
e424de85-623a-45f2-981f-4fdf46d32542,c7edbf0f-f206-11e4-aa52-24be05e24f7e,true,f72e0ef0-7c4a-4307-af78-8e38dac3fdba,1e473914-46e4-408d-af26-178fb115de76,true,2016-01-03 00:00:00.000000,,,
cb8f186f-ad48-4670-b1cf-0c024740d6f3,ce1dc2de-f206-11e4-a646-24be05e24f7e,true,2323b76a-db98-4e03-aa37-e171cfbdd1a4,257a305e-4dd3-41f1-9824-dfe7e8bd59e1,true,2016-03-18 00:00:00.000000,,,
a03f0f1b-3584-4a7d-88e2-9d2a0560f94a,c7edbf0f-f206-11e4-aa52-24be05e24f7e,true,f72e0ef0-7c4a-4307-af78-8e38dac3fdba,1e473914-46e4-408d-af26-178fb115de76,true,2016-03-31 00:00:00.000000,,,
56ecb749-191e-42fc-977c-a83ceae8b04c,cd844200-f206-11e4-9393-24be05e24f7e,true,2323b76a-db98-4e03-aa37-e171cfbdd1a4,257a305e-4dd3-41f1-9824-dfe7e8bd59e1,true,2016-01-11 00:00:00.000000,,,698c87c5-24f7-46fe-98e2-a74db3c44125
8dc11d31-fedd-4781-9081-2ee9371be671,caacb800-f206-11e4-81ab-24be05e24f7e,,f27a65eb-2d11-4965-aa9c-daa088fa5c9c,257a305e-4dd3-41f1-9824-dfe7e8bd59e1,,2015-11-05 00:00:00.000000,,,9ce16072-c994-435c-b002-5db4cca72fc6
6a34e8d9-a2ce-439a-89a0-d0174e0c429a,c7edbf0f-f206-11e4-aa52-24be05e24f7e,,f72e0ef0-7c4a-4307-af78-8e38dac3fdba,1e473914-46e4-408d-af26-178fb115de76,,2016-01-24 00:00:00.000000,,,1db69ba6-531f-4b3e-a691-96c7f750cb9f
e9567015-19fb-4d3b-8f11-865d967a354f,cd844200-f206-11e4-9393-24be05e24f7e,,7b7e892c-d9b7-4b03-bef8-c6a071df28ef,257a305e-4dd3-41f1-9824-dfe7e8bd59e1,,2015-11-02 00:00:00.000000,,,
cce82449-ff5b-4950-8358-39184dc5948f,caacb800-f206-11e4-81ab-24be05e24f7e,,7b7e892c-d9b7-4b03-bef8-c6a071df28ef,257a305e-4dd3-41f1-9824-dfe7e8bd59e1,,2015-11-02 00:00:00.000000,,,
3ae68d42-0f2d-4426-acd0-9e0429c466e1,c74c9d0f-f206-11e4-8330-24be05e24f7e,,7b7e892c-d9b7-4b03-bef8-c6a071df28ef,257a305e-4dd3-41f1-9824-dfe7e8bd59e1,,2015-11-02 00:00:00.000000,,,
8003ba27-4073-4a2c-af55-812d4fe337f0,c74c9d0f-f206-11e4-8330-24be05e24f7e,,7b7e892c-d9b7-4b03-bef8-c6a071df28ef,257a305e-4dd3-41f1-9824-dfe7e8bd59e1,,2015-11-02 00:00:00.000000,,,
b8d81721-befb-4274-a8ea-a4b1e8b6dd33,c74c9d0f-f206-11e4-8330-24be05e24f7e,,f27a65eb-2d11-4965-aa9c-daa088fa5c9c,257a305e-4dd3-41f1-9824-dfe7e8bd59e1,,2015-11-05 00:00:00.000000,,,eda0b446-a3a9-4f82-8284-bff3f59ccd8b
7d824b0f-4788-4bd3-a1b7-2eb72bd10a89,cb914b9e-f206-11e4-b447-24be05e24f7e,,c98949ae-60a8-43dc-85d7-0feb0b92e719,257a305e-4dd3-41f1-9824-dfe7e8bd59e1,,2015-11-09 00:00:00.000000,,,a47e50f4-26f2-4c4f-9def-25cc615ac3ea
3b4a3651-14e6-4a5d-b835-7f40c1a9cc84,caacb800-f206-11e4-81ab-24be05e24f7e,true,2323b76a-db98-4e03-aa37-e171cfbdd1a4,257a305e-4dd3-41f1-9824-dfe7e8bd59e1,true,2015-12-21 00:00:00.000000,,,
65a5efb4-080b-4a98-807a-0c09be8fb3e7,cc74f4e1-f206-11e4-ad66-24be05e24f7e,true,2323b76a-db98-4e03-aa37-e171cfbdd1a4,257a305e-4dd3-41f1-9824-dfe7e8bd59e1,true,2016-04-05 00:00:00.000000,,,
b45caf7c-a136-4ebd-9e2c-bde7e6bfa988,c7edbf0f-f206-11e4-aa52-24be05e24f7e,,f72e0ef0-7c4a-4307-af78-8e38dac3fdba,1e473914-46e4-408d-af26-178fb115de76,,2015-11-02 00:00:00.000000,,,58a51316-8ef9-455a-9174-b5ccefc65b9a
8bd71676-1543-4a3c-9596-9ebe937bd4de,cb914b9e-f206-11e4-b447-24be05e24f7e,,819eb188-1a1c-48b4-9af3-283d2447ff6f,257a305e-4dd3-41f1-9824-dfe7e8bd59e1,,2015-11-07 00:00:00.000000,,,b0e3120c-1f4f-44a6-aa24-fa571ec44dff
5a20057a-bc1a-4246-b23f-a2b21835ef91,c7edbf0f-f206-11e4-aa52-24be05e24f7e,,f72e0ef0-7c4a-4307-af78-8e38dac3fdba,1e473914-46e4-408d-af26-178fb115de76,,2015-11-02 00:00:00.000000,,,c42214af-d5b1-4d2d-861b-b6f1487d864a
a9110df2-02c0-4826-880f-0ab570f30cd5,c7edbf0f-f206-11e4-aa52-24be05e24f7e,,f72e0ef0-7c4a-4307-af78-8e38dac3fdba,1e473914-46e4-408d-af26-178fb115de76,,2015-11-02 00:00:00.000000,,,947a82c6-a431-4a4f-955d-2192d2013d25
ffa1b9a4-f7c9-49e3-88ec-45af520844e8,cd844200-f206-11e4-9393-24be05e24f7e,,892189e9-d712-4bdb-afa7-1ccab43fbed4,257a305e-4dd3-41f1-9824-dfe7e8bd59e1,,2015-12-11 00:00:00.000000,,,8c48bddc-9cfc-4d55-86fd-9b317c0a2650
ffdc7b83-d6e6-45f6-81ed-f5e4eb717f36,cebd854f-f206-11e4-b46e-24be05e24f7e,true,c98949ae-60a8-43dc-85d7-0feb0b92e719,257a305e-4dd3-41f1-9824-dfe7e8bd59e1,true,2016-01-19 00:00:00.000000,,,d54aa6b6-3ebb-4ed1-a8c9-59ae64b66b84
739240ef-d4a4-40ac-9267-c772feb842af,cdee4e70-f206-11e4-87a2-24be05e24f7e,,892189e9-d712-4bdb-afa7-1ccab43fbed4,257a305e-4dd3-41f1-9824-dfe7e8bd59e1,,2015-11-08 00:00:00.000000,,,
c0b9868d-206f-4f0b-92b5-6ac2bca18fe7,cc040aa1-f206-11e4-a3e0-24be05e24f7e,,819eb188-1a1c-48b4-9af3-283d2447ff6f,257a305e-4dd3-41f1-9824-dfe7e8bd59e1,,2015-11-08 00:00:00.000000,,,
429f4a0f-11ed-43bd-a07b-c58e8cb258a3,cebd854f-f206-11e4-b46e-24be05e24f7e,,892189e9-d712-4bdb-afa7-1ccab43fbed4,257a305e-4dd3-41f1-9824-dfe7e8bd59e1,,2015-11-02 00:00:00.000000,,,4776080e-450a-4420-8f58-78a4a7736ea0
bfaa9949-e564-4768-a0c4-fc88c299c6ec,cdee4e70-f206-11e4-87a2-24be05e24f7e,,819eb188-1a1c-48b4-9af3-283d2447ff6f,257a305e-4dd3-41f1-9824-dfe7e8bd59e1,,2015-11-07 00:00:00.000000,,,
7182f532-9f57-4e37-811f-17d138782e56,ce1dc2de-f206-11e4-a646-24be05e24f7e,,819eb188-1a1c-48b4-9af3-283d2447ff6f,257a305e-4dd3-41f1-9824-dfe7e8bd59e1,,2015-11-07 00:00:00.000000,,,
7626347f-467a-4569-9b3c-aa7608d9c115,c74c9d0f-f206-11e4-8330-24be05e24f7e,,7b7e892c-d9b7-4b03-bef8-c6a071df28ef,257a305e-4dd3-41f1-9824-dfe7e8bd59e1,,2015-11-05 00:00:00.000000,,,
cede90aa-10b3-4b67-91b3-831491c713b7,c822b1c0-f206-11e4-9755-24be05e24f7e,true,0e39ead4-383b-4452-bbd4-babb7becd82e,42f97cca-2cb4-497a-a0fd-ceef1ba46bcc,true,2016-03-01 00:00:00.000000,,,
2f51737f-127e-4df2-86da-54d9255bb7ad,c854e54f-f206-11e4-bddc-24be05e24f7e,true,b50c4dc2-6c86-4d79-aa8a-23a65da292c6,f6de5351-3797-41e9-8053-7fb111a3a1a0,true,2016-04-12 00:00:00.000000,,,
cea0e749-1e82-402c-8f5d-276668170505,cebd854f-f206-11e4-b46e-24be05e24f7e,,892189e9-d712-4bdb-afa7-1ccab43fbed4,257a305e-4dd3-41f1-9824-dfe7e8bd59e1,,2015-11-01 00:00:00.000000,,,4776080e-450a-4420-8f58-78a4a7736ea0
7c9851bc-e37b-46cf-8eb7-764a4632f18c,c7edbf0f-f206-11e4-aa52-24be05e24f7e,true,f72e0ef0-7c4a-4307-af78-8e38dac3fdba,1e473914-46e4-408d-af26-178fb115de76,true,2016-01-03 00:00:00.000000,,,
2130e7b8-a1ed-4586-8e82-3ef3a85bfc5b,c74c9d0f-f206-11e4-8330-24be05e24f7e,,f27a65eb-2d11-4965-aa9c-daa088fa5c9c,257a305e-4dd3-41f1-9824-dfe7e8bd59e1,,2015-11-01 00:00:00.000000,,,eda0b446-a3a9-4f82-8284-bff3f59ccd8b
0c31635c-06a3-494f-9117-025eda95770e,c7edbf0f-f206-11e4-aa52-24be05e24f7e,,f72e0ef0-7c4a-4307-af78-8e38dac3fdba,1e473914-46e4-408d-af26-178fb115de76,,2015-11-01 00:00:00.000000,,,8886b441-e984-4d6e-b28e-8b4eb005bdc8
f3a70751-84ec-451b-8638-a9c3b8c5578e,cb914b9e-f206-11e4-b447-24be05e24f7e,,892189e9-d712-4bdb-afa7-1ccab43fbed4,257a305e-4dd3-41f1-9824-dfe7e8bd59e1,,2015-11-02 00:00:00.000000,,,a5a68146-64c8-430e-880d-83508c35f5d3
2adaaf4b-4e07-4032-b111-6daf0d3c939a,cdee4e70-f206-11e4-87a2-24be05e24f7e,true,4b12472e-2a06-4235-ba58-f376be6c1b39,1e473914-46e4-408d-af26-178fb115de76,true,2015-12-13 00:00:00.000000,,,
4ae12822-3a26-44a1-b67e-8e46afc1f584,c7edbf0f-f206-11e4-aa52-24be05e24f7e,true,f72e0ef0-7c4a-4307-af78-8e38dac3fdba,1e473914-46e4-408d-af26-178fb115de76,true,2016-05-09 00:00:00.000000,,,
e5eda27e-0783-4c39-8425-8dac2d1dba8b,c74c9d0f-f206-11e4-8330-24be05e24f7e,,892189e9-d712-4bdb-afa7-1ccab43fbed4,257a305e-4dd3-41f1-9824-dfe7e8bd59e1,,2015-11-02 00:00:00.000000,,,
74701310-0ed6-4c37-8194-c2c03d258fb7,cdb934b0-f206-11e4-8810-24be05e24f7e,true,c98949ae-60a8-43dc-85d7-0feb0b92e719,a2949322-dc84-45ab-8454-cf94fb28c189,true,2016-01-19 00:00:00.000000,,,
ce930192-6354-400c-a134-156172c7acb6,c93d708f-f206-11e4-a815-24be05e24f7e,true,0e39ead4-383b-4452-bbd4-babb7becd82e,42f97cca-2cb4-497a-a0fd-ceef1ba46bcc,true,2016-02-27 00:00:00.000000,,,
378980a1-21f7-4643-9ecd-f8bf6fdca5f7,c74c9d0f-f206-11e4-8330-24be05e24f7e,,892189e9-d712-4bdb-afa7-1ccab43fbed4,257a305e-4dd3-41f1-9824-dfe7e8bd59e1,,2015-11-01 00:00:00.000000,,,a2e0644b-26e8-4b96-a6d0-115d3bdf9620
462017f4-e2ab-4b39-9988-3972ba508a59,c854e54f-f206-11e4-bddc-24be05e24f7e,true,b50c4dc2-6c86-4d79-aa8a-23a65da292c6,f6de5351-3797-41e9-8053-7fb111a3a1a0,true,2016-03-18 00:00:00.000000,,,
864b2284-fb4b-403a-8798-e182dce4536a,caacb800-f206-11e4-81ab-24be05e24f7e,,892189e9-d712-4bdb-afa7-1ccab43fbed4,257a305e-4dd3-41f1-9824-dfe7e8bd59e1,,2015-11-01 00:00:00.000000,,,5e23f1d9-c409-494d-9db9-308e0d3a0055
d51a26be-3fb1-4b2a-95dd-73fe375cbfb8,c7edbf0f-f206-11e4-aa52-24be05e24f7e,,f72e0ef0-7c4a-4307-af78-8e38dac3fdba,1e473914-46e4-408d-af26-178fb115de76,,2015-10-31 00:00:00.000000,,,947a82c6-a431-4a4f-955d-2192d2013d25
b73394ce-2f6c-48d9-92e2-fd74223e56ba,cdee4e70-f206-11e4-87a2-24be05e24f7e,,892189e9-d712-4bdb-afa7-1ccab43fbed4,257a305e-4dd3-41f1-9824-dfe7e8bd59e1,,2015-11-01 00:00:00.000000,,,9c972a19-edeb-4c39-bbb9-34dba69b568d
f1385698-7e14-48f6-bde1-34b4e422bcda,cc040aa1-f206-11e4-a3e0-24be05e24f7e,,892189e9-d712-4bdb-afa7-1ccab43fbed4,257a305e-4dd3-41f1-9824-dfe7e8bd59e1,,2015-11-02 00:00:00.000000,,,b8ea3f4c-e37b-4ede-b2fb-500d7a464d7f
05d6c66f-6537-4608-a86f-307e0c349b17,cdb934b0-f206-11e4-8810-24be05e24f7e,,c98949ae-60a8-43dc-85d7-0feb0b92e719,a2949322-dc84-45ab-8454-cf94fb28c189,,2015-11-09 00:00:00.000000,,,5ce8af68-9986-46fe-98ff-ab09d0878fb7
3ff677c5-f31a-4d68-b206-71396d7ce528,cd844200-f206-11e4-9393-24be05e24f7e,,c98949ae-60a8-43dc-85d7-0feb0b92e719,1571fdac-e0b4-4ebc-a73a-6e13001b71d3,,2015-11-01 00:00:00.000000,,,b0e64f73-ff72-4e2d-a90d-7977007e5689
7d9f3d4f-d8ce-4588-96aa-e722727db192,cb914b9e-f206-11e4-b447-24be05e24f7e,,892189e9-d712-4bdb-afa7-1ccab43fbed4,257a305e-4dd3-41f1-9824-dfe7e8bd59e1,,2015-11-01 00:00:00.000000,,,a5a68146-64c8-430e-880d-83508c35f5d3
6ec7c85d-250e-42c3-82a4-176bd5558979,cb914b9e-f206-11e4-b447-24be05e24f7e,,f27a65eb-2d11-4965-aa9c-daa088fa5c9c,257a305e-4dd3-41f1-9824-dfe7e8bd59e1,,2015-10-31 00:00:00.000000,,,
01ac359f-aaab-4486-9292-5be454cc5b92,c74c9d0f-f206-11e4-8330-24be05e24f7e,,f27a65eb-2d11-4965-aa9c-daa088fa5c9c,257a305e-4dd3-41f1-9824-dfe7e8bd59e1,,2015-11-01 00:00:00.000000,,,7a87877f-3a68-42e2-a4f7-7faaa84341f1
495af5b4-f627-4573-bcd1-6469197a9183,cb914b9e-f206-11e4-b447-24be05e24f7e,,f27a65eb-2d11-4965-aa9c-daa088fa5c9c,257a305e-4dd3-41f1-9824-dfe7e8bd59e1,,2015-10-31 00:00:00.000000,,,
9e1c9852-4712-47bb-ba02-9ee6a426590d,cdee4e70-f206-11e4-87a2-24be05e24f7e,,892189e9-d712-4bdb-afa7-1ccab43fbed4,257a305e-4dd3-41f1-9824-dfe7e8bd59e1,,2015-11-02 00:00:00.000000,,,9c972a19-edeb-4c39-bbb9-34dba69b568d
89c3af53-7e09-4336-9e87-6280e836217a,c7edbf0f-f206-11e4-aa52-24be05e24f7e,,f72e0ef0-7c4a-4307-af78-8e38dac3fdba,1e473914-46e4-408d-af26-178fb115de76,,2015-10-31 00:00:00.000000,,,2b9b521b-ec6c-4b53-833b-9f0bd2f6c2a0
e8620d71-af50-44ad-b81f-140fea4784ac,c7edbf0f-f206-11e4-aa52-24be05e24f7e,,f72e0ef0-7c4a-4307-af78-8e38dac3fdba,1e473914-46e4-408d-af26-178fb115de76,,2015-11-01 00:00:00.000000,,,2b9b521b-ec6c-4b53-833b-9f0bd2f6c2a0
9cef6440-6f34-4bef-855b-625ccd02633a,cdee4e70-f206-11e4-87a2-24be05e24f7e,,892189e9-d712-4bdb-afa7-1ccab43fbed4,257a305e-4dd3-41f1-9824-dfe7e8bd59e1,,2015-11-01 00:00:00.000000,,,
44c5b1d6-39b3-4b20-aac4-13f64a931185,cb914b9e-f206-11e4-b447-24be05e24f7e,,7b7e892c-d9b7-4b03-bef8-c6a071df28ef,257a305e-4dd3-41f1-9824-dfe7e8bd59e1,,2015-11-01 00:00:00.000000,,,cc83acb8-7829-415f-bc7b-549bf9415703
f4121147-e406-4a89-b317-c97f018871c3,c7edbf0f-f206-11e4-aa52-24be05e24f7e,,f72e0ef0-7c4a-4307-af78-8e38dac3fdba,1e473914-46e4-408d-af26-178fb115de76,,2015-11-01 00:00:00.000000,,,947a82c6-a431-4a4f-955d-2192d2013d25
929541ab-5ade-42ea-a702-4617f235b7c4,cdee4e70-f206-11e4-87a2-24be05e24f7e,,892189e9-d712-4bdb-afa7-1ccab43fbed4,257a305e-4dd3-41f1-9824-dfe7e8bd59e1,,2015-11-02 00:00:00.000000,,,
f3927449-9464-48bd-a5f2-cd0ded39a792,cb914b9e-f206-11e4-b447-24be05e24f7e,,892189e9-d712-4bdb-afa7-1ccab43fbed4,257a305e-4dd3-41f1-9824-dfe7e8bd59e1,,2015-11-02 00:00:00.000000,,,
57f84006-b399-4221-a011-ccc5cbae5f4d,cebd854f-f206-11e4-b46e-24be05e24f7e,,892189e9-d712-4bdb-afa7-1ccab43fbed4,257a305e-4dd3-41f1-9824-dfe7e8bd59e1,,2015-11-02 00:00:00.000000,,,
161cbe6f-63f3-4690-a707-ab38327ef4ce,c7edbf0f-f206-11e4-aa52-24be05e24f7e,,f72e0ef0-7c4a-4307-af78-8e38dac3fdba,1e473914-46e4-408d-af26-178fb115de76,,2015-11-01 00:00:00.000000,,,58a51316-8ef9-455a-9174-b5ccefc65b9a
befb15f5-ec6d-4e76-9a84-56cdd60da064,c7edbf0f-f206-11e4-aa52-24be05e24f7e,,f72e0ef0-7c4a-4307-af78-8e38dac3fdba,1e473914-46e4-408d-af26-178fb115de76,,2015-11-01 00:00:00.000000,,,
48927728-581a-439c-a23e-3a8b82a9bd17,c7edbf0f-f206-11e4-aa52-24be05e24f7e,,f72e0ef0-7c4a-4307-af78-8e38dac3fdba,1e473914-46e4-408d-af26-178fb115de76,,2015-11-01 00:00:00.000000,,,
2dca190d-45a4-4a57-a202-054bb52fd995,cdee4e70-f206-11e4-87a2-24be05e24f7e,,7b7e892c-d9b7-4b03-bef8-c6a071df28ef,257a305e-4dd3-41f1-9824-dfe7e8bd59e1,,2015-11-02 00:00:00.000000,,,
a0f8f64a-8c6b-4a40-9cd3-f021e7eb1d47,c8d69870-f206-11e4-b477-24be05e24f7e,true,b50c4dc2-6c86-4d79-aa8a-23a65da292c6,f6de5351-3797-41e9-8053-7fb111a3a1a0,true,2016-02-29 00:00:00.000000,,,
838a040b-72cf-4351-9714-413165894372,c7edbf0f-f206-11e4-aa52-24be05e24f7e,,f72e0ef0-7c4a-4307-af78-8e38dac3fdba,1e473914-46e4-408d-af26-178fb115de76,,2015-10-31 00:00:00.000000,,,8886b441-e984-4d6e-b28e-8b4eb005bdc8
0c8ee880-c657-4d2c-87df-8b5dfd9e7d55,cb251c51-f206-11e4-8541-24be05e24f7e,true,b50c4dc2-6c86-4d79-aa8a-23a65da292c6,f6de5351-3797-41e9-8053-7fb111a3a1a0,true,2016-04-11 00:00:00.000000,,,
da09b03d-7283-42b9-a0bc-8e0895e52afe,c7edbf0f-f206-11e4-aa52-24be05e24f7e,,f72e0ef0-7c4a-4307-af78-8e38dac3fdba,1e473914-46e4-408d-af26-178fb115de76,,2015-10-31 00:00:00.000000,,,2b9b521b-ec6c-4b53-833b-9f0bd2f6c2a0
167b696d-a093-4956-9251-a97fc4646cec,c7edbf0f-f206-11e4-aa52-24be05e24f7e,true,f72e0ef0-7c4a-4307-af78-8e38dac3fdba,1e473914-46e4-408d-af26-178fb115de76,true,2016-05-09 00:00:00.000000,,,
815235eb-51de-453d-86d5-771e0cb645ce,c7edbf0f-f206-11e4-aa52-24be05e24f7e,true,f72e0ef0-7c4a-4307-af78-8e38dac3fdba,1e473914-46e4-408d-af26-178fb115de76,true,2015-12-21 00:00:00.000000,,,
7b581bf1-4617-4b89-aec8-b9b72f9056c5,ce1dc2de-f206-11e4-a646-24be05e24f7e,true,c98949ae-60a8-43dc-85d7-0feb0b92e719,a2949322-dc84-45ab-8454-cf94fb28c189,true,2016-01-19 00:00:00.000000,,,
51dd948e-af75-4620-9692-5ce22920bb8a,c7edbf0f-f206-11e4-aa52-24be05e24f7e,true,f72e0ef0-7c4a-4307-af78-8e38dac3fdba,1e473914-46e4-408d-af26-178fb115de76,true,2015-12-15 00:00:00.000000,,,5d59bd48-ce20-44bb-b697-4a5b404e35ba
e7245c66-3172-46f3-be39-a17dd9b1ea1a,cc040aa1-f206-11e4-a3e0-24be05e24f7e,true,2323b76a-db98-4e03-aa37-e171cfbdd1a4,257a305e-4dd3-41f1-9824-dfe7e8bd59e1,true,2016-04-30 00:00:00.000000,,,
f3fd690f-d06c-4f4f-aa81-8d92d2bff811,c89dae21-f206-11e4-a1c2-24be05e24f7e,true,0e39ead4-383b-4452-bbd4-babb7becd82e,42f97cca-2cb4-497a-a0fd-ceef1ba46bcc,true,2016-02-27 00:00:00.000000,,,
97c80291-d434-4084-b0e2-ff2070d345f4,caacb800-f206-11e4-81ab-24be05e24f7e,true,5728f612-3f20-4459-98bd-3478c79c4861,257a305e-4dd3-41f1-9824-dfe7e8bd59e1,true,2015-12-30 00:00:00.000000,,,
9cc7986b-ae0b-4e45-a2c3-3423ee2f52e8,cdee4e70-f206-11e4-87a2-24be05e24f7e,true,892189e9-d712-4bdb-afa7-1ccab43fbed4,257a305e-4dd3-41f1-9824-dfe7e8bd59e1,true,2016-01-13 00:00:00.000000,,,
359c88e0-3ccb-4079-be56-e898a75ee69c,cb251c51-f206-11e4-8541-24be05e24f7e,true,b617e24f-71aa-432b-a8a0-a9b417a3d47e,f6de5351-3797-41e9-8053-7fb111a3a1a0,true,2016-04-03 00:00:00.000000,,,
53235db1-563a-46e8-97cb-0b6fa1a68690,c7edbf0f-f206-11e4-aa52-24be05e24f7e,true,f72e0ef0-7c4a-4307-af78-8e38dac3fdba,1e473914-46e4-408d-af26-178fb115de76,true,2016-01-17 00:00:00.000000,,,
7b50b7ed-b5c2-4517-889c-b601929e2fda,c7edbf0f-f206-11e4-aa52-24be05e24f7e,true,f72e0ef0-7c4a-4307-af78-8e38dac3fdba,1e473914-46e4-408d-af26-178fb115de76,true,2016-02-13 00:00:00.000000,,,
10b83409-fee1-4170-84a9-2200163bf789,cd844200-f206-11e4-9393-24be05e24f7e,true,2323b76a-db98-4e03-aa37-e171cfbdd1a4,257a305e-4dd3-41f1-9824-dfe7e8bd59e1,true,2016-03-18 00:00:00.000000,,,
651deedd-8f42-4faf-a172-659e9f90fd5c,c7edbf0f-f206-11e4-aa52-24be05e24f7e,true,f72e0ef0-7c4a-4307-af78-8e38dac3fdba,1e473914-46e4-408d-af26-178fb115de76,true,2016-03-16 00:00:00.000000,,,
885622c5-e25e-4a7e-b181-afd48d06ae4b,c7edbf0f-f206-11e4-aa52-24be05e24f7e,true,f72e0ef0-7c4a-4307-af78-8e38dac3fdba,1e473914-46e4-408d-af26-178fb115de76,true,2016-05-07 00:00:00.000000,,,
ee08144e-2be6-4251-a63d-c9bdc2dee66a,c74c9d0f-f206-11e4-8330-24be05e24f7e,true,2323b76a-db98-4e03-aa37-e171cfbdd1a4,257a305e-4dd3-41f1-9824-dfe7e8bd59e1,true,2016-04-05 00:00:00.000000,,,
2d9cbe54-4f6d-49e5-9b60-adb09a59def5,c96ff240-f206-11e4-b581-24be05e24f7e,true,b50c4dc2-6c86-4d79-aa8a-23a65da292c6,f6de5351-3797-41e9-8053-7fb111a3a1a0,true,2016-01-20 00:00:00.000000,,,
4017b461-15af-4d0d-bbff-ca38c0e90a90,cb914b9e-f206-11e4-b447-24be05e24f7e,true,4b12472e-2a06-4235-ba58-f376be6c1b39,1e473914-46e4-408d-af26-178fb115de76,true,2015-12-13 00:00:00.000000,,,0852f6a0-5a1f-498d-9be0-18cff275b4bb
4da34211-30ab-480e-9b90-677f6086c242,cdee4e70-f206-11e4-87a2-24be05e24f7e,true,2323b76a-db98-4e03-aa37-e171cfbdd1a4,257a305e-4dd3-41f1-9824-dfe7e8bd59e1,true,2016-03-12 00:00:00.000000,,,f0cb01e6-5567-45b8-b641-24d870462328
23c5294b-9eab-452c-b720-fab686c5c3d5,c74c9d0f-f206-11e4-8330-24be05e24f7e,true,f27a65eb-2d11-4965-aa9c-daa088fa5c9c,257a305e-4dd3-41f1-9824-dfe7e8bd59e1,true,2015-11-28 00:00:00.000000,,,da110708-68f4-4d4b-95a0-d7d2d3363ef0
2011ebae-0b57-495d-8cc4-5efd11d91bb2,cc040aa1-f206-11e4-a3e0-24be05e24f7e,true,892189e9-d712-4bdb-afa7-1ccab43fbed4,257a305e-4dd3-41f1-9824-dfe7e8bd59e1,true,2015-11-04 00:00:00.000000,,,b8ea3f4c-e37b-4ede-b2fb-500d7a464d7f
36a5480f-41cc-4820-a637-459745548042,cb914b9e-f206-11e4-b447-24be05e24f7e,,c98949ae-60a8-43dc-85d7-0feb0b92e719,1571fdac-e0b4-4ebc-a73a-6e13001b71d3,,2015-11-15 00:00:00.000000,,,b334cac9-bb08-4b38-a04f-01489cd136e5
209a2c87-61f5-456a-81dd-4a7b323b7911,caacb800-f206-11e4-81ab-24be05e24f7e,true,5728f612-3f20-4459-98bd-3478c79c4861,257a305e-4dd3-41f1-9824-dfe7e8bd59e1,true,2015-11-15 00:00:00.000000,,,bfad9071-41b3-4a89-a112-c5f019f295e9
fa100988-5a2b-463e-b164-8237d3ea3f04,c7edbf0f-f206-11e4-aa52-24be05e24f7e,,f72e0ef0-7c4a-4307-af78-8e38dac3fdba,1e473914-46e4-408d-af26-178fb115de76,,2015-10-31 00:00:00.000000,,,8886b441-e984-4d6e-b28e-8b4eb005bdc8
aebb2896-ad2c-43e5-adb2-1ccb3bd38797,cdb934b0-f206-11e4-8810-24be05e24f7e,true,f72e0ef0-7c4a-4307-af78-8e38dac3fdba,1e473914-46e4-408d-af26-178fb115de76,true,2016-02-20 00:00:00.000000,,,3f7243ad-3099-4ff9-9e05-157b1ca5c2b5
a3dacd15-6b7d-4280-9072-fe247b6fc436,c7edbf0f-f206-11e4-aa52-24be05e24f7e,true,f72e0ef0-7c4a-4307-af78-8e38dac3fdba,1e473914-46e4-408d-af26-178fb115de76,true,2016-01-08 00:00:00.000000,,,cda95cfb-8ffd-4b83-98f3-4b082c07df3a
7aa22443-fcc3-4836-b768-113c28aa6568,c7edbf0f-f206-11e4-aa52-24be05e24f7e,,f72e0ef0-7c4a-4307-af78-8e38dac3fdba,1e473914-46e4-408d-af26-178fb115de76,,2015-10-31 00:00:00.000000,,,58a51316-8ef9-455a-9174-b5ccefc65b9a
bc500da9-4d5e-4ba6-95f6-d328cddfeef9,c7edbf0f-f206-11e4-aa52-24be05e24f7e,,f72e0ef0-7c4a-4307-af78-8e38dac3fdba,1e473914-46e4-408d-af26-178fb115de76,,2015-12-19 00:00:00.000000,,,cda95cfb-8ffd-4b83-98f3-4b082c07df3a
a6c751ec-7176-45ee-8f41-9f2082dae1ab,c7edbf0f-f206-11e4-aa52-24be05e24f7e,true,f72e0ef0-7c4a-4307-af78-8e38dac3fdba,1e473914-46e4-408d-af26-178fb115de76,true,2016-03-31 00:00:00.000000,,,da64c889-7e59-4bc2-868f-afdb57009016
e022b1a4-83c0-47c4-8bf4-6c0b086ff284,c7805740-f206-11e4-982c-24be05e24f7e,true,355dc154-9809-4edb-8ed4-fff910c6ae9c,dda182c5-4b50-4a0f-86f3-fcb5e0db4df3,true,2016-03-16 00:00:00.000000,,,b7ddf39c-f6e6-4c77-8037-faad1e462880
a1db2d50-2e61-4bee-8258-ac8d035d142c,c7edbf0f-f206-11e4-aa52-24be05e24f7e,,f72e0ef0-7c4a-4307-af78-8e38dac3fdba,1e473914-46e4-408d-af26-178fb115de76,,2015-10-31 00:00:00.000000,,,
ac4ad712-413a-4fb0-afb9-8281101c3870,c7edbf0f-f206-11e4-aa52-24be05e24f7e,,c98949ae-60a8-43dc-85d7-0feb0b92e719,1e473914-46e4-408d-af26-178fb115de76,,2015-10-28 00:00:00.000000,,,
5895dd29-8cf7-4a14-abcb-26b605798ad4,c7edbf0f-f206-11e4-aa52-24be05e24f7e,,f72e0ef0-7c4a-4307-af78-8e38dac3fdba,1e473914-46e4-408d-af26-178fb115de76,,2015-10-31 00:00:00.000000,,,
13d041e4-f2a4-4240-8be4-182b46b01d2f,c7edbf0f-f206-11e4-aa52-24be05e24f7e,,f72e0ef0-7c4a-4307-af78-8e38dac3fdba,1e473914-46e4-408d-af26-178fb115de76,,2016-01-24 00:00:00.000000,,,
86750c98-41b0-4958-ae27-79d61145a4c2,c7edbf0f-f206-11e4-aa52-24be05e24f7e,true,f72e0ef0-7c4a-4307-af78-8e38dac3fdba,1e473914-46e4-408d-af26-178fb115de76,true,2016-05-09 00:00:00.000000,,,
cc1512d2-c7b4-49f0-a9c1-45d1c8d89de2,cb251c51-f206-11e4-8541-24be05e24f7e,true,b50c4dc2-6c86-4d79-aa8a-23a65da292c6,f6de5351-3797-41e9-8053-7fb111a3a1a0,true,2016-02-29 00:00:00.000000,,,
222ea580-61d4-4218-bdef-278e8f65152a,cae999f0-f206-11e4-9835-24be05e24f7e,true,0e39ead4-383b-4452-bbd4-babb7becd82e,42f97cca-2cb4-497a-a0fd-ceef1ba46bcc,true,2016-02-27 00:00:00.000000,,,
66d04665-0f09-444c-a0c7-5f445a3f4b29,cdb934b0-f206-11e4-8810-24be05e24f7e,true,4b12472e-2a06-4235-ba58-f376be6c1b39,1e473914-46e4-408d-af26-178fb115de76,true,2015-12-13 00:00:00.000000,,,
bc2f2748-cc23-496d-abe2-156b2a398462,ca737f8f-f206-11e4-a7e2-24be05e24f7e,true,2323b76a-db98-4e03-aa37-e171cfbdd1a4,257a305e-4dd3-41f1-9824-dfe7e8bd59e1,true,2016-03-18 00:00:00.000000,,,
ae5361fc-49bd-484f-bea2-549431ab836a,c7edbf0f-f206-11e4-aa52-24be05e24f7e,true,f72e0ef0-7c4a-4307-af78-8e38dac3fdba,1e473914-46e4-408d-af26-178fb115de76,true,2015-12-21 00:00:00.000000,,,
1214b510-f992-479e-a85a-c79a88d62091,c74c9d0f-f206-11e4-8330-24be05e24f7e,true,2323b76a-db98-4e03-aa37-e171cfbdd1a4,257a305e-4dd3-41f1-9824-dfe7e8bd59e1,true,2016-04-05 00:00:00.000000,,,
30b671d1-0b2f-45c9-8627-f228eee9e399,cc040aa1-f206-11e4-a3e0-24be05e24f7e,true,2323b76a-db98-4e03-aa37-e171cfbdd1a4,257a305e-4dd3-41f1-9824-dfe7e8bd59e1,true,2016-04-11 00:00:00.000000,,,
a7894a5c-1847-42b4-92b2-df2fded9f872,cc74f4e1-f206-11e4-ad66-24be05e24f7e,true,2323b76a-db98-4e03-aa37-e171cfbdd1a4,257a305e-4dd3-41f1-9824-dfe7e8bd59e1,true,2016-04-17 00:00:00.000000,,,
f10153af-6882-4c29-a944-b5666faae1a1,cb914b9e-f206-11e4-b447-24be05e24f7e,true,5728f612-3f20-4459-98bd-3478c79c4861,257a305e-4dd3-41f1-9824-dfe7e8bd59e1,true,2015-11-15 00:00:00.000000,,,
895bf51f-e913-4938-bed5-7bbb9374ec23,c7805740-f206-11e4-982c-24be05e24f7e,true,f72e0ef0-7c4a-4307-af78-8e38dac3fdba,1e473914-46e4-408d-af26-178fb115de76,true,2016-05-17 00:00:00.000000,,,
8b2f7b1a-e3ad-4649-96f1-a631e26c61f0,c7805740-f206-11e4-982c-24be05e24f7e,true,f72e0ef0-7c4a-4307-af78-8e38dac3fdba,1e473914-46e4-408d-af26-178fb115de76,true,2016-01-22 00:00:00.000000,,,
007b17fb-937e-4851-b581-7c591ca92553,c74c9d0f-f206-11e4-8330-24be05e24f7e,true,0bcf2be1-3168-4e42-9fb5-3551d7dbce77,b45854a7-e6e1-4a9c-9104-139934511779,true,2015-12-03 00:00:00.000000,,,
bb1aafd9-8813-4207-9dbd-3bc2b1a14a90,ca737f8f-f206-11e4-a7e2-24be05e24f7e,true,5728f612-3f20-4459-98bd-3478c79c4861,257a305e-4dd3-41f1-9824-dfe7e8bd59e1,true,2015-12-30 00:00:00.000000,,,
11f089ad-1d10-4ce3-a71c-caa57ac1d71b,c7edbf0f-f206-11e4-aa52-24be05e24f7e,true,f72e0ef0-7c4a-4307-af78-8e38dac3fdba,1e473914-46e4-408d-af26-178fb115de76,true,2016-01-17 00:00:00.000000,,,
401ae797-f3cf-4606-bc6a-7ba40ce62113,cc040aa1-f206-11e4-a3e0-24be05e24f7e,true,2323b76a-db98-4e03-aa37-e171cfbdd1a4,257a305e-4dd3-41f1-9824-dfe7e8bd59e1,true,2016-03-12 00:00:00.000000,,,
07a3553a-3917-48a1-829c-ff0d23427c8f,c8d69870-f206-11e4-b477-24be05e24f7e,true,b617e24f-71aa-432b-a8a0-a9b417a3d47e,f6de5351-3797-41e9-8053-7fb111a3a1a0,true,2016-04-03 00:00:00.000000,,,
3882bdf6-4518-4253-8540-4617dc635d52,c854e54f-f206-11e4-bddc-24be05e24f7e,true,b50c4dc2-6c86-4d79-aa8a-23a65da292c6,f6de5351-3797-41e9-8053-7fb111a3a1a0,true,2016-02-05 00:00:00.000000,,,
f3a5f068-0686-43f2-9fd1-e8cbbc950bcc,cc040aa1-f206-11e4-a3e0-24be05e24f7e,false,d0766624-dbd7-4536-ba39-2d890a6143a9,257a305e-4dd3-41f1-9824-dfe7e8bd59e1,true,2016-02-20 00:00:00.000000,,,
d240cf29-a8ae-4359-9853-e62cecfd1971,c7edbf0f-f206-11e4-aa52-24be05e24f7e,true,f72e0ef0-7c4a-4307-af78-8e38dac3fdba,1e473914-46e4-408d-af26-178fb115de76,true,2016-02-07 00:00:00.000000,,,
93d724c5-cf2d-4058-b4ca-b8b9b7ce5cc8,c7edbf0f-f206-11e4-aa52-24be05e24f7e,true,f72e0ef0-7c4a-4307-af78-8e38dac3fdba,1e473914-46e4-408d-af26-178fb115de76,true,2016-02-08 00:00:00.000000,,,
733d5dd6-2eda-40a8-911d-da9284f2bee0,c854e54f-f206-11e4-bddc-24be05e24f7e,true,b50c4dc2-6c86-4d79-aa8a-23a65da292c6,f6de5351-3797-41e9-8053-7fb111a3a1a0,true,2016-01-21 00:00:00.000000,,,
3ef80613-28bd-4894-a1d2-0208d396d631,cae999f0-f206-11e4-9835-24be05e24f7e,true,0e39ead4-383b-4452-bbd4-babb7becd82e,42f97cca-2cb4-497a-a0fd-ceef1ba46bcc,true,2016-02-08 00:00:00.000000,,,
7110ce44-32d7-40b9-a9dd-ea8137c07653,c854e54f-f206-11e4-bddc-24be05e24f7e,true,b50c4dc2-6c86-4d79-aa8a-23a65da292c6,f6de5351-3797-41e9-8053-7fb111a3a1a0,true,2016-02-20 00:00:00.000000,,,
7ab87cc7-6f12-4305-8828-223eb4dd0ae6,cbcea2c0-f206-11e4-8c4a-24be05e24f7e,true,2323b76a-db98-4e03-aa37-e171cfbdd1a4,257a305e-4dd3-41f1-9824-dfe7e8bd59e1,true,2016-02-01 00:00:00.000000,,,
ecf53ffb-a184-4f29-ba5e-2fee5d2197ba,cdb934b0-f206-11e4-8810-24be05e24f7e,true,c98949ae-60a8-43dc-85d7-0feb0b92e719,a2949322-dc84-45ab-8454-cf94fb28c189,true,2016-02-01 00:00:00.000000,,,
2a2ef6d9-c536-4d32-b43b-e97b1d470163,cbcea2c0-f206-11e4-8c4a-24be05e24f7e,true,2323b76a-db98-4e03-aa37-e171cfbdd1a4,257a305e-4dd3-41f1-9824-dfe7e8bd59e1,true,2016-02-13 00:00:00.000000,,,7108c409-6d1e-41d1-aca2-53b5218fbc3d
d78a43bd-d068-4460-ad4b-483e3acd99cd,c7edbf0f-f206-11e4-aa52-24be05e24f7e,true,f72e0ef0-7c4a-4307-af78-8e38dac3fdba,1e473914-46e4-408d-af26-178fb115de76,true,2016-01-03 00:00:00.000000,,,b0fbb56f-c5ef-4eb4-bf43-d00d1618f34d
f42d5b6a-54a5-4796-a699-111c2b1a8dfc,c7edbf0f-f206-11e4-aa52-24be05e24f7e,true,f72e0ef0-7c4a-4307-af78-8e38dac3fdba,1e473914-46e4-408d-af26-178fb115de76,true,2016-02-13 00:00:00.000000,,,64d9ed69-83a3-4799-93e4-bc7eb7384c15
843898b3-b4ff-4558-b6a4-0419845f443f,c7edbf0f-f206-11e4-aa52-24be05e24f7e,true,f72e0ef0-7c4a-4307-af78-8e38dac3fdba,1e473914-46e4-408d-af26-178fb115de76,true,2015-12-15 00:00:00.000000,,,8a57deb0-79fe-4218-8e39-ee31f8a642eb
2c639fbf-b1ea-4763-b046-7eaaf7a38e8d,c7edbf0f-f206-11e4-aa52-24be05e24f7e,true,f72e0ef0-7c4a-4307-af78-8e38dac3fdba,1e473914-46e4-408d-af26-178fb115de76,true,2016-03-16 00:00:00.000000,,,1123c25d-25dc-46dd-8c9b-4310ea926926
fd2cf06b-ba17-4ac9-9206-ef6df35d1812,c7edbf0f-f206-11e4-aa52-24be05e24f7e,true,f72e0ef0-7c4a-4307-af78-8e38dac3fdba,1e473914-46e4-408d-af26-178fb115de76,true,2016-03-28 00:00:00.000000,,,430437ec-22ba-4061-bad1-8b2ac9d0d313
e4755390-96e4-4179-801f-aceb1f710b2b,cb914b9e-f206-11e4-b447-24be05e24f7e,true,c98949ae-60a8-43dc-85d7-0feb0b92e719,257a305e-4dd3-41f1-9824-dfe7e8bd59e1,true,2016-01-13 00:00:00.000000,,,3cf6604c-9fd0-4f0c-a949-7f8941fcf014
9a410f72-24f4-46c2-a60a-8cdb1286489c,c7edbf0f-f206-11e4-aa52-24be05e24f7e,true,f72e0ef0-7c4a-4307-af78-8e38dac3fdba,1e473914-46e4-408d-af26-178fb115de76,true,2016-02-07 00:00:00.000000,,,
c7e79039-57f8-4318-8a8f-2c368319ac9b,c7edbf0f-f206-11e4-aa52-24be05e24f7e,true,f72e0ef0-7c4a-4307-af78-8e38dac3fdba,1e473914-46e4-408d-af26-178fb115de76,true,2016-02-14 00:00:00.000000,,,
f4cf25cd-f1d6-4e17-8cbd-040b39080c42,cc040aa1-f206-11e4-a3e0-24be05e24f7e,true,892189e9-d712-4bdb-afa7-1ccab43fbed4,257a305e-4dd3-41f1-9824-dfe7e8bd59e1,true,2015-11-04 00:00:00.000000,,,b8ea3f4c-e37b-4ede-b2fb-500d7a464d7f
c5275e9e-4e0e-4441-89d8-6c4894cc7531,cdb934b0-f206-11e4-8810-24be05e24f7e,true,2323b76a-db98-4e03-aa37-e171cfbdd1a4,257a305e-4dd3-41f1-9824-dfe7e8bd59e1,true,2016-01-11 00:00:00.000000,,,bf4aa110-c309-4fe8-b507-9aaeb086ce5e
309a41ce-d815-4d4e-92f0-8cf406cd167a,c7edbf0f-f206-11e4-aa52-24be05e24f7e,true,f72e0ef0-7c4a-4307-af78-8e38dac3fdba,1e473914-46e4-408d-af26-178fb115de76,true,2015-12-13 00:00:00.000000,,,8a57deb0-79fe-4218-8e39-ee31f8a642eb
b4e1fde3-f0c1-45ee-b575-df667be4cd6e,cbcea2c0-f206-11e4-8c4a-24be05e24f7e,true,c98949ae-60a8-43dc-85d7-0feb0b92e719,257a305e-4dd3-41f1-9824-dfe7e8bd59e1,true,2016-04-01 00:00:00.000000,,,a6878c1c-8a51-4856-ac77-36cc2438ce3c
8769f525-f1ac-422a-82d7-5fc8506d98bd,5e130537-2275-40b5-9758-94b1986934ed,true,b50c4dc2-6c86-4d79-aa8a-23a65da292c6,f6de5351-3797-41e9-8053-7fb111a3a1a0,true,2016-04-11 00:00:00.000000,,,
d0c19072-50b3-4fa4-a1eb-d7f73b312159,c74c9d0f-f206-11e4-8330-24be05e24f7e,true,2323b76a-db98-4e03-aa37-e171cfbdd1a4,257a305e-4dd3-41f1-9824-dfe7e8bd59e1,true,2016-02-14 00:00:00.000000,,,11751b7c-2b2c-4d6e-b2d5-be40f20a92e5
99b28b96-3c10-45ba-a94f-13427c969103,c7edbf0f-f206-11e4-aa52-24be05e24f7e,true,f72e0ef0-7c4a-4307-af78-8e38dac3fdba,1e473914-46e4-408d-af26-178fb115de76,true,2016-05-17 00:00:00.000000,,,
694653e4-d04a-48f0-9dee-ce58af35ed4e,cd844200-f206-11e4-9393-24be05e24f7e,true,c98949ae-60a8-43dc-85d7-0feb0b92e719,257a305e-4dd3-41f1-9824-dfe7e8bd59e1,true,2016-04-01 00:00:00.000000,,,
f48e8ce7-b073-4bea-82eb-92fa33781288,cebd854f-f206-11e4-b46e-24be05e24f7e,true,0504ca3c-de41-48f3-b9c8-3aab534d69e5,b0df8938-0fb6-42ee-846f-a0c3593344d5,true,2016-02-27 00:00:00.000000,,,
696939ce-1104-4bc9-8e15-65e3322bb714,cdb934b0-f206-11e4-8810-24be05e24f7e,true,2323b76a-db98-4e03-aa37-e171cfbdd1a4,257a305e-4dd3-41f1-9824-dfe7e8bd59e1,true,2016-03-18 00:00:00.000000,,,
427218bd-363a-42a8-bcb5-025d70b80492,cd844200-f206-11e4-9393-24be05e24f7e,true,5728f612-3f20-4459-98bd-3478c79c4861,257a305e-4dd3-41f1-9824-dfe7e8bd59e1,true,2015-11-15 00:00:00.000000,,,
5b74af70-f98b-4b56-b0d2-6ee16a4a9555,c7805740-f206-11e4-982c-24be05e24f7e,true,0bcf2be1-3168-4e42-9fb5-3551d7dbce77,8d4a3dbc-ef7a-405e-862b-34093ff582fd,true,2015-12-03 00:00:00.000000,,,
4371e32e-4296-4256-a69b-00368dd5ee73,c7edbf0f-f206-11e4-aa52-24be05e24f7e,true,f72e0ef0-7c4a-4307-af78-8e38dac3fdba,1e473914-46e4-408d-af26-178fb115de76,true,2015-12-15 00:00:00.000000,,,
3f41011f-07ae-4a6c-8ed2-2c6893122b35,cc040aa1-f206-11e4-a3e0-24be05e24f7e,true,2323b76a-db98-4e03-aa37-e171cfbdd1a4,257a305e-4dd3-41f1-9824-dfe7e8bd59e1,true,2016-04-05 00:00:00.000000,,,
4c6ca435-eb73-4770-91b6-edddfcf0685e,cd844200-f206-11e4-9393-24be05e24f7e,true,892189e9-d712-4bdb-afa7-1ccab43fbed4,257a305e-4dd3-41f1-9824-dfe7e8bd59e1,true,2016-01-10 00:00:00.000000,,,
7a5dcab1-d97e-4bf4-8014-684c926ba762,c854e54f-f206-11e4-bddc-24be05e24f7e,true,b50c4dc2-6c86-4d79-aa8a-23a65da292c6,f6de5351-3797-41e9-8053-7fb111a3a1a0,true,2016-03-12 00:00:00.000000,,,
72fe4545-226a-48af-8832-0ee9398c378e,cb914b9e-f206-11e4-b447-24be05e24f7e,true,892189e9-d712-4bdb-afa7-1ccab43fbed4,257a305e-4dd3-41f1-9824-dfe7e8bd59e1,true,2016-01-13 00:00:00.000000,,,
5a986c68-6d18-4971-8037-eefe805042cf,cd844200-f206-11e4-9393-24be05e24f7e,true,c98949ae-60a8-43dc-85d7-0feb0b92e719,1571fdac-e0b4-4ebc-a73a-6e13001b71d3,true,2016-02-01 00:00:00.000000,,,
707a25cb-9a6b-46dd-8b9b-aff4d58509d1,c96ff240-f206-11e4-b581-24be05e24f7e,true,b617e24f-71aa-432b-a8a0-a9b417a3d47e,f6de5351-3797-41e9-8053-7fb111a3a1a0,true,2016-04-03 00:00:00.000000,,,
1ef50335-1228-4d9e-8f7e-43f448d658ab,cdee4e70-f206-11e4-87a2-24be05e24f7e,true,2323b76a-db98-4e03-aa37-e171cfbdd1a4,257a305e-4dd3-41f1-9824-dfe7e8bd59e1,true,2016-04-11 00:00:00.000000,,,
79461402-fb0e-4986-8496-e65f7cd202fd,cbcea2c0-f206-11e4-8c4a-24be05e24f7e,true,892189e9-d712-4bdb-afa7-1ccab43fbed4,257a305e-4dd3-41f1-9824-dfe7e8bd59e1,true,2016-02-20 00:00:00.000000,,,
38ffb5cb-e95b-477e-96bf-4647292ebabf,c7edbf0f-f206-11e4-aa52-24be05e24f7e,true,f72e0ef0-7c4a-4307-af78-8e38dac3fdba,1e473914-46e4-408d-af26-178fb115de76,true,2016-03-16 00:00:00.000000,,,
2861e9b2-5fae-4dcc-8e92-eca7f4f3d4b6,caacb800-f206-11e4-81ab-24be05e24f7e,true,892189e9-d712-4bdb-afa7-1ccab43fbed4,257a305e-4dd3-41f1-9824-dfe7e8bd59e1,true,2016-01-19 00:00:00.000000,,,317c8cc8-6d96-4a19-a444-3a1ac1eda2b7
3598935a-3c3f-436b-b28b-42b55af13a60,cdb934b0-f206-11e4-8810-24be05e24f7e,false,d0766624-dbd7-4536-ba39-2d890a6143a9,257a305e-4dd3-41f1-9824-dfe7e8bd59e1,true,2016-02-15 00:00:00.000000,,,ba82a684-1444-41d6-a1de-f0c2a3b531ac
cae4d483-4a55-43ea-8168-e5c502b4d895,c7edbf0f-f206-11e4-aa52-24be05e24f7e,true,f72e0ef0-7c4a-4307-af78-8e38dac3fdba,1e473914-46e4-408d-af26-178fb115de76,true,2016-02-19 00:00:00.000000,,,
3377ce18-2916-45a3-a7ca-bff730dc6223,cb914b9e-f206-11e4-b447-24be05e24f7e,true,2323b76a-db98-4e03-aa37-e171cfbdd1a4,257a305e-4dd3-41f1-9824-dfe7e8bd59e1,true,2016-04-17 00:00:00.000000,,,
8ee2edc9-90ed-44a7-929c-4af0ba25e64a,c7edbf0f-f206-11e4-aa52-24be05e24f7e,true,5728f612-3f20-4459-98bd-3478c79c4861,257a305e-4dd3-41f1-9824-dfe7e8bd59e1,true,2016-02-15 00:00:00.000000,,,5ede5dc2-4290-4b69-9fc3-bb8c63d45311
69d7ca59-8943-4538-af85-0e6dd65e1834,c7edbf0f-f206-11e4-aa52-24be05e24f7e,true,f72e0ef0-7c4a-4307-af78-8e38dac3fdba,1e473914-46e4-408d-af26-178fb115de76,true,2016-02-13 00:00:00.000000,,,0dcd74a0-769c-4601-bb94-0daa8b1ee60e
b8491577-7aad-43f1-b6fb-168bd2da0fad,c7edbf0f-f206-11e4-aa52-24be05e24f7e,true,f72e0ef0-7c4a-4307-af78-8e38dac3fdba,1e473914-46e4-408d-af26-178fb115de76,true,2016-02-14 00:00:00.000000,,,
ed283bdb-7ab9-4b74-9fb8-e8b9dd9294fe,c7edbf0f-f206-11e4-aa52-24be05e24f7e,true,f72e0ef0-7c4a-4307-af78-8e38dac3fdba,1e473914-46e4-408d-af26-178fb115de76,true,2016-03-07 00:00:00.000000,,,efc8e4f1-78b4-4e2d-afd7-971b4e14872a
d90e2761-b806-4bb6-84ec-a962c2addb56,cdb934b0-f206-11e4-8810-24be05e24f7e,true,f72e0ef0-7c4a-4307-af78-8e38dac3fdba,1e473914-46e4-408d-af26-178fb115de76,true,2016-01-31 00:00:00.000000,,,3f7243ad-3099-4ff9-9e05-157b1ca5c2b5
07372ac2-15dc-47e6-a26d-9c1846d908bb,c7edbf0f-f206-11e4-aa52-24be05e24f7e,true,f72e0ef0-7c4a-4307-af78-8e38dac3fdba,1e473914-46e4-408d-af26-178fb115de76,true,2016-02-13 00:00:00.000000,,,d591e5ba-a0db-4bfa-a376-2062667c8134
716fa482-50a5-4996-9671-83117c0dc7b6,c7edbf0f-f206-11e4-aa52-24be05e24f7e,true,f72e0ef0-7c4a-4307-af78-8e38dac3fdba,1e473914-46e4-408d-af26-178fb115de76,true,2016-02-13 00:00:00.000000,,,eb188986-031f-4003-ace5-c656281fbcfc
c47a3f56-d227-429f-8a08-ab1932aaf5d7,c7edbf0f-f206-11e4-aa52-24be05e24f7e,true,f72e0ef0-7c4a-4307-af78-8e38dac3fdba,1e473914-46e4-408d-af26-178fb115de76,true,2016-01-31 00:00:00.000000,,,
5c4e4b98-8901-46f9-862b-75f70cf85abe,cd844200-f206-11e4-9393-24be05e24f7e,,c98949ae-60a8-43dc-85d7-0feb0b92e719,257a305e-4dd3-41f1-9824-dfe7e8bd59e1,,2015-10-28 00:00:00.000000,,,
1afb89f2-e216-4fdb-91ed-c94d55e8b6fa,cebd854f-f206-11e4-b46e-24be05e24f7e,true,c98949ae-60a8-43dc-85d7-0feb0b92e719,257a305e-4dd3-41f1-9824-dfe7e8bd59e1,true,2016-01-17 00:00:00.000000,,,
ced34f1e-ac7f-416a-ab24-905ab7a49447,cb914b9e-f206-11e4-b447-24be05e24f7e,true,c98949ae-60a8-43dc-85d7-0feb0b92e719,257a305e-4dd3-41f1-9824-dfe7e8bd59e1,true,2016-01-27 00:00:00.000000,,,43e4d07a-5664-4813-9b95-1c0c6387cca5
df992b6d-a103-4d66-be28-d4df37b6ec0d,ca737f8f-f206-11e4-a7e2-24be05e24f7e,true,2323b76a-db98-4e03-aa37-e171cfbdd1a4,257a305e-4dd3-41f1-9824-dfe7e8bd59e1,true,2016-02-14 00:00:00.000000,,,
f9ac76b8-485c-4ecf-9d85-b2dcf73f5311,cc040aa1-f206-11e4-a3e0-24be05e24f7e,true,2323b76a-db98-4e03-aa37-e171cfbdd1a4,257a305e-4dd3-41f1-9824-dfe7e8bd59e1,true,2016-02-01 00:00:00.000000,,,41368be3-0481-4479-a022-5ec77d15b618
b1aa2a02-10f3-4f64-acae-892f2cbb3fc6,caacb800-f206-11e4-81ab-24be05e24f7e,true,f0c9ef9a-48bd-4b24-9db3-2c76b4e23450,257a305e-4dd3-41f1-9824-dfe7e8bd59e1,true,2016-03-05 00:00:00.000000,,,434d4cc7-cf9f-41d5-a9c1-bc0dd8780bd3
9a413e87-2d68-445e-9f7f-27fc1d84ec8d,cbcea2c0-f206-11e4-8c4a-24be05e24f7e,true,892189e9-d712-4bdb-afa7-1ccab43fbed4,257a305e-4dd3-41f1-9824-dfe7e8bd59e1,true,2016-02-11 00:00:00.000000,,,7108c409-6d1e-41d1-aca2-53b5218fbc3d
3ad6ed75-98eb-461b-8234-a81f27ba7d4f,cbcea2c0-f206-11e4-8c4a-24be05e24f7e,true,2323b76a-db98-4e03-aa37-e171cfbdd1a4,257a305e-4dd3-41f1-9824-dfe7e8bd59e1,true,2016-02-13 00:00:00.000000,,,7108c409-6d1e-41d1-aca2-53b5218fbc3d
47e142aa-33db-4fb1-8f1f-d5160ff133dd,c96ff240-f206-11e4-b581-24be05e24f7e,true,b50c4dc2-6c86-4d79-aa8a-23a65da292c6,f6de5351-3797-41e9-8053-7fb111a3a1a0,true,2016-03-04 00:00:00.000000,,,
03391d1a-f776-41b8-8fa9-5344bc7accf1,c96ff240-f206-11e4-b581-24be05e24f7e,true,b50c4dc2-6c86-4d79-aa8a-23a65da292c6,f6de5351-3797-41e9-8053-7fb111a3a1a0,true,2016-04-11 00:00:00.000000,,,
e8ff437c-6058-47a8-b145-c6e65121d181,caacb800-f206-11e4-81ab-24be05e24f7e,true,bc0f8ad6-31e6-4a18-87d9-ad5a2dbc8212,257a305e-4dd3-41f1-9824-dfe7e8bd59e1,true,2015-12-30 00:00:00.000000,,,6984fa62-66e5-4023-a798-0cc5ae1f8a21
27851ac5-1778-42b4-b8cb-d0dd639ad062,c854e54f-f206-11e4-bddc-24be05e24f7e,true,b50c4dc2-6c86-4d79-aa8a-23a65da292c6,f6de5351-3797-41e9-8053-7fb111a3a1a0,true,2016-01-03 00:00:00.000000,,,
babace32-e1c9-4494-b747-fab3249dd2fe,c74c9d0f-f206-11e4-8330-24be05e24f7e,true,892189e9-d712-4bdb-afa7-1ccab43fbed4,257a305e-4dd3-41f1-9824-dfe7e8bd59e1,true,2016-01-19 00:00:00.000000,,,
033de91f-47c6-44ae-ad26-cb3e3d83b207,cdb934b0-f206-11e4-8810-24be05e24f7e,true,c98949ae-60a8-43dc-85d7-0feb0b92e719,a2949322-dc84-45ab-8454-cf94fb28c189,true,2016-04-01 00:00:00.000000,,,
25dd88fe-7186-48fe-b323-3abccd4d876f,c89dae21-f206-11e4-a1c2-24be05e24f7e,true,0e39ead4-383b-4452-bbd4-babb7becd82e,42f97cca-2cb4-497a-a0fd-ceef1ba46bcc,true,2015-11-04 00:00:00.000000,,,
c656a260-d1f1-4c01-acb5-b353c3bc7162,cebd854f-f206-11e4-b46e-24be05e24f7e,true,7385b4a1-86bf-4aec-b9c2-411a6aa48633,257a305e-4dd3-41f1-9824-dfe7e8bd59e1,true,2016-03-12 00:00:00.000000,,,
86a95d10-8e6d-4405-97b8-d3219b45beba,ca737f8f-f206-11e4-a7e2-24be05e24f7e,true,892189e9-d712-4bdb-afa7-1ccab43fbed4,257a305e-4dd3-41f1-9824-dfe7e8bd59e1,true,2016-01-13 00:00:00.000000,,,
210c1630-a466-478e-9ae6-2e6cf75aab4b,cc74f4e1-f206-11e4-ad66-24be05e24f7e,true,c98949ae-60a8-43dc-85d7-0feb0b92e719,a2949322-dc84-45ab-8454-cf94fb28c189,true,2016-04-03 00:00:00.000000,,,
22d73fe6-43de-40ba-90f6-e6b0d68e8f92,c7edbf0f-f206-11e4-aa52-24be05e24f7e,true,f72e0ef0-7c4a-4307-af78-8e38dac3fdba,1e473914-46e4-408d-af26-178fb115de76,true,2016-03-16 00:00:00.000000,,,
fe199c2e-e473-4dc6-9b27-b4922dc92e7c,c7edbf0f-f206-11e4-aa52-24be05e24f7e,true,f72e0ef0-7c4a-4307-af78-8e38dac3fdba,1e473914-46e4-408d-af26-178fb115de76,true,2015-12-13 00:00:00.000000,,,
9dfb731f-30d8-4e55-84a2-4fc132c87c88,c8d69870-f206-11e4-b477-24be05e24f7e,true,b50c4dc2-6c86-4d79-aa8a-23a65da292c6,f6de5351-3797-41e9-8053-7fb111a3a1a0,true,2016-01-21 00:00:00.000000,,,
fbe3dad0-9205-454c-821f-f31aa26f102a,c93d708f-f206-11e4-a815-24be05e24f7e,true,0e39ead4-383b-4452-bbd4-babb7becd82e,42f97cca-2cb4-497a-a0fd-ceef1ba46bcc,true,2016-02-09 00:00:00.000000,,,
f02021ba-9d3b-4379-9dd4-1c2a366dd22e,c8d69870-f206-11e4-b477-24be05e24f7e,true,b50c4dc2-6c86-4d79-aa8a-23a65da292c6,f6de5351-3797-41e9-8053-7fb111a3a1a0,true,2016-02-20 00:00:00.000000,,,
6e9edfb5-633b-4760-b4ce-5a3cc772157f,5e130537-2275-40b5-9758-94b1986934ed,true,b50c4dc2-6c86-4d79-aa8a-23a65da292c6,f6de5351-3797-41e9-8053-7fb111a3a1a0,true,2016-04-27 00:00:00.000000,,,
75929575-36ba-44f9-9085-488cfb67b611,c7edbf0f-f206-11e4-aa52-24be05e24f7e,true,f72e0ef0-7c4a-4307-af78-8e38dac3fdba,1e473914-46e4-408d-af26-178fb115de76,true,2016-03-07 00:00:00.000000,,,55e5ee2e-88df-4657-b9ae-b6ec7ca64614
c01cbf74-25ef-4b9e-9dd5-94865ca1a0c7,cdee4e70-f206-11e4-87a2-24be05e24f7e,,f27a65eb-2d11-4965-aa9c-daa088fa5c9c,257a305e-4dd3-41f1-9824-dfe7e8bd59e1,,2015-11-05 00:00:00.000000,,,c23c24e5-37f1-4d70-af8a-44c61e67b70e
c7a41951-30ba-48bb-a055-26843b31558e,cd844200-f206-11e4-9393-24be05e24f7e,false,7b7e892c-d9b7-4b03-bef8-c6a071df28ef,257a305e-4dd3-41f1-9824-dfe7e8bd59e1,true,2015-11-28 00:00:00.000000,,,61e53e5e-f381-4a4a-b443-645113f6477d
b59d2ff1-d089-4e39-94d6-5dc87b4aac85,c7edbf0f-f206-11e4-aa52-24be05e24f7e,true,f72e0ef0-7c4a-4307-af78-8e38dac3fdba,1e473914-46e4-408d-af26-178fb115de76,true,2016-01-17 00:00:00.000000,,,b0fbb56f-c5ef-4eb4-bf43-d00d1618f34d
6463f6ec-c4c5-489a-bc58-88421c48c750,cdb934b0-f206-11e4-8810-24be05e24f7e,true,892189e9-d712-4bdb-afa7-1ccab43fbed4,257a305e-4dd3-41f1-9824-dfe7e8bd59e1,true,2016-02-20 00:00:00.000000,,,5a14bd63-e37a-4f3f-a0ad-5f98cf13ec42
ddbd439d-b609-4b32-a717-334b04e5577d,c7805740-f206-11e4-982c-24be05e24f7e,true,0bcf2be1-3168-4e42-9fb5-3551d7dbce77,8d4a3dbc-ef7a-405e-862b-34093ff582fd,true,2015-12-02 00:00:00.000000,,,978a95e9-4631-4a82-83d9-debeef91a738
32f9e254-ee8f-4297-b757-4a26975cdb59,cdb934b0-f206-11e4-8810-24be05e24f7e,true,f72e0ef0-7c4a-4307-af78-8e38dac3fdba,1e473914-46e4-408d-af26-178fb115de76,true,2016-02-13 00:00:00.000000,,,3f7243ad-3099-4ff9-9e05-157b1ca5c2b5
48fac8f2-ae9d-42f8-a849-9fe5b73c64fc,cc040aa1-f206-11e4-a3e0-24be05e24f7e,true,2323b76a-db98-4e03-aa37-e171cfbdd1a4,257a305e-4dd3-41f1-9824-dfe7e8bd59e1,true,2016-05-06 00:00:00.000000,,,103af72f-046c-45e1-97ac-cc476c9f45f6
8a1e5591-620d-4de6-8bba-3d940e0e9943,cdb934b0-f206-11e4-8810-24be05e24f7e,true,5728f612-3f20-4459-98bd-3478c79c4861,257a305e-4dd3-41f1-9824-dfe7e8bd59e1,true,2015-11-15 00:00:00.000000,,,125cab0f-b6f7-4696-93aa-32369a9851b5
ff9d8bad-0469-4fd2-8d2c-355c6ea83756,c74c9d0f-f206-11e4-8330-24be05e24f7e,true,780cc101-005c-4fca-8ce7-6f36d7156ffe,b45854a7-e6e1-4a9c-9104-139934511779,true,2016-01-09 00:00:00.000000,,,82351f1c-7360-40dd-972a-53423a0bca1e
2873d824-b573-4ffe-a087-90d01fd3fc9b,cb914b9e-f206-11e4-b447-24be05e24f7e,true,2323b76a-db98-4e03-aa37-e171cfbdd1a4,257a305e-4dd3-41f1-9824-dfe7e8bd59e1,true,2016-04-11 00:00:00.000000,,,
7f6c75b1-9efe-4de4-80c0-35429e4a5fc6,cdee4e70-f206-11e4-87a2-24be05e24f7e,false,7b7e892c-d9b7-4b03-bef8-c6a071df28ef,257a305e-4dd3-41f1-9824-dfe7e8bd59e1,true,2015-12-12 00:00:00.000000,,,ec0a3ede-881c-41fe-be50-d972a72c3446
49c2b964-8a1c-4093-a827-940cf9b1c379,c7edbf0f-f206-11e4-aa52-24be05e24f7e,true,f72e0ef0-7c4a-4307-af78-8e38dac3fdba,1e473914-46e4-408d-af26-178fb115de76,true,2016-03-28 00:00:00.000000,,,55e5ee2e-88df-4657-b9ae-b6ec7ca64614
f6413acd-ce15-4ff3-b25b-2d7156642768,c7edbf0f-f206-11e4-aa52-24be05e24f7e,true,f72e0ef0-7c4a-4307-af78-8e38dac3fdba,1e473914-46e4-408d-af26-178fb115de76,true,2015-12-15 00:00:00.000000,,,3083ada3-1de7-46c7-8f28-bf9a3bcc2f40
7fd6fdb2-3525-4441-9528-169595e14643,cdee4e70-f206-11e4-87a2-24be05e24f7e,true,892189e9-d712-4bdb-afa7-1ccab43fbed4,257a305e-4dd3-41f1-9824-dfe7e8bd59e1,true,2016-01-17 00:00:00.000000,,,72742a4c-eea9-41b7-b418-a23f3af2e416
dfb29508-7e3e-49f8-9856-fb25433ccb2e,ce1dc2de-f206-11e4-a646-24be05e24f7e,true,5728f612-3f20-4459-98bd-3478c79c4861,257a305e-4dd3-41f1-9824-dfe7e8bd59e1,true,2015-11-15 00:00:00.000000,,,d9abec6a-4d36-4ecc-97da-6e5f7a4adb98
69e40663-cb57-4fce-8258-e371a46a39e8,c7edbf0f-f206-11e4-aa52-24be05e24f7e,true,f72e0ef0-7c4a-4307-af78-8e38dac3fdba,1e473914-46e4-408d-af26-178fb115de76,true,2016-04-30 00:00:00.000000,,,595ef619-c686-444e-b73a-665a9d33af45
0eaa99a2-1e9e-4539-89f9-9a705228aaa6,c93d708f-f206-11e4-a815-24be05e24f7e,true,0e39ead4-383b-4452-bbd4-babb7becd82e,42f97cca-2cb4-497a-a0fd-ceef1ba46bcc,true,2016-05-17 00:00:00.000000,,,
2479162b-139e-40e1-9cb1-06c569ae345c,c7805740-f206-11e4-982c-24be05e24f7e,true,355dc154-9809-4edb-8ed4-fff910c6ae9c,dda182c5-4b50-4a0f-86f3-fcb5e0db4df3,true,2016-02-27 00:00:00.000000,,,
4b08aebc-4b12-401f-a8da-6511e503d18f,c74c9d0f-f206-11e4-8330-24be05e24f7e,true,2323b76a-db98-4e03-aa37-e171cfbdd1a4,257a305e-4dd3-41f1-9824-dfe7e8bd59e1,true,2016-03-18 00:00:00.000000,,,
58fce7a3-4ee7-4c5c-89f7-a56c379c4f89,cbcea2c0-f206-11e4-8c4a-24be05e24f7e,true,2323b76a-db98-4e03-aa37-e171cfbdd1a4,257a305e-4dd3-41f1-9824-dfe7e8bd59e1,true,2016-04-05 00:00:00.000000,,,
d3c0871c-cfce-43d4-96c0-e60d4be5ae8b,cd844200-f206-11e4-9393-24be05e24f7e,true,2323b76a-db98-4e03-aa37-e171cfbdd1a4,257a305e-4dd3-41f1-9824-dfe7e8bd59e1,true,2016-04-11 00:00:00.000000,,,
0d5d2b29-236c-4ba7-b2e1-30a28338f94b,c93d708f-f206-11e4-a815-24be05e24f7e,true,0e39ead4-383b-4452-bbd4-babb7becd82e,42f97cca-2cb4-497a-a0fd-ceef1ba46bcc,true,2016-03-03 00:00:00.000000,,,
8ba2cc7e-369e-4c67-8d2d-8172b462b04d,c8d69870-f206-11e4-b477-24be05e24f7e,false,14bdff11-2742-486b-b26a-4255b137752f,dfd51ee3-9060-46c3-b131-08d946c4c7b9,true,2016-04-16 00:00:00.000000,,,
c718d264-d9bd-4704-b587-8cd14ca0f5d0,c7edbf0f-f206-11e4-aa52-24be05e24f7e,true,f72e0ef0-7c4a-4307-af78-8e38dac3fdba,1e473914-46e4-408d-af26-178fb115de76,true,2016-04-30 00:00:00.000000,,,
70ad489e-cf79-48d3-82b6-2cec23d207b8,cae999f0-f206-11e4-9835-24be05e24f7e,true,0e39ead4-383b-4452-bbd4-babb7becd82e,42f97cca-2cb4-497a-a0fd-ceef1ba46bcc,true,2015-11-04 00:00:00.000000,,,
9149ccc2-b716-42c7-9d31-2ce3f47f9238,c7edbf0f-f206-11e4-aa52-24be05e24f7e,true,f72e0ef0-7c4a-4307-af78-8e38dac3fdba,1e473914-46e4-408d-af26-178fb115de76,true,2015-12-15 00:00:00.000000,,,
9675ea7c-6a01-4266-88e0-48d2428507c4,c7b7baf0-f206-11e4-ae9a-24be05e24f7e,true,bc0f8ad6-31e6-4a18-87d9-ad5a2dbc8212,257a305e-4dd3-41f1-9824-dfe7e8bd59e1,true,2015-12-30 00:00:00.000000,,,
5cbd98c3-d496-46b3-afe6-6bd3892ee5cc,cb914b9e-f206-11e4-b447-24be05e24f7e,true,7385b4a1-86bf-4aec-b9c2-411a6aa48633,257a305e-4dd3-41f1-9824-dfe7e8bd59e1,true,2016-03-12 00:00:00.000000,,,
4c30b608-36cb-467e-9128-76ca2e009607,caacb800-f206-11e4-81ab-24be05e24f7e,true,892189e9-d712-4bdb-afa7-1ccab43fbed4,257a305e-4dd3-41f1-9824-dfe7e8bd59e1,true,2016-01-13 00:00:00.000000,,,
b1b02eae-d46a-4223-a718-72b47c84055f,cbcea2c0-f206-11e4-8c4a-24be05e24f7e,true,892189e9-d712-4bdb-afa7-1ccab43fbed4,257a305e-4dd3-41f1-9824-dfe7e8bd59e1,true,2016-02-20 00:00:00.000000,,,
be4b92e4-27bf-4eaf-85ed-902efa1ad715,c7edbf0f-f206-11e4-aa52-24be05e24f7e,true,f72e0ef0-7c4a-4307-af78-8e38dac3fdba,1e473914-46e4-408d-af26-178fb115de76,true,2016-03-16 00:00:00.000000,,,
873b1320-8934-4a7c-bbc1-96e34facac70,c7edbf0f-f206-11e4-aa52-24be05e24f7e,true,f72e0ef0-7c4a-4307-af78-8e38dac3fdba,1e473914-46e4-408d-af26-178fb115de76,true,2015-12-13 00:00:00.000000,,,
3c430559-e78a-4ea1-a841-9299ba5853d6,c96ff240-f206-11e4-b581-24be05e24f7e,true,b50c4dc2-6c86-4d79-aa8a-23a65da292c6,f6de5351-3797-41e9-8053-7fb111a3a1a0,true,2016-01-21 00:00:00.000000,,,
9b591aa5-03ef-48e9-b96c-7d3ffb428c73,c822b1c0-f206-11e4-9755-24be05e24f7e,true,0e39ead4-383b-4452-bbd4-babb7becd82e,42f97cca-2cb4-497a-a0fd-ceef1ba46bcc,true,2016-02-09 00:00:00.000000,,,
d537b611-0c30-466e-9ad8-6e7a4d0a1c42,c854e54f-f206-11e4-bddc-24be05e24f7e,true,b50c4dc2-6c86-4d79-aa8a-23a65da292c6,f6de5351-3797-41e9-8053-7fb111a3a1a0,true,2016-02-20 00:00:00.000000,,,
38f6b7a9-148b-490b-a835-2a0fa1498b3c,c854e54f-f206-11e4-bddc-24be05e24f7e,true,b50c4dc2-6c86-4d79-aa8a-23a65da292c6,f6de5351-3797-41e9-8053-7fb111a3a1a0,true,2016-04-27 00:00:00.000000,,,
0236fb3a-f855-445e-bc31-d6f44bdbaacc,cebd854f-f206-11e4-b46e-24be05e24f7e,,f27a65eb-2d11-4965-aa9c-daa088fa5c9c,257a305e-4dd3-41f1-9824-dfe7e8bd59e1,,2015-12-06 00:00:00.000000,,,afd2d3ec-3bd7-4ddd-bf0e-b9687573f1f2
a74487c1-bc50-4e12-ab2c-8c104db03238,cc040aa1-f206-11e4-a3e0-24be05e24f7e,false,7b7e892c-d9b7-4b03-bef8-c6a071df28ef,257a305e-4dd3-41f1-9824-dfe7e8bd59e1,true,2015-12-12 00:00:00.000000,,,e208a19a-6c99-4949-bb44-c29dc2fa6cf9
58f81076-2dfd-44a8-8ab6-d7bdeae605b9,c7edbf0f-f206-11e4-aa52-24be05e24f7e,true,f72e0ef0-7c4a-4307-af78-8e38dac3fdba,1e473914-46e4-408d-af26-178fb115de76,true,2016-01-17 00:00:00.000000,,,
579f0983-f049-4f79-8091-f15d8ad76a1b,c7edbf0f-f206-11e4-aa52-24be05e24f7e,true,f72e0ef0-7c4a-4307-af78-8e38dac3fdba,1e473914-46e4-408d-af26-178fb115de76,true,2016-01-17 00:00:00.000000,,,9b1c13eb-5ca8-4695-b0da-3fe4859972b1
bb12b90d-9816-4b4b-bf48-03b0404f51d5,c74c9d0f-f206-11e4-8330-24be05e24f7e,true,780cc101-005c-4fca-8ce7-6f36d7156ffe,8d4a3dbc-ef7a-405e-862b-34093ff582fd,true,2016-01-25 00:00:00.000000,,,66091fba-87a1-449e-89f7-937dc2e178bb
4e738a1c-8b1e-44e8-b12f-3e8ebb45b48a,cd844200-f206-11e4-9393-24be05e24f7e,true,892189e9-d712-4bdb-afa7-1ccab43fbed4,257a305e-4dd3-41f1-9824-dfe7e8bd59e1,true,2016-01-10 00:00:00.000000,,,45b4c361-01e9-4a2e-b308-c39ee7094bcc
20a888ae-15a0-4cb5-bf81-c27abb2f2e97,ce1dc2de-f206-11e4-a646-24be05e24f7e,true,5728f612-3f20-4459-98bd-3478c79c4861,257a305e-4dd3-41f1-9824-dfe7e8bd59e1,true,2015-11-15 00:00:00.000000,,,d9abec6a-4d36-4ecc-97da-6e5f7a4adb98
5238a768-c411-4d4d-9542-8bae75723674,c7edbf0f-f206-11e4-aa52-24be05e24f7e,true,f72e0ef0-7c4a-4307-af78-8e38dac3fdba,1e473914-46e4-408d-af26-178fb115de76,true,2016-03-07 00:00:00.000000,,,df2c9e80-a892-43be-b802-3cc926107cbe
58a562d6-681c-4d15-bf61-c38b9c04f83b,cc040aa1-f206-11e4-a3e0-24be05e24f7e,true,c98949ae-60a8-43dc-85d7-0feb0b92e719,b0df8938-0fb6-42ee-846f-a0c3593344d5,true,2016-04-01 00:00:00.000000,,,1f6291cc-8795-4a8c-8c7c-9fb20ea69673
cca1bb8f-e081-4aa9-a824-2fb0f8e1a01a,c7edbf0f-f206-11e4-aa52-24be05e24f7e,true,f72e0ef0-7c4a-4307-af78-8e38dac3fdba,1e473914-46e4-408d-af26-178fb115de76,true,2016-02-13 00:00:00.000000,,,49c88474-dab1-4445-8d32-e03f0a23d5d2
9da78881-ebe8-4aa1-8f3a-f71670bb3691,cb914b9e-f206-11e4-b447-24be05e24f7e,,5728f612-3f20-4459-98bd-3478c79c4861,257a305e-4dd3-41f1-9824-dfe7e8bd59e1,,2016-01-03 00:00:00.000000,,,5569038a-0665-4c5b-9a0a-9dcf4eb3b4e1
3a8632d5-eff9-44ed-ad60-fbbd1dd06518,c7edbf0f-f206-11e4-aa52-24be05e24f7e,true,f72e0ef0-7c4a-4307-af78-8e38dac3fdba,1e473914-46e4-408d-af26-178fb115de76,true,2016-01-03 00:00:00.000000,,,ec3eef73-13e3-4d4b-a922-cc195109a842
c7caeb42-815a-4e80-af1d-823de74d8c4c,cc040aa1-f206-11e4-a3e0-24be05e24f7e,true,892189e9-d712-4bdb-afa7-1ccab43fbed4,257a305e-4dd3-41f1-9824-dfe7e8bd59e1,true,2016-01-19 00:00:00.000000,,,2cce7120-8846-40a6-bf0b-3f5708288f5c
93f05b1a-2694-4dfb-bae7-22869951edf2,cdb934b0-f206-11e4-8810-24be05e24f7e,true,f72e0ef0-7c4a-4307-af78-8e38dac3fdba,1e473914-46e4-408d-af26-178fb115de76,true,2016-04-09 00:00:00.000000,,,3162d432-1f31-482f-86e7-f80d07a22daa
12577492-7646-4578-8e96-8e57500b92d7,c7edbf0f-f206-11e4-aa52-24be05e24f7e,,f72e0ef0-7c4a-4307-af78-8e38dac3fdba,1e473914-46e4-408d-af26-178fb115de76,,2016-02-04 00:00:00.000000,,,eb188986-031f-4003-ace5-c656281fbcfc
fa4bca53-53ce-44d8-ba51-04187af52ace,c7805740-f206-11e4-982c-24be05e24f7e,true,0bcf2be1-3168-4e42-9fb5-3551d7dbce77,b45854a7-e6e1-4a9c-9104-139934511779,true,2015-12-02 00:00:00.000000,,,a72c6f2e-9972-4a21-882e-775c92059f23
1de065ee-dc20-4e64-a108-499b86a3fb2d,c7edbf0f-f206-11e4-aa52-24be05e24f7e,true,f72e0ef0-7c4a-4307-af78-8e38dac3fdba,1e473914-46e4-408d-af26-178fb115de76,true,2016-02-12 00:00:00.000000,,,7248ebbd-cd40-4563-863f-053004074973
1780e1d1-eeac-4517-9f3a-cd59311e9104,cdee4e70-f206-11e4-87a2-24be05e24f7e,true,819eb188-1a1c-48b4-9af3-283d2447ff6f,257a305e-4dd3-41f1-9824-dfe7e8bd59e1,true,2015-11-07 00:00:00.000000,,,a4482e20-1a7e-4c74-8d10-bd93d8db30e9
ceeeefd4-ce81-49e9-a86c-40e387522cca,cebd854f-f206-11e4-b46e-24be05e24f7e,,2323b76a-db98-4e03-aa37-e171cfbdd1a4,257a305e-4dd3-41f1-9824-dfe7e8bd59e1,,2015-12-26 00:00:00.000000,,,169e9792-d622-4a66-a709-895b4497de0a
874764e9-630b-4f47-98b3-41141bf4f289,ce89a40f-f206-11e4-b83f-24be05e24f7e,true,2323b76a-db98-4e03-aa37-e171cfbdd1a4,257a305e-4dd3-41f1-9824-dfe7e8bd59e1,true,2016-05-06 00:00:00.000000,,,f2935c9a-14eb-4692-b8db-a24cd5c49076
2e3127db-e663-47c7-9da4-e19ed0273c69,cae999f0-f206-11e4-9835-24be05e24f7e,true,0e39ead4-383b-4452-bbd4-babb7becd82e,42f97cca-2cb4-497a-a0fd-ceef1ba46bcc,true,2016-05-17 00:00:00.000000,,,
e01de862-9641-4332-9747-2be22bc65f51,c7805740-f206-11e4-982c-24be05e24f7e,true,355dc154-9809-4edb-8ed4-fff910c6ae9c,dda182c5-4b50-4a0f-86f3-fcb5e0db4df3,true,2016-02-27 00:00:00.000000,,,
cf1324dd-22ab-4297-9bac-6841a251273c,cebd854f-f206-11e4-b46e-24be05e24f7e,true,2323b76a-db98-4e03-aa37-e171cfbdd1a4,257a305e-4dd3-41f1-9824-dfe7e8bd59e1,true,2016-03-18 00:00:00.000000,,,
1e979dc5-f7f9-4a65-89e6-fe5f65ba8e72,c854e54f-f206-11e4-bddc-24be05e24f7e,true,b50c4dc2-6c86-4d79-aa8a-23a65da292c6,f6de5351-3797-41e9-8053-7fb111a3a1a0,true,2016-03-05 00:00:00.000000,,,
939caf7e-54cc-450f-bca6-f8009de41779,c8d69870-f206-11e4-b477-24be05e24f7e,false,14bdff11-2742-486b-b26a-4255b137752f,dfd51ee3-9060-46c3-b131-08d946c4c7b9,true,2016-04-16 00:00:00.000000,,,
90bfd0d6-68fd-492b-b0c2-f41820fc7d36,ca737f8f-f206-11e4-a7e2-24be05e24f7e,true,2323b76a-db98-4e03-aa37-e171cfbdd1a4,257a305e-4dd3-41f1-9824-dfe7e8bd59e1,true,2016-01-11 00:00:00.000000,,,54075ce5-3277-4cc5-b3b5-022b4031b3fe
575c3cd8-c718-4210-b3a7-92c24a41e4a0,cebd854f-f206-11e4-b46e-24be05e24f7e,true,c98949ae-60a8-43dc-85d7-0feb0b92e719,a2949322-dc84-45ab-8454-cf94fb28c189,true,2016-04-01 00:00:00.000000,,,
a0187aac-38f6-4559-8977-b4d24af34aba,cae999f0-f206-11e4-9835-24be05e24f7e,true,0e39ead4-383b-4452-bbd4-babb7becd82e,42f97cca-2cb4-497a-a0fd-ceef1ba46bcc,true,2015-11-04 00:00:00.000000,,,
1a151b1e-c5b1-4e2e-99ab-76e059e072e4,ce1dc2de-f206-11e4-a646-24be05e24f7e,true,5728f612-3f20-4459-98bd-3478c79c4861,257a305e-4dd3-41f1-9824-dfe7e8bd59e1,true,2015-11-15 00:00:00.000000,,,
ae7b4d24-45cc-4313-bcd2-d044f1f5ee83,c7805740-f206-11e4-982c-24be05e24f7e,true,355dc154-9809-4edb-8ed4-fff910c6ae9c,dda182c5-4b50-4a0f-86f3-fcb5e0db4df3,true,2016-02-27 00:00:00.000000,,,
5212d7fd-30dd-43bc-bbc6-44a09fbfdfa8,ca737f8f-f206-11e4-a7e2-24be05e24f7e,true,2323b76a-db98-4e03-aa37-e171cfbdd1a4,257a305e-4dd3-41f1-9824-dfe7e8bd59e1,true,2016-03-18 00:00:00.000000,,,
c3abdd85-e42b-4ddb-86c7-ebdf5b0b42a4,ce1dc2de-f206-11e4-a646-24be05e24f7e,true,2323b76a-db98-4e03-aa37-e171cfbdd1a4,257a305e-4dd3-41f1-9824-dfe7e8bd59e1,true,2016-04-05 00:00:00.000000,,,
e18337db-fbe1-4dc8-b4e2-996dcec89b58,c7edbf0f-f206-11e4-aa52-24be05e24f7e,true,f72e0ef0-7c4a-4307-af78-8e38dac3fdba,1e473914-46e4-408d-af26-178fb115de76,true,2016-02-04 00:00:00.000000,,,
0349eee7-fc03-40ca-97bd-8cc306cccffb,cdee4e70-f206-11e4-87a2-24be05e24f7e,true,2323b76a-db98-4e03-aa37-e171cfbdd1a4,257a305e-4dd3-41f1-9824-dfe7e8bd59e1,true,2016-02-01 00:00:00.000000,,,
22081ed1-06c8-4f82-b748-2162482a84dc,cbcea2c0-f206-11e4-8c4a-24be05e24f7e,true,2323b76a-db98-4e03-aa37-e171cfbdd1a4,257a305e-4dd3-41f1-9824-dfe7e8bd59e1,true,2016-04-11 00:00:00.000000,,,
e39bc52d-0c7c-422b-ad0c-7e2076c26103,cdb934b0-f206-11e4-8810-24be05e24f7e,false,7b7e892c-d9b7-4b03-bef8-c6a071df28ef,257a305e-4dd3-41f1-9824-dfe7e8bd59e1,true,2015-11-26 00:00:00.000000,,,
95084a3b-798a-4634-8bf3-ee9b1e0a8801,cdb934b0-f206-11e4-8810-24be05e24f7e,true,892189e9-d712-4bdb-afa7-1ccab43fbed4,257a305e-4dd3-41f1-9824-dfe7e8bd59e1,true,2016-01-13 00:00:00.000000,,,
8a8f5889-702d-43d1-9862-d60795cee10f,cebd854f-f206-11e4-b46e-24be05e24f7e,true,2323b76a-db98-4e03-aa37-e171cfbdd1a4,257a305e-4dd3-41f1-9824-dfe7e8bd59e1,true,2016-04-03 00:00:00.000000,,,
d36524b6-0409-471d-8cae-0f9193e35191,cbcea2c0-f206-11e4-8c4a-24be05e24f7e,true,2323b76a-db98-4e03-aa37-e171cfbdd1a4,257a305e-4dd3-41f1-9824-dfe7e8bd59e1,true,2016-04-17 00:00:00.000000,,,
7e118cc2-fb42-4be0-958d-114da49f0202,c7edbf0f-f206-11e4-aa52-24be05e24f7e,true,f72e0ef0-7c4a-4307-af78-8e38dac3fdba,1e473914-46e4-408d-af26-178fb115de76,true,2016-03-16 00:00:00.000000,,,
fbd34b61-6908-4c9b-9548-62e7926f49a8,c7edbf0f-f206-11e4-aa52-24be05e24f7e,true,f72e0ef0-7c4a-4307-af78-8e38dac3fdba,1e473914-46e4-408d-af26-178fb115de76,true,2016-05-17 00:00:00.000000,,,
bce83461-17e8-4e81-9cda-6da9dd3dcbe1,ce1dc2de-f206-11e4-a646-24be05e24f7e,true,2323b76a-db98-4e03-aa37-e171cfbdd1a4,257a305e-4dd3-41f1-9824-dfe7e8bd59e1,true,2016-02-05 00:00:00.000000,,,
64f1a771-0cc0-4e5c-bcbd-90a17c496832,cb914b9e-f206-11e4-b447-24be05e24f7e,true,2323b76a-db98-4e03-aa37-e171cfbdd1a4,257a305e-4dd3-41f1-9824-dfe7e8bd59e1,true,2016-01-11 00:00:00.000000,,,19d7118f-b758-454c-9bc8-90426641f6f1
2bf337b8-65b1-4f88-8d75-fb10207c8b43,c74c9d0f-f206-11e4-8330-24be05e24f7e,true,892189e9-d712-4bdb-afa7-1ccab43fbed4,257a305e-4dd3-41f1-9824-dfe7e8bd59e1,true,2016-02-20 00:00:00.000000,,,aa934164-0d9a-4432-9ed7-1e47a268a163
928cbeb3-36e5-44d7-a35e-26e041e59ec5,c74c9d0f-f206-11e4-8330-24be05e24f7e,true,2323b76a-db98-4e03-aa37-e171cfbdd1a4,257a305e-4dd3-41f1-9824-dfe7e8bd59e1,true,2016-02-01 00:00:00.000000,,,
ebe4bf52-2bd2-4b72-9ae2-9c3800146d70,c7edbf0f-f206-11e4-aa52-24be05e24f7e,true,5728f612-3f20-4459-98bd-3478c79c4861,257a305e-4dd3-41f1-9824-dfe7e8bd59e1,true,2016-02-13 00:00:00.000000,,,
6110ea74-b5c6-46a5-95d3-e175f28a7d15,c7edbf0f-f206-11e4-aa52-24be05e24f7e,true,f72e0ef0-7c4a-4307-af78-8e38dac3fdba,1e473914-46e4-408d-af26-178fb115de76,true,2016-01-17 00:00:00.000000,,,cda95cfb-8ffd-4b83-98f3-4b082c07df3a
b67c9695-95c4-4afd-99ff-117f43991cfe,cc040aa1-f206-11e4-a3e0-24be05e24f7e,false,d0766624-dbd7-4536-ba39-2d890a6143a9,257a305e-4dd3-41f1-9824-dfe7e8bd59e1,true,2016-02-01 00:00:00.000000,,,9b3e0dc9-cebc-4db5-8e0b-a72dec72082a
27fb4373-abc3-492e-8424-58f31997a179,c7edbf0f-f206-11e4-aa52-24be05e24f7e,true,f72e0ef0-7c4a-4307-af78-8e38dac3fdba,1e473914-46e4-408d-af26-178fb115de76,true,2016-01-31 00:00:00.000000,,,
564d98c0-ec5d-4a2f-85c4-e709d9715192,ca737f8f-f206-11e4-a7e2-24be05e24f7e,true,892189e9-d712-4bdb-afa7-1ccab43fbed4,257a305e-4dd3-41f1-9824-dfe7e8bd59e1,true,2016-05-06 00:00:00.000000,,,36e72ef4-0c07-44c9-9abc-6a43a26e197d
f189d06e-ce35-4c3a-b6d6-48ed4d0335dd,c7edbf0f-f206-11e4-aa52-24be05e24f7e,true,f72e0ef0-7c4a-4307-af78-8e38dac3fdba,1e473914-46e4-408d-af26-178fb115de76,true,2016-04-28 00:00:00.000000,,,5030940f-39bc-413d-b90b-c781d0372fc3
5a61487b-4aad-475b-a268-59dbc580c4ba,cdb934b0-f206-11e4-8810-24be05e24f7e,true,f72e0ef0-7c4a-4307-af78-8e38dac3fdba,1e473914-46e4-408d-af26-178fb115de76,true,2016-02-04 00:00:00.000000,,,3f7243ad-3099-4ff9-9e05-157b1ca5c2b5
fb1fffb8-f83f-4215-863b-b4031ab0749d,c7edbf0f-f206-11e4-aa52-24be05e24f7e,true,f72e0ef0-7c4a-4307-af78-8e38dac3fdba,1e473914-46e4-408d-af26-178fb115de76,true,2016-01-03 00:00:00.000000,,,a413c632-2fad-4c4f-a2ec-9a07b8ba3e33
363034d2-77b8-4f23-b14e-83b6e79fc699,c7805740-f206-11e4-982c-24be05e24f7e,true,355dc154-9809-4edb-8ed4-fff910c6ae9c,dda182c5-4b50-4a0f-86f3-fcb5e0db4df3,true,2016-03-07 00:00:00.000000,,,b7ddf39c-f6e6-4c77-8037-faad1e462880
aea00576-ebcb-4ce8-b986-21ad77d0cecf,caacb800-f206-11e4-81ab-24be05e24f7e,true,2323b76a-db98-4e03-aa37-e171cfbdd1a4,257a305e-4dd3-41f1-9824-dfe7e8bd59e1,true,2016-02-15 00:00:00.000000,,,10890640-bd5a-4b44-b052-5cf706acdce1
a0f882dc-3022-435b-8168-3ac583eb9d68,c7edbf0f-f206-11e4-aa52-24be05e24f7e,true,5728f612-3f20-4459-98bd-3478c79c4861,257a305e-4dd3-41f1-9824-dfe7e8bd59e1,true,2016-02-13 00:00:00.000000,,,4c8411ab-9653-45c8-a076-00d81ba9e2a1
2652bcd6-29e4-4654-be12-77e1e7fd2056,cc74f4e1-f206-11e4-ad66-24be05e24f7e,true,c98949ae-60a8-43dc-85d7-0feb0b92e719,a2949322-dc84-45ab-8454-cf94fb28c189,true,2016-03-12 00:00:00.000000,,,54e0eda8-c71a-47dc-bfab-912d0e75161b
05b775ab-ed99-4cbc-b1c0-0fd8a56b5f9e,c7edbf0f-f206-11e4-aa52-24be05e24f7e,true,f72e0ef0-7c4a-4307-af78-8e38dac3fdba,1e473914-46e4-408d-af26-178fb115de76,true,2016-02-19 00:00:00.000000,,,a84efc91-4b29-467d-8aff-ddf6fce28215
a7464f7b-2431-446a-b334-260a6c0dc498,c7edbf0f-f206-11e4-aa52-24be05e24f7e,true,f72e0ef0-7c4a-4307-af78-8e38dac3fdba,1e473914-46e4-408d-af26-178fb115de76,true,2015-12-15 00:00:00.000000,,,344d090c-db17-4f87-885f-c9652ff6feec
04765d6c-cf49-4941-a99a-e6cd2019296f,cdb934b0-f206-11e4-8810-24be05e24f7e,true,f72e0ef0-7c4a-4307-af78-8e38dac3fdba,1e473914-46e4-408d-af26-178fb115de76,true,2016-01-31 00:00:00.000000,,,3f7243ad-3099-4ff9-9e05-157b1ca5c2b5
b1809e02-980d-49f8-9d4d-0a9c875bb264,c8d69870-f206-11e4-b477-24be05e24f7e,false,14bdff11-2742-486b-b26a-4255b137752f,dfd51ee3-9060-46c3-b131-08d946c4c7b9,true,2016-04-16 00:00:00.000000,,,
2b1d4033-0c61-48dc-b9b3-c4cf00c553a2,c7edbf0f-f206-11e4-aa52-24be05e24f7e,true,f72e0ef0-7c4a-4307-af78-8e38dac3fdba,1e473914-46e4-408d-af26-178fb115de76,true,2016-01-03 00:00:00.000000,,,
c03bc07b-7c3b-40eb-ac69-1b180a9f3be0,ca737f8f-f206-11e4-a7e2-24be05e24f7e,true,892189e9-d712-4bdb-afa7-1ccab43fbed4,257a305e-4dd3-41f1-9824-dfe7e8bd59e1,true,2016-01-19 00:00:00.000000,,,
53203eeb-adbf-48e7-8b2e-ee18897ca05e,c7805740-f206-11e4-982c-24be05e24f7e,true,355dc154-9809-4edb-8ed4-fff910c6ae9c,dda182c5-4b50-4a0f-86f3-fcb5e0db4df3,true,2016-02-27 00:00:00.000000,,,
f65f35c7-dafa-4f03-86dc-946f28e00875,c89dae21-f206-11e4-a1c2-24be05e24f7e,true,0e39ead4-383b-4452-bbd4-babb7becd82e,42f97cca-2cb4-497a-a0fd-ceef1ba46bcc,true,2015-11-04 00:00:00.000000,,,
cf3fec83-bdee-444a-88c3-4254a80f04b0,cb914b9e-f206-11e4-b447-24be05e24f7e,true,2323b76a-db98-4e03-aa37-e171cfbdd1a4,257a305e-4dd3-41f1-9824-dfe7e8bd59e1,true,2016-03-18 00:00:00.000000,,,
76cd6966-13e2-4371-95f6-cf3f7699b489,c74c9d0f-f206-11e4-8330-24be05e24f7e,true,2323b76a-db98-4e03-aa37-e171cfbdd1a4,257a305e-4dd3-41f1-9824-dfe7e8bd59e1,true,2016-02-18 00:00:00.000000,,,
46840577-8522-4a5b-82c5-a9cbbf438688,cb914b9e-f206-11e4-b447-24be05e24f7e,true,5728f612-3f20-4459-98bd-3478c79c4861,257a305e-4dd3-41f1-9824-dfe7e8bd59e1,true,2015-12-30 00:00:00.000000,,,
e0627fe3-dcac-42ab-ba49-6e11332d5982,c74c9d0f-f206-11e4-8330-24be05e24f7e,true,892189e9-d712-4bdb-afa7-1ccab43fbed4,257a305e-4dd3-41f1-9824-dfe7e8bd59e1,true,2016-01-10 00:00:00.000000,,,
3df298c2-1be2-4c7e-b172-a76b551bef84,cc040aa1-f206-11e4-a3e0-24be05e24f7e,true,2323b76a-db98-4e03-aa37-e171cfbdd1a4,257a305e-4dd3-41f1-9824-dfe7e8bd59e1,true,2016-04-05 00:00:00.000000,,,
eeaeffc6-8410-4256-9931-36d9094b6f95,cd844200-f206-11e4-9393-24be05e24f7e,true,2323b76a-db98-4e03-aa37-e171cfbdd1a4,257a305e-4dd3-41f1-9824-dfe7e8bd59e1,true,2016-04-11 00:00:00.000000,,,
58db03e3-8bb7-47d5-90ea-90c510dea10a,c7edbf0f-f206-11e4-aa52-24be05e24f7e,true,f72e0ef0-7c4a-4307-af78-8e38dac3fdba,1e473914-46e4-408d-af26-178fb115de76,true,2016-01-17 00:00:00.000000,,,
877e41b5-25da-4e1b-a1d7-f1601b588bb4,cdb934b0-f206-11e4-8810-24be05e24f7e,true,2323b76a-db98-4e03-aa37-e171cfbdd1a4,257a305e-4dd3-41f1-9824-dfe7e8bd59e1,true,2016-04-17 00:00:00.000000,,,
f1674c39-4ebd-4224-9367-8c9503ced4ca,c7edbf0f-f206-11e4-aa52-24be05e24f7e,true,f72e0ef0-7c4a-4307-af78-8e38dac3fdba,1e473914-46e4-408d-af26-178fb115de76,true,2016-03-16 00:00:00.000000,,,
c8105559-b3db-40d1-86a2-399708205549,ce89a40f-f206-11e4-b83f-24be05e24f7e,true,892189e9-d712-4bdb-afa7-1ccab43fbed4,257a305e-4dd3-41f1-9824-dfe7e8bd59e1,true,2016-05-06 00:00:00.000000,,,
0984c5c7-01d6-4c5a-b334-7f66b6d27b7f,c8d69870-f206-11e4-b477-24be05e24f7e,true,b50c4dc2-6c86-4d79-aa8a-23a65da292c6,f6de5351-3797-41e9-8053-7fb111a3a1a0,true,2016-01-21 00:00:00.000000,,,
72108228-0236-4298-8b0a-4627b01362eb,c93d708f-f206-11e4-a815-24be05e24f7e,true,0e39ead4-383b-4452-bbd4-babb7becd82e,42f97cca-2cb4-497a-a0fd-ceef1ba46bcc,true,2016-02-09 00:00:00.000000,,,
49880005-95f2-460c-98c5-310d269b4033,c96ff240-f206-11e4-b581-24be05e24f7e,true,b50c4dc2-6c86-4d79-aa8a-23a65da292c6,f6de5351-3797-41e9-8053-7fb111a3a1a0,true,2016-02-20 00:00:00.000000,,,
2f7d664b-7585-446c-82f7-438681e3d021,c7edbf0f-f206-11e4-aa52-24be05e24f7e,true,f72e0ef0-7c4a-4307-af78-8e38dac3fdba,1e473914-46e4-408d-af26-178fb115de76,true,2016-03-28 00:00:00.000000,,,
051790dd-9f52-4acc-9fe7-0f6f425f5ae9,cb914b9e-f206-11e4-b447-24be05e24f7e,true,2323b76a-db98-4e03-aa37-e171cfbdd1a4,257a305e-4dd3-41f1-9824-dfe7e8bd59e1,true,2016-05-23 00:00:00.000000,,,
d3bb74c8-26dc-4149-95b4-f40a299e152f,c7edbf0f-f206-11e4-aa52-24be05e24f7e,true,f72e0ef0-7c4a-4307-af78-8e38dac3fdba,1e473914-46e4-408d-af26-178fb115de76,true,2016-01-16 00:00:00.000000,,,
c62bd97c-9510-4e46-b27c-b51e5aac7434,c96ff240-f206-11e4-b581-24be05e24f7e,true,b50c4dc2-6c86-4d79-aa8a-23a65da292c6,f6de5351-3797-41e9-8053-7fb111a3a1a0,true,2016-02-05 00:00:00.000000,,,
09c83432-2a29-4e9c-ba4c-52938c727ca7,c96ff240-f206-11e4-b581-24be05e24f7e,true,b50c4dc2-6c86-4d79-aa8a-23a65da292c6,f6de5351-3797-41e9-8053-7fb111a3a1a0,true,2016-04-27 00:00:00.000000,,,
4a79d75f-6366-4101-897f-ac2a3618d3bd,c7edbf0f-f206-11e4-aa52-24be05e24f7e,true,f72e0ef0-7c4a-4307-af78-8e38dac3fdba,1e473914-46e4-408d-af26-178fb115de76,true,2016-01-08 00:00:00.000000,,,
5ebd1e55-ca74-4e90-8378-ff08c312462d,ca737f8f-f206-11e4-a7e2-24be05e24f7e,,2323b76a-db98-4e03-aa37-e171cfbdd1a4,257a305e-4dd3-41f1-9824-dfe7e8bd59e1,,2016-01-22 00:00:00.000000,,,54075ce5-3277-4cc5-b3b5-022b4031b3fe
1a6678fb-3c98-4133-a82a-3bd0368247ee,c7edbf0f-f206-11e4-aa52-24be05e24f7e,true,f72e0ef0-7c4a-4307-af78-8e38dac3fdba,1e473914-46e4-408d-af26-178fb115de76,true,2015-12-15 00:00:00.000000,,,3083ada3-1de7-46c7-8f28-bf9a3bcc2f40
7b3a8c4d-78d2-4f16-954b-9fa482f8c990,cb914b9e-f206-11e4-b447-24be05e24f7e,true,2323b76a-db98-4e03-aa37-e171cfbdd1a4,257a305e-4dd3-41f1-9824-dfe7e8bd59e1,true,2016-04-03 00:00:00.000000,,,f997924c-9b41-422b-86e4-cd52b959bea7
88262073-59b2-4e98-82f9-8104685545ea,c7edbf0f-f206-11e4-aa52-24be05e24f7e,true,f72e0ef0-7c4a-4307-af78-8e38dac3fdba,1e473914-46e4-408d-af26-178fb115de76,true,2016-01-22 00:00:00.000000,,,7248ebbd-cd40-4563-863f-053004074973
fa0d0f4c-b901-438c-80be-d2eef01c3ba3,c74c9d0f-f206-11e4-8330-24be05e24f7e,true,0bcf2be1-3168-4e42-9fb5-3551d7dbce77,65f033d2-1303-4748-bc26-ef62c38eced4,true,2015-12-02 00:00:00.000000,,,46e880fc-209a-4a5d-a8fd-ed119bd4cfaa
fe0f5c92-8239-491f-a1c6-74f7b84fe8a7,c7805740-f206-11e4-982c-24be05e24f7e,true,355dc154-9809-4edb-8ed4-fff910c6ae9c,dda182c5-4b50-4a0f-86f3-fcb5e0db4df3,true,2016-03-16 00:00:00.000000,,,b7ddf39c-f6e6-4c77-8037-faad1e462880
83ed8e42-6538-474a-aa40-494f9847fa7c,c7805740-f206-11e4-982c-24be05e24f7e,true,355dc154-9809-4edb-8ed4-fff910c6ae9c,dda182c5-4b50-4a0f-86f3-fcb5e0db4df3,true,2016-03-07 00:00:00.000000,,,b7ddf39c-f6e6-4c77-8037-faad1e462880
50eb4695-d22e-4298-8c66-8f908687ce4c,cc74f4e1-f206-11e4-ad66-24be05e24f7e,true,c98949ae-60a8-43dc-85d7-0feb0b92e719,a2949322-dc84-45ab-8454-cf94fb28c189,true,2016-03-27 00:00:00.000000,,,54e0eda8-c71a-47dc-bfab-912d0e75161b
b1147e44-f28d-4642-b508-b1b2b4df163a,c7edbf0f-f206-11e4-aa52-24be05e24f7e,true,f72e0ef0-7c4a-4307-af78-8e38dac3fdba,1e473914-46e4-408d-af26-178fb115de76,true,2016-02-13 00:00:00.000000,,,1491136a-b51e-4392-8b2f-affe46d95b52
ce19b689-1f56-48a9-83a8-d6c9fac8327f,c7edbf0f-f206-11e4-aa52-24be05e24f7e,true,f72e0ef0-7c4a-4307-af78-8e38dac3fdba,1e473914-46e4-408d-af26-178fb115de76,true,2016-05-01 00:00:00.000000,,,595ef619-c686-444e-b73a-665a9d33af45
dee16b93-bd84-4fa6-9eec-c336a58e1d6f,c7edbf0f-f206-11e4-aa52-24be05e24f7e,true,f72e0ef0-7c4a-4307-af78-8e38dac3fdba,1e473914-46e4-408d-af26-178fb115de76,true,2015-12-23 00:00:00.000000,,,cda95cfb-8ffd-4b83-98f3-4b082c07df3a
6453ff59-36f2-4fac-8112-d057c62a4dee,c74c9d0f-f206-11e4-8330-24be05e24f7e,true,0bcf2be1-3168-4e42-9fb5-3551d7dbce77,b45854a7-e6e1-4a9c-9104-139934511779,true,2015-12-13 00:00:00.000000,,,3dafe0fd-4d8e-4d10-9cbd-1e8d22d4b3b5
13d41577-b582-403e-9a29-29e8990add94,c7edbf0f-f206-11e4-aa52-24be05e24f7e,true,f72e0ef0-7c4a-4307-af78-8e38dac3fdba,1e473914-46e4-408d-af26-178fb115de76,true,2016-02-07 00:00:00.000000,,,
bc1d2185-2e00-40cc-bd04-98ac47e16238,c8d69870-f206-11e4-b477-24be05e24f7e,false,14bdff11-2742-486b-b26a-4255b137752f,dfd51ee3-9060-46c3-b131-08d946c4c7b9,true,2016-04-16 00:00:00.000000,,,
b3dea84b-ee33-4422-8e2e-3646f72b7c8a,c7edbf0f-f206-11e4-aa52-24be05e24f7e,true,f72e0ef0-7c4a-4307-af78-8e38dac3fdba,1e473914-46e4-408d-af26-178fb115de76,true,2016-03-27 00:00:00.000000,,,
122bc09d-300f-4f99-9c43-4034742f3361,c7edbf0f-f206-11e4-aa52-24be05e24f7e,true,f72e0ef0-7c4a-4307-af78-8e38dac3fdba,1e473914-46e4-408d-af26-178fb115de76,true,2016-02-13 00:00:00.000000,,,011eaa34-3f05-4801-8f8f-38d21f6aba83
92e9322f-bca5-461e-8479-a281acbf2684,cae999f0-f206-11e4-9835-24be05e24f7e,true,0e39ead4-383b-4452-bbd4-babb7becd82e,42f97cca-2cb4-497a-a0fd-ceef1ba46bcc,true,2015-11-04 00:00:00.000000,,,
8eb5e36d-1d1c-4cc1-8cef-35e4476c554a,cdb934b0-f206-11e4-8810-24be05e24f7e,true,892189e9-d712-4bdb-afa7-1ccab43fbed4,257a305e-4dd3-41f1-9824-dfe7e8bd59e1,true,2016-02-20 00:00:00.000000,,,5a14bd63-e37a-4f3f-a0ad-5f98cf13ec42
a54e0ce5-f115-40c8-a27d-58728628f329,c7edbf0f-f206-11e4-aa52-24be05e24f7e,true,f72e0ef0-7c4a-4307-af78-8e38dac3fdba,1e473914-46e4-408d-af26-178fb115de76,true,2015-12-15 00:00:00.000000,,,
eae597b6-b3ba-44a6-afdf-c3bc519a3ceb,c7805740-f206-11e4-982c-24be05e24f7e,true,355dc154-9809-4edb-8ed4-fff910c6ae9c,dda182c5-4b50-4a0f-86f3-fcb5e0db4df3,true,2016-02-27 00:00:00.000000,,,
43c9726a-2ae9-4c2a-915a-f64df59586ed,ca737f8f-f206-11e4-a7e2-24be05e24f7e,true,2323b76a-db98-4e03-aa37-e171cfbdd1a4,257a305e-4dd3-41f1-9824-dfe7e8bd59e1,true,2016-04-05 00:00:00.000000,,,
6e66fd6b-efe1-453a-a04b-a8c657544ece,c96ff240-f206-11e4-b581-24be05e24f7e,true,b50c4dc2-6c86-4d79-aa8a-23a65da292c6,f6de5351-3797-41e9-8053-7fb111a3a1a0,true,2016-01-21 00:00:00.000000,,,
5db57782-f10a-4923-85b2-a92120d1c482,cae999f0-f206-11e4-9835-24be05e24f7e,true,0e39ead4-383b-4452-bbd4-babb7becd82e,42f97cca-2cb4-497a-a0fd-ceef1ba46bcc,true,2016-02-09 00:00:00.000000,,,
cbda43a4-9621-4bd9-9727-bead0ca5b60a,cb251c51-f206-11e4-8541-24be05e24f7e,true,b50c4dc2-6c86-4d79-aa8a-23a65da292c6,f6de5351-3797-41e9-8053-7fb111a3a1a0,true,2016-02-20 00:00:00.000000,,,
ab700de6-b357-4dff-bbce-ca926297c963,cb251c51-f206-11e4-8541-24be05e24f7e,true,b50c4dc2-6c86-4d79-aa8a-23a65da292c6,f6de5351-3797-41e9-8053-7fb111a3a1a0,true,2016-04-27 00:00:00.000000,,,
80899ded-9989-4315-93b7-f326d9660f01,c7805740-f206-11e4-982c-24be05e24f7e,true,0bcf2be1-3168-4e42-9fb5-3551d7dbce77,b45854a7-e6e1-4a9c-9104-139934511779,true,2015-12-02 00:00:00.000000,,,a72c6f2e-9972-4a21-882e-775c92059f23
f4a04239-c058-4f9a-a6d8-c5b12aa352db,c7edbf0f-f206-11e4-aa52-24be05e24f7e,true,f72e0ef0-7c4a-4307-af78-8e38dac3fdba,1e473914-46e4-408d-af26-178fb115de76,true,2015-12-24 00:00:00.000000,,,ec3eef73-13e3-4d4b-a922-cc195109a842
79beb8fc-0b6e-4f40-a243-50768b2f6e3c,cb914b9e-f206-11e4-b447-24be05e24f7e,true,2323b76a-db98-4e03-aa37-e171cfbdd1a4,257a305e-4dd3-41f1-9824-dfe7e8bd59e1,true,2016-03-13 00:00:00.000000,,,f997924c-9b41-422b-86e4-cd52b959bea7
1c0f269e-70a3-4ec6-8089-fbea691e8a5f,c7edbf0f-f206-11e4-aa52-24be05e24f7e,true,f72e0ef0-7c4a-4307-af78-8e38dac3fdba,1e473914-46e4-408d-af26-178fb115de76,true,2016-03-16 00:00:00.000000,,,76455b18-6c58-4418-b442-7cfedea0439f
28ea8af4-472f-4e91-9fe7-512e05e2378b,c74c9d0f-f206-11e4-8330-24be05e24f7e,true,0bcf2be1-3168-4e42-9fb5-3551d7dbce77,65f033d2-1303-4748-bc26-ef62c38eced4,true,2015-12-13 00:00:00.000000,,,3a22d98b-b871-46ee-b57e-0f8c66451440
708c894b-f81f-4275-8ec9-abec4ae16356,c7edbf0f-f206-11e4-aa52-24be05e24f7e,true,f72e0ef0-7c4a-4307-af78-8e38dac3fdba,1e473914-46e4-408d-af26-178fb115de76,true,2016-01-16 00:00:00.000000,,,b0fbb56f-c5ef-4eb4-bf43-d00d1618f34d
cf482c5f-4eef-4e11-9eb8-18ef2d9296c1,c7edbf0f-f206-11e4-aa52-24be05e24f7e,true,f72e0ef0-7c4a-4307-af78-8e38dac3fdba,1e473914-46e4-408d-af26-178fb115de76,true,2016-03-07 00:00:00.000000,,,efc8e4f1-78b4-4e2d-afd7-971b4e14872a
9295921a-679b-4410-9251-7d6a0a6fb2fd,c74c9d0f-f206-11e4-8330-24be05e24f7e,false,7b7e892c-d9b7-4b03-bef8-c6a071df28ef,257a305e-4dd3-41f1-9824-dfe7e8bd59e1,true,2015-11-26 00:00:00.000000,,,7651fb3f-5289-400b-aae7-e72cd11d4280
c979fc8a-dc90-496b-b421-a9729ad9ddfe,cdb934b0-f206-11e4-8810-24be05e24f7e,true,d21c8381-26f1-4d65-832a-ef9fa0854eb5,a2949322-dc84-45ab-8454-cf94fb28c189,true,2016-02-21 00:00:00.000000,,,9644df5f-de92-458a-94e8-fa40e5451eaa
920b38ab-2e22-4150-be24-61fa6cfdce65,c7edbf0f-f206-11e4-aa52-24be05e24f7e,true,f72e0ef0-7c4a-4307-af78-8e38dac3fdba,1e473914-46e4-408d-af26-178fb115de76,true,2015-12-23 00:00:00.000000,,,ec3eef73-13e3-4d4b-a922-cc195109a842
3ef1b381-2875-4f9e-bc5c-322990f7e23f,c7edbf0f-f206-11e4-aa52-24be05e24f7e,true,f72e0ef0-7c4a-4307-af78-8e38dac3fdba,1e473914-46e4-408d-af26-178fb115de76,true,2016-01-03 00:00:00.000000,,,b0fbb56f-c5ef-4eb4-bf43-d00d1618f34d
205d58cc-9c95-45e3-87cf-2fad011ac60b,cdee4e70-f206-11e4-87a2-24be05e24f7e,false,d0766624-dbd7-4536-ba39-2d890a6143a9,257a305e-4dd3-41f1-9824-dfe7e8bd59e1,true,2015-12-20 00:00:00.000000,,,33ab0bf5-505d-43bf-9e26-60b62fb0260a
adaa9eee-3bc7-48a9-b90b-53b7cbaa7a98,c7edbf0f-f206-11e4-aa52-24be05e24f7e,true,f72e0ef0-7c4a-4307-af78-8e38dac3fdba,1e473914-46e4-408d-af26-178fb115de76,true,2016-01-08 00:00:00.000000,,,9b1c13eb-5ca8-4695-b0da-3fe4859972b1
